company,total_sites,inspected,inspector_problem,silt,inlet,gravel,veg,general,enforced,problem_no_enforcement
ALABAMA DEPARTMENT OF TRANSPORTATION,924,180,119,18,13,3,21,109,23,109
ALABAMA POWER COMPANY,631,73,57,11,6,4,21,47,8,51
BROADWAY GROUP LLC THE,535,408,313,29,10,20,49,289,45,282
DR HORTON INC,506,321,220,91,80,31,65,183,99,150
MOBILE COUNTY COMMISSION,187,135,47,3,4,5,4,47,28,39
BELLSOUTH COMMUNICATIONS INC,176,23,19,0,0,0,1,19,1,18
HUNTSVILLE CITY OF,140,75,50,0,0,0,0,50,9,43
ADAMS HOMES LLC,111,97,68,31,26,11,13,63,33,43
TENNESSEE VALLEY AUTHORITY,95,26,21,0,0,0,0,21,1,21
BALDWIN COUNTY COMMISSION,86,58,52,18,12,6,18,49,16,37
LENNAR HOMES OF ALABAMA LLC,83,35,17,5,3,1,3,17,9,14
BRASFIELD AND GORRIE LLC,66,23,16,0,3,1,2,13,4,13
SPIRE ALABAMA INC,65,8,7,1,1,0,2,5,1,6
DSLD HOMES GULF COAST LLC,64,52,39,25,19,14,16,31,18,25
U S ARMY,63,3,1,0,0,0,1,0,1,1
GRAYSON CARTER AND SON CONTRACTING INC,62,19,14,1,0,1,1,13,3,12
TRULAND HOMES LLC,61,52,45,33,21,18,8,38,12,34
MOBILE CITY OF,57,28,7,0,1,1,1,6,4,6
AUBURN UNIVERSITY,53,16,4,0,1,0,0,3,5,4
LEGACY NEW HOMES LLC,50,13,0,0,0,0,0,0,4,0
JACKS FAMILY RESTAURANTS LP,47,29,17,2,0,0,1,17,4,14
POWERSOUTH ENERGY COOPERATIVE INC,46,18,10,0,2,1,1,9,1,9
CHICK FIL A INC,46,27,15,1,2,1,2,14,2,15
DAVIDSON HOMES LLC,46,26,11,1,0,0,1,11,14,4
MADISON COUNTY COMMISSION,45,22,18,3,1,0,2,18,5,15
BIRMINGHAM CITY OF,42,24,23,3,5,0,8,20,5,18
JEFFERSON COUNTY COMMISSION,41,19,17,6,4,2,7,14,2,15
REED CONTRACTING SERVICES INC,41,14,7,0,0,0,0,7,2,7
WIREGRASS CONSTRUCTION CO INC,40,8,5,1,0,1,2,4,2,3
UNIVERSITY OF ALABAMA,39,8,5,2,1,0,1,5,0,5
XXX,39,33,24,6,3,2,3,22,13,16
TUSCALOOSA CITY OF,38,9,9,0,1,0,2,9,0,9
VALOR COMMUNITIES LLC,38,8,6,0,4,0,4,4,3,3
W S NEWELL AND SONS INC,37,19,5,0,0,0,1,5,6,3
ATHENS CITY OF,37,28,21,2,0,0,1,21,6,17
TUSCALOOSA COUNTY COMMISSION,34,6,4,4,1,0,3,3,3,1
SDH ALABAMA LLC,34,17,13,5,7,1,10,9,7,7
MCDONALDS USA LLC,33,27,18,1,2,0,2,16,4,17
CAMPBELL AND MANCE RESOURCES LLC,33,23,17,1,1,0,0,17,7,12
TCC INC,32,13,4,1,0,2,2,1,3,4
GFC CONSTRUCTION INC,32,9,8,3,2,0,5,8,2,6
LEE COUNTY COMMISSION,32,13,8,0,0,0,0,8,1,8
DOTHAN CITY OF,31,13,4,1,1,0,1,3,6,2
CSX TRANSPORTATION INC,31,4,2,0,0,0,0,2,1,2
ENGINEERED SYSTEMS INC,31,17,6,1,1,1,2,5,6,4
DPG SINGLE TENANT LLC,31,21,11,2,2,0,3,8,2,10
ELMORE COUNTY COMMISSION,30,13,4,2,1,3,3,3,8,2
BALDWIN COUNTY BOARD OF EDUCATION,30,26,24,7,4,3,5,21,7,17
CULLMAN CITY OF,29,18,12,1,0,0,2,12,3,10
CIRCLE K STORES INC,29,20,14,0,0,1,1,14,3,13
COLONY HOMES LLC,28,24,20,12,12,6,3,20,10,10
MADISON CITY OF,28,16,9,2,0,0,1,9,4,8
FOLEY CITY OF,28,19,12,6,2,4,4,8,3,9
TRANSCONTINENTAL GAS PIPE LINE CO LLC,27,7,6,0,0,0,0,6,0,6
OPELIKA CITY OF,26,15,3,1,0,0,1,2,5,2
PUBLIX SUPER MARKET,26,21,15,3,2,4,5,13,7,10
TARA LEASING AND SALES INC,26,8,2,1,0,1,1,1,3,1
PRICE CONSTRUCTION COMPANY INC,26,4,2,0,0,0,1,2,0,2
AUBURN CITY OF,26,4,0,0,0,0,0,0,2,0
CHAD STEARNS BUILDER LLC,26,8,1,0,0,0,0,1,4,0
BAILEY HARRIS CONSTRUCTION COMPANY INC,26,17,7,3,3,0,4,5,8,2
RLH CONSTRUCTION INC,25,16,8,1,1,1,1,7,5,6
FITE BUILDING COMPANY INC,24,18,13,1,0,0,1,12,4,10
LIMESTONE CO WATER AND SEWER AUTHORITY,24,18,13,0,0,0,0,13,1,12
MONTGOMERY CITY OF,24,11,6,3,2,1,3,6,1,6
CARCEL AND G CONSTRUCTION LLC,24,11,7,1,0,0,1,6,1,7
WIREGRASS CONSTRUCTION COMPANY INC,24,9,5,0,0,0,0,5,1,5
BRELAND HOMES LLC,23,16,12,1,3,0,2,12,7,6
CLAYTON PROPERTIES GROUP INC,23,11,8,3,2,1,3,6,6,3
UNIVERSITY OF SOUTH ALABAMA,23,17,5,0,0,0,0,5,0,5
FIBER UTILITY NETWORK INC,23,1,1,0,0,0,0,1,0,1
AMASON AND ASSOCIATES INC,22,7,3,1,0,0,2,2,1,3
B L HARBERT INTERNATIONAL LLC,22,8,5,0,1,0,2,5,1,4
SHELBY COUNTY COMMISSION,22,10,8,3,1,0,3,8,1,7
CALHOUN COUNTY COMMISSION,21,7,6,0,0,0,3,5,0,6
CHAMBERS COUNTY COMMISSION,21,9,8,0,0,1,1,7,2,7
MARSHALL DESIGN BUILD LLC,21,12,4,0,0,0,0,4,1,3
SPEEDWAY LLC,21,13,7,2,0,1,1,6,2,6
TRANSCONTINENTAL GAS PIPE LINE COMPANY LLC,21,4,2,0,0,0,0,2,0,2
DALLAS COUNTY COMMISSION,20,13,10,0,0,0,0,10,1,10
DAPHNE CITY OF,20,17,16,3,2,1,1,13,2,14
TRULAND HOMES INC,20,19,17,11,11,8,5,14,9,10
FLORENCE CITY OF,20,15,12,0,0,1,2,12,2,11
GULF SHORES CITY OF,20,14,11,4,2,0,5,10,2,9
RUSSELL CONSTRUCTION OF ALABAMA INC,20,13,3,3,2,1,3,3,6,1
VALLEY CITY OF,20,2,0,0,0,0,0,0,1,0
GRANTS MILL LLC,20,12,12,3,4,1,5,8,5,7
CUNNINGHAM DELANEY CONSTRUCTION LLC,20,15,13,5,2,2,7,10,7,6
PRICE CIVIL SERVICES INC,20,1,1,0,0,0,1,1,1,0
DG HOLDINGS LLC,20,10,8,2,0,0,2,6,0,8
ALABAMA DEPARTMENT OF CONSERVATION,19,11,9,1,0,0,2,8,3,6
ETOWAH COUNTY COMMISSION,19,8,8,1,1,0,0,8,1,7
LAMBERT INC,19,12,9,0,0,0,0,9,2,8
RACETRAC PETROLEUM INC,19,16,13,0,0,0,2,12,2,12
BEASLEY CONSTRUCTION SERVICES INC,19,8,3,1,1,1,1,1,3,1
LEE BUILDERS INC,19,13,10,1,0,1,0,10,0,10
TACALA LLC,19,11,7,0,1,0,1,6,2,7
FAIRHOPE CITY OF,18,16,16,4,4,1,6,14,1,15
GOODWYN BUILDING CO INC,18,8,5,2,2,2,3,3,6,1
TROY CITY OF,18,10,6,3,2,3,4,4,7,1
WOODWARD CONSTRUCTION AND DESIGN INC,18,9,5,1,0,0,0,5,2,3
FIRST TEAM CONSTRUCTION INC,18,10,7,1,1,0,1,7,2,6
MOBILE AIRPORT AUTHORITY,18,6,4,0,1,1,1,4,4,0
PRATTVILLE CITY OF,18,9,4,0,1,2,2,3,3,2
BROADWAY GROUP LLC,18,15,14,0,0,3,3,13,3,12
AMMONS AND BLACKMON CONSTRUCTION LLC,18,15,14,4,1,3,3,14,8,6
DECATUR CITY OF UTILITIES BOARD,17,14,14,0,0,0,0,14,0,14
PINE BELT TELEPHONE COMPANY INC,17,1,1,0,0,0,0,1,0,1
TUSCALOOSA COUNTY BOARD OF EDUCATION,17,3,3,1,1,0,3,2,2,1
JOHN PLOTT COMPANY INC,17,5,1,1,0,0,1,0,0,1
SMART LIVING LLC,17,15,12,2,4,3,4,10,8,4
GADSDEN CITY OF,17,8,7,0,0,0,0,7,0,7
RACETRAC INC,17,13,9,2,0,0,2,8,1,9
BAILEY HARRIS CONSTRUCTION CO INC,16,11,6,4,2,2,5,3,6,2
DECATUR CITY OF,16,13,12,0,0,0,0,12,2,10
DILTINA DEVELOPMENT CORPORATION,16,7,4,0,0,0,0,4,1,4
HOOVER CITY OF,16,5,5,2,2,2,2,4,1,4
AUTAUGA COUNTY COMMISSION,16,10,4,0,0,0,0,4,2,4
ORANGE BEACH CITY OF,16,6,3,1,1,0,2,2,0,3
ROBERTSDALE CITY OF,16,10,8,2,3,1,2,7,3,5
GOODWYN BUILDING COMPANY INC,16,10,4,2,1,0,3,3,5,2
MD REAL ESTATE HOLDINGS LLC,16,4,3,2,1,0,1,2,3,1
JEFFERSON COUNTY BOARD OF EDUCATION,16,4,4,0,3,0,4,3,3,1
WAVERLY CONSTRUCTION OF ALABAMA LLC,16,11,8,3,2,1,1,8,5,4
BENCHMARK HOMES GROUP LLC,16,15,12,7,4,6,1,9,7,6
HONS BUILDERS INC,15,14,13,3,8,2,3,12,6,7
BOAN CONTRACTING COMPANY INC,15,2,1,0,0,0,0,1,0,1
GOODGAME COMPANY INC,15,8,7,1,2,0,2,6,1,6
HOUSTON COUNTY COMMISSION,15,5,5,0,1,1,2,3,3,2
SDH BIRMINGHAM LLC,15,8,7,1,3,0,3,7,3,4
KEEL CONSTRUCTION INC,15,8,2,0,0,0,0,2,3,2
MARONDA HOMES LLC OF ALABAMA,15,13,11,1,0,0,0,11,0,11
BLALOCK BUILDING COMPANY INC,14,8,5,1,1,0,2,5,3,3
C S BEATTY CONSTRUCTION INC,14,6,4,2,1,0,2,3,3,2
GENEVA COUNTY COMMISSION,14,7,1,1,0,1,1,0,4,0
NEWELL ROADBUILDERS INC,14,4,2,0,0,0,2,1,2,0
RABREN GENERAL CONTRACTORS INC,14,9,6,2,3,3,3,3,5,3
S A GRAHAM COMPANY INC,14,5,2,0,1,0,1,1,3,1
ALABASTER CITY OF,14,7,5,2,2,2,4,5,1,4
ALEXANDER CITY CITY OF,14,6,3,1,0,0,1,2,5,1
CONCORD LAND DEVELOPMENT,14,8,5,0,0,0,0,5,4,2
DANNY CLEMENTS BUILDER INC,14,12,5,0,1,0,2,3,4,3
MURPHY OIL USA INC,14,11,6,0,1,0,0,6,0,6
NORFOLK SOUTHERN RAILWAY COMPANY,14,3,1,0,0,0,0,1,0,1
RUSSO CORPORATION,14,5,4,1,2,0,1,3,1,4
HOLLAND HOMES LLC,14,6,2,0,0,1,1,1,2,1
RYAN SHIRLEY INC,14,7,2,1,1,0,2,2,1,1
CENTENNIAL HOMES LLC,14,1,1,1,0,0,1,0,1,0
DUBOSE CONSTRUCTION COMPANY LLC,13,8,5,1,2,2,3,2,5,1
EDGAR HUGHSTON BUILDER INC,13,7,5,2,3,1,3,4,4,2
EIDSON AND ASSOCIATES INC,13,10,6,1,0,1,2,6,3,4
LUMPKIN DEVELOPMENT,13,12,11,2,1,0,8,9,5,6
MORGAN COUNTY COMMISSION,13,11,9,2,0,0,1,9,3,7
STONE MARTIN BUILDERS LLC,13,11,2,1,1,1,2,1,4,1
BIRMINGHAM AIRPORT AUTHORITY,13,1,0,0,0,0,0,0,0,0
LIMESTONE COUNTY COMMISSION,13,11,8,1,1,0,0,8,2,6
PHENIX CITY CITY OF,13,9,5,1,1,0,1,4,3,3
ST CLAIR COUNTY COMMISSION,13,8,8,0,0,0,2,8,2,6
WHALEY CONSTRUCTION CO INC,13,12,6,1,2,2,4,6,5,3
WILCOX COUNTY COMMISSION,13,2,1,0,0,0,0,1,0,1
MUSCLE SHOALS CITY OF,13,7,7,0,0,0,0,7,0,7
WESTERN REI LLC,13,9,9,5,3,3,8,6,6,3
GAME DAY ATHLETIC SURFACES INC,13,10,10,1,0,0,1,10,1,9
OREILLY AUTOMOTIVE STORES INC,13,12,9,0,0,0,1,9,0,9
EDDIE LUMPKIN,13,11,11,5,4,1,9,7,4,7
DOUBLEHEAD PROPERTIES LLC,13,5,2,0,0,0,0,2,2,1
QUIKTRIP CORPORATION,13,9,9,2,1,0,1,8,3,6
ADAMS HOMES,12,11,9,3,5,2,1,9,5,4
BEN M RADCLIFF CONTRACTOR INC,12,6,3,0,0,0,0,3,1,3
BENCHMARK HOMES INC,12,12,9,2,3,3,3,9,5,6
GRADY RALLS AND SONS INC,12,8,3,2,0,0,0,3,3,1
OXFORD CITY OF,12,5,5,2,1,1,4,4,1,4
WAL MART STORES EAST LP,12,6,6,1,0,0,1,6,1,5
BIRMINGHAM LD LLC,12,6,5,2,3,0,5,4,3,2
DOMINION CONSTRUCTION CO INC,12,4,3,2,0,0,1,2,2,1
MAPCO EXPRESS INC,12,11,10,2,1,0,1,10,1,10
TRUSSVILLE CITY OF,12,5,5,1,2,0,2,5,2,3
DILTINA DEVELOPMENT INC,12,8,6,1,1,0,0,6,1,6
VALERE LLC,12,12,9,5,2,1,2,9,4,5
WEBB BUILDERS INC,12,10,2,0,0,0,1,2,3,1
SUMMIT STRUCTURES INC,12,7,4,2,0,0,0,3,0,4
STREAMLINE ENVIRONMENTAL LLC,12,5,4,0,0,0,2,3,1,4
JS BUILDING COMPANY INC,12,7,4,0,0,0,0,4,0,4
BLANKENSHIP CONTRACTING INC,11,4,1,0,1,0,0,1,2,1
CENTRAL ALABAMA ELECTRIC COOPERATIVE,11,4,1,0,0,0,0,1,0,1
DOSTER CONSTRUCTION COMPANY INC,11,4,1,0,0,0,0,1,1,1
GEORGIA PACIFIC NAHEOLA LLC,11,0,0,0,0,0,0,0,0,0
GRAYHAWK HOMES INC,11,9,5,2,2,1,3,5,5,2
JASPER CITY OF,11,9,9,1,1,0,2,8,4,5
MARK DAVIS CONSTRUCTION INC,11,5,2,0,0,0,1,1,1,2
TALLADEGA COUNTY COMMISSION,11,2,2,0,0,0,0,2,0,2
WHITE SPUNNER CONSTRUCTION INC,11,8,2,1,1,0,1,2,0,2
ARMORY COMMISSION OF ALABAMA,11,4,3,0,0,0,0,3,1,3
BOAN CONTRACTING CO INC,11,3,0,0,0,0,0,0,0,0
BRELAND HOMES COASTAL LLC,11,11,11,5,2,5,3,8,4,7
CHILTON CONTRACTORS INC,11,3,3,1,1,0,0,2,0,3
DEVELOPMENT CONSULTING INC,11,10,6,1,1,3,2,2,2,4
HOAR CONSTRUCTION LLC,11,4,4,1,2,0,1,3,1,3
KYKENKEE INC,11,4,3,0,0,0,2,3,0,3
LAGASSE CONSTRUCTION COMPANY INC,11,4,2,0,0,0,0,2,3,1
LIMITLESS BY TRULAND HOMES LLC,11,10,8,8,6,5,2,6,2,6
LUXURY LIVING BUILDERS INC,11,9,9,5,2,1,1,8,3,6
MING ENTERPRISES LLC,11,11,7,1,0,0,0,7,2,5
MOBILE CITY OF BD WATER AND SEWER COMMMISSIONERS,11,2,0,0,0,0,0,0,1,0
SUMTER COUNTY COMMISSION,11,2,2,0,0,0,0,2,0,2
ENTERPRISE CITY OF,11,5,1,0,1,1,0,0,3,0
WHATABURGER REAL ESTATE LLC,11,10,9,2,1,0,0,8,0,9
LAKE MARTIN BUILDERS LLC,11,4,0,0,0,0,0,0,1,0
SOUTHERN NATURAL GAS COMPANY LLC,11,1,0,0,0,0,0,0,0,0
EXPRESS OIL CHANGE LLC,11,8,4,0,0,0,0,4,2,4
DILTINA DEVELOPMENT CORP,10,9,7,0,3,0,0,7,5,2
HUFHAM FARRIS CONSTRUCTION LLC,10,5,3,1,1,0,1,2,1,2
JEFF BENTON HOMES,10,5,3,0,2,0,2,2,1,2
LOVES TRAVEL STOPS AND COUNTRY STORES INC,10,9,7,1,0,1,2,7,2,6
NORTHPORT CITY OF,10,3,1,1,0,0,1,0,0,1
POARCH BAND OF CREEK INDIANS,10,6,5,0,1,0,1,5,0,5
RANDOLPH COUNTY COMMISSION,10,3,3,0,0,0,0,3,0,3
RETIREMENT SYSTEMS OF ALABAMA,10,8,6,3,1,2,1,5,4,3
WASHINGTON COUNTY COMMISSION,10,10,7,0,0,0,0,7,6,2
CLEVELAND BROTHERS INC,10,4,2,1,0,1,2,0,3,1
CORNERSTONE CIVIL CONTRACTORS LLC,10,3,3,1,1,0,2,3,1,2
ENFINGER DEVELOPMENT,10,9,7,0,2,0,1,6,5,3
GRAYSON CARTER AND SON CONTRACTING,10,7,6,0,0,0,1,6,3,4
HARTSELLE CITY OF,10,7,6,0,0,0,0,6,1,5
M4 DEVELOPMENT LLC,10,9,2,0,1,0,1,2,5,1
ROGERS GROUP INC,10,6,3,0,0,0,0,3,0,3
UNIVERSITY OF NORTH ALABAMA,10,9,8,0,1,0,1,8,0,8
SARALAND CITY OF,10,6,4,1,1,1,1,4,2,3
SOUTHERN NATURAL GAS CO,10,2,1,0,0,0,0,1,0,1
UNIVERSITY OF ALABAMA AT BIRMINGHAM,10,2,2,0,0,0,0,2,0,2
WESTROCK COATED BOARD LLC,10,6,3,0,0,1,1,3,1,2
BRADFORD BUILDING COMPANY INC,10,7,5,0,3,0,2,5,2,3
DELTA LAND COMPANY LLC,10,7,2,1,1,1,2,2,5,1
FORESTRY ENVIRONMENTAL SERVICES INC,10,4,4,1,1,0,3,3,2,2
ALABAMA DEPARTMENT OF CONSERVATION AND NATURAL RESOURCES,10,6,4,1,0,0,0,4,1,3
DUNCAN AND THOMPSON CONSTRUCTION SERVICES LLC,10,8,7,0,0,0,1,7,0,7
AUTOZONE DEVELOPMENT LLC,10,7,6,0,0,0,0,6,1,5
J T HARRISON CONSTRUCTION CO INC,10,1,1,1,0,0,0,0,0,1
BOYD ENGINEERING LLC,10,5,3,1,1,0,2,2,3,1
HUNTSVILLE UTILITIES,10,0,0,0,0,0,0,0,0,0
DR HORTON INC BALDWIN DIVISION,10,8,6,2,1,0,0,5,1,5
ALABAMA GAS CORPORATION,9,2,2,0,0,0,0,2,0,2
APEL MACHINE AND SUPPLY CO INC,9,4,3,1,0,0,0,3,1,3
BIRMINGHAM CITY OF WATER WORKS SEWER BD,9,3,3,1,0,0,2,3,1,2
BOB MORROW CONSTRUCTION CO INC,9,8,2,1,0,0,2,1,2,1
BRELAND HOMES INC,9,4,1,0,0,0,1,1,1,0
DILWORTH DEVELOPMENT INC,9,6,1,0,0,0,0,1,3,1
F AND D ENTERPRISES INC,9,3,3,0,0,0,0,3,0,3
HILCORP ENERGY COMPANY,9,0,0,0,0,0,0,0,0,0
JOHNSONKREIS CONSTRUCTION CO INC,9,6,6,3,3,0,2,6,1,5
LAKE MARTIN SIGNATURE CONSTRUCTION LLC,9,2,1,0,0,0,0,1,0,1
LIBERTY PARK JOINT VENTURE LLP,9,6,3,1,3,0,2,3,2,1
LINCOLN CITY OF,9,4,4,0,2,0,3,4,3,1
TROY UNIVERSITY,9,6,1,0,0,1,1,1,3,0
WAR CONSTRUCTION INC,9,5,5,2,2,0,3,5,1,4
BILL YANCE CONSTRUCTION LLC,9,9,8,2,0,0,0,8,2,6
BOOS DEVELOPMENT GROUP INC,9,6,6,0,0,0,0,6,0,6
CIVILWORX CONSTRUCTION LLC,9,1,1,1,1,0,1,1,1,0
GARDENDALE CITY OF,9,4,4,0,0,0,0,4,0,4
MOUNTAIN BROOK CITY OF,9,3,3,0,0,0,0,3,0,3
SAMFORD UNIVERSITY,9,1,1,1,0,0,1,1,0,1
SCF ERECTIONS LLC,9,6,5,0,0,1,3,2,1,4
VESTAVIA HILLS CITY OF,9,7,6,1,2,0,1,6,1,5
ALABAMA RIVER CELLULOSE LLC,9,5,3,0,0,0,0,3,0,3
BELL CONTRACTING LLC,9,4,0,0,0,0,0,0,0,0
INCO GROUP LLC,9,4,1,1,0,1,0,0,0,1
MOBILE AREA WATER AND SEWER SYSTEM,9,2,0,0,0,0,0,0,1,0
BAY MINETTE CITY OF,9,5,3,1,0,1,1,3,1,2
FITE BUILDING COMPANY,9,9,6,0,0,0,0,6,2,4
IRONDALE CITY OF,9,6,5,1,0,0,2,4,2,3
NEWCASTLE DEVELOPMENT LLC,9,5,3,2,2,0,2,3,3,1
TRAX DEVELOPMENT LLC,9,6,6,5,3,1,4,6,5,1
WAL MART REAL ESTATE BUSINESS TRUST,9,7,3,0,0,0,0,3,0,3
JOHNSON KREIS CONSTRUCTION,9,7,5,0,0,1,1,5,1,4
SA GRAHAM COMPANY INC,9,5,0,0,0,0,0,0,1,0
ALABAMA A AND M UNIVERSITY,9,5,2,0,0,0,0,2,0,2
MONTGOMERY CITY OF WWSSB,9,1,0,0,0,0,0,0,1,0
WOODWARD CONSTRUCTION AND DESIGN,9,6,4,0,0,0,1,4,1,3
JACKSONVILLE STATE UNIVERSITY,9,7,5,1,3,0,3,5,0,5
WYATT GENERAL CONTRACTOR LLC,9,2,2,1,1,0,1,2,1,1
HUNTSVILLE MADISON CO AIRPORT AUTHORITY,9,2,1,0,0,0,0,1,0,1
PROMINENCE HOMES LLC,9,8,5,1,2,1,3,3,5,2
T E STEVENS COMPANY INC,9,2,2,0,1,0,0,2,0,2
CHRISTIAN BROTHERS AUTOMOTIVE CORPORATION,9,4,2,0,0,0,1,2,0,2
BLACKBURN CONSTRUCTION INC,9,5,5,0,0,0,0,5,0,5
BC STONE HOMES LLC,9,3,0,0,0,0,0,0,2,0
FORESTAR USA REAL ESTATE GROUP INC,9,4,1,0,0,0,1,1,2,0
PIERCE AND ALLRED CONSTRUCTION INC,9,5,5,1,0,0,0,5,0,5
WAWA ALABAMA LLC,9,8,2,0,0,0,0,2,2,2
MAVIS TIRE SUPPLY LLC,9,2,2,0,0,0,0,2,0,2
FOLEY CITY OF UTILITIES BOARD,8,5,3,0,0,0,1,3,0,3
HOUSTON COUNTY BOARD OF EDUCATION,8,2,0,0,0,0,0,0,0,0
PHENIX CITY BOARD OF EDUCATION,8,6,4,1,1,1,2,2,1,3
RIVERCHASE HOMES LLC,8,6,2,0,0,0,0,2,5,1
ROBINS AND MORTON,8,4,4,1,2,1,1,4,3,1
RUSSELL COUNTY COMMISSION,8,6,3,0,0,0,0,3,0,3
SB DEV CORP,8,6,6,3,4,0,4,5,4,2
SOUTHERN BREW CORP,8,4,4,0,0,0,1,4,0,4
TOLAR CONSTRUCTION LLC,8,4,4,0,0,0,0,4,1,3
WALGREENS,8,6,4,0,0,0,0,4,0,4
ALFRED SALIBA CORPORATION,8,5,2,0,0,0,1,1,2,1
COVINGTON COUNTY COMMISSION,8,5,3,0,0,0,0,3,1,3
FEDERAL EXPRESS CORPORATION,8,6,4,0,0,0,0,4,0,4
LAUDERDALE COUNTY COMMISSION,8,3,2,0,0,0,1,2,2,0
NSH CORPORATION,8,4,3,3,3,1,3,2,2,1
OMAR INC,8,7,5,0,0,0,1,4,0,5
SCHUSTER ENTERPRISES INC,8,7,3,0,0,0,0,3,1,2
SMITHS WATER AND SEWER AUTHORITY,8,2,1,0,0,0,0,1,1,0
WALKER BROTHERS LTD,8,4,2,1,0,0,0,2,2,1
WARRIOR MET COAL BCE LLC,8,2,2,1,0,0,1,1,1,1
BELLSOUTH COMMUNICATION SYSTEMS LLC,8,4,3,0,0,0,0,3,0,3
COFFEE COUNTY COMMISSION,8,3,0,0,0,0,0,0,3,0
CRENSHAW COUNTY COMMISSION,8,5,2,2,0,2,1,1,3,1
EVONIK DEGUSSA CORPORATION,8,5,1,0,0,0,0,1,1,1
HALSTEAD LLC,8,8,6,1,0,1,0,5,3,5
NASA,8,1,1,0,0,0,0,1,0,1
NEW WORLD HOMES INC,8,6,1,0,0,0,0,1,0,1
PANDA EXPRESS INC,8,8,5,3,4,0,1,5,0,5
STANLEY CONSTRUCTION COMPANY INC,8,3,2,0,0,0,1,2,1,1
ALDI INC,8,7,7,5,0,1,2,4,3,4
CONCORD LAND DEVELOPMENT INC,8,6,5,3,1,0,2,4,3,2
GUNTERSVILLE CITY OF,8,5,3,0,0,0,0,3,0,3
JONES CONTRACTORS LLC,8,6,3,0,0,0,0,3,1,3
AUBURN CITY SCHOOLS,8,3,1,0,0,0,1,1,2,0
CRAIG HOMES INC,8,7,4,1,2,1,0,3,1,3
KEEL AND TILL INC,8,4,1,0,0,0,0,1,2,1
TRUSSVILLE CITY SCHOOLS,8,1,1,0,0,0,0,1,0,1
FEDERAL BUREAU OF INVESTIGATION HUNTSVILLE,8,1,1,0,0,0,0,1,0,1
CROWN CONSTRUCTION LLC,8,4,3,2,0,2,3,1,2,1
MADISON UTILITIES,8,2,1,0,0,0,0,1,0,1
TRI SOUTH CONTRACTORS INC,8,7,5,1,1,0,2,5,2,4
U S AIR FORCE,8,1,1,0,1,0,1,0,0,1
3M CHEMICAL OPERATIONS LLC,8,6,5,0,0,0,0,5,0,5
ARMSTRONG AND ASSOCIATES GENERAL CONTRACTING LLC,8,7,2,0,0,0,0,2,3,1
FORT PAYNE CITY OF,8,5,4,1,1,0,0,4,2,3
LOCKHEED MARTIN CORPORATION,8,0,0,0,0,0,0,0,0,0
STONE BUILDING LLC,8,2,1,0,0,0,0,1,1,1
PUBLIX SUPER MARKETS INC,8,7,2,1,0,0,1,2,2,1
ASH GRAYHAWK LLC,8,3,1,0,0,1,1,0,0,1
HALLE PROPERTIES LLC,8,5,2,0,0,0,0,2,1,2
3M COMPANY INC,7,1,0,0,0,0,0,0,1,0
ANNISTON CITY OF,7,2,1,0,0,0,0,1,0,1
BLOUNT COUNTY COMMISSION,7,5,3,0,0,0,0,3,0,3
CVS PHARMACY,7,6,4,0,0,0,1,4,1,3
EL PASO CORPORATION,7,1,0,0,0,0,0,0,0,0
HALLMARK BUILDERS INC,7,7,6,2,2,0,2,5,1,5
HUNTSVILLE HOSPITAL,7,7,7,0,0,0,0,7,1,6
LEE COUNTY BOARD OF EDUCATION,7,3,0,0,0,0,0,0,2,0
LOVES TRAVEL STOPS AND COUNTRY STORES,7,4,3,0,0,1,2,2,1,2
REDSTONE FEDERAL CREDIT UNION,7,5,4,0,0,0,0,4,0,4
ROGERS AND WILLARD INC,7,7,2,0,0,0,0,2,0,2
S J AND L GENERAL CONTRACTORS LLC,7,3,1,1,1,0,1,1,1,0
TAYLOR CORPORATION,7,2,2,0,0,0,0,2,0,2
VETERANS LANDSCAPING COMPANY INC,7,5,5,2,0,0,4,4,3,2
APAC MID SOUTH INC,7,6,4,2,2,1,2,3,2,2
ARK BUILDERS LLC,7,7,7,6,3,2,1,5,4,3
BELFOREST WATER SYSTEM INC,7,4,4,1,0,0,1,4,0,4
BULLARD COOK INC,7,4,2,1,0,1,1,1,2,1
CHURCH OF THE HIGHLANDS,7,3,3,1,1,0,1,3,1,2
DEKALB CHEROKEE COUNTIES GAS DISTRICT,7,3,3,0,0,0,1,3,1,2
EVERGREEN CITY OF,7,3,3,2,2,2,3,3,1,2
H AND N CONSTRUCTION INC,7,7,5,0,0,0,0,5,3,3
J T HARRISON CONSTRUCTION COMPANY INC,7,2,2,0,0,0,1,1,0,2
MOULTON CITY OF,7,7,7,0,0,0,0,7,0,7
PUBLIX SUPER MARKET INC,7,6,2,0,0,0,0,2,1,1
RIVES CONSTRUCTION COMPANY INC,7,4,4,2,3,0,1,4,0,4
SINGLETON EXCAVATING INC,7,0,0,0,0,0,0,0,0,0
BOYD CONSTRUCTION LLC,7,4,2,0,0,0,1,1,2,0
CREEL CONSTRUCTION LLC,7,7,5,2,0,0,0,5,3,3
GOOD HOPE CITY OF,7,4,3,1,0,0,0,3,1,2
MCINNIS CONSTRUCTION LLC,7,6,3,1,1,1,1,3,5,1
SEMMES CITY OF,7,6,3,0,0,0,0,3,0,3
T J CONSTRUCTION INC,7,1,1,0,0,0,0,1,0,1
ARAB CITY OF,7,3,2,0,0,0,0,2,0,2
CONSOLIDATED CONSTRUCTION COMPANY,7,3,3,0,0,0,0,3,1,2
EVERGREEN SITEWORKS LLC,7,2,1,0,1,1,1,0,0,1
FULCRUM CONSTRUCTION GROUP LLC,7,6,4,2,2,0,2,3,2,3
RAINBOW CITY CITY OF,7,3,2,0,0,0,0,2,0,2
RIVER REGION SPORTS FIELDS LLC,7,5,3,2,1,1,2,2,1,3
HILL BROTHERS INC,7,6,6,2,2,1,2,6,1,5
PELL CITY CITY OF,7,2,2,0,0,0,0,2,0,2
PREMIER HOLDINGS LLC,7,6,3,0,0,0,0,3,0,3
TURNER CONSTRUCTION COMPANY,7,3,2,0,0,0,0,2,0,2
PELHAM CITY OF,7,6,6,1,1,1,4,5,1,5
DAVID BULGER INC,7,4,0,0,0,0,0,0,0,0
RAINSVILLE CITY OF,7,3,2,0,0,0,0,2,1,1
COMMERCIAL CONSTRUCTION AND MAINTENANCE INC,7,7,2,0,0,0,0,2,1,2
COMPASS CONSTRUCTION AND DEVELOPMENT LLC,7,5,5,2,0,0,1,4,0,5
CULBERTSON CONTRACTORS LLC,7,4,3,0,0,0,0,3,1,2
ENFINGER DEVELOPMENT INC,7,4,4,1,0,0,0,4,1,3
LARRY MORRIS,7,6,1,0,0,0,0,1,5,0
BILL PATTERSON CONSTRUCTION INC,7,7,7,0,1,2,4,5,4,3
CUMMANS CONSTRUCTION INC,7,2,2,0,0,0,0,2,0,2
MARSHALL AND ASSOCIATES LLC,7,4,0,0,0,0,0,0,0,0
MAVEN CONSTRUCTION LLC,7,5,5,1,2,0,2,4,1,4
RADERMCCARY INC,7,3,2,0,1,0,1,2,0,2
AMAZON COM SERVICES LLC,7,2,1,1,0,0,1,0,1,1
LIBERTY COMMUNITIES LLC,7,5,5,0,0,0,0,5,1,4
MATHEWS DEVELOPMENT COMPANY LLC,7,4,1,1,0,0,0,0,0,1
RAUSCH COLEMAN HOMES BIRMINGHAM LLC,7,1,1,1,0,0,1,0,1,0
VULCAN CONSTRUCTION MATERIALS LLC,7,1,0,0,0,0,0,0,0,0
J DAVID HOMES LLC,7,0,0,0,0,0,0,0,0,0
OLP WASH PARTNERS LLC,7,5,3,0,0,0,0,3,0,3
OLSON LAND PARTNERS LLC,7,7,4,0,0,0,1,4,0,4
EXECUTIVE CONTRACTING INC,7,2,2,0,0,0,0,2,0,2
ALFA PROPERTIES INC,6,6,3,0,1,0,2,1,4,0
ANDALUSIA CITY OF,6,6,3,1,1,2,3,1,4,0
BAIRD CONTRACTING COMPANY INC,6,3,3,1,0,0,2,2,0,3
BERRY TOWN OF,6,3,1,0,0,0,1,1,0,1
BUTLER COUNTY COMMISSION,6,4,1,0,0,0,0,1,1,1
CAPITAL GROWTH BUCHALTER INC,6,6,5,2,1,0,2,5,0,5
CAROTHERS CONSTRUCTION INC,6,4,1,1,0,0,1,1,3,1
CLEMENTS DEAN BUILDING COMPANY LLC,6,3,2,0,1,0,2,0,0,2
CULLMAN ELECTRIC COOPERATIVE,6,4,2,0,0,0,0,2,0,2
CWS LLC,6,6,2,0,0,0,2,0,5,0
DUNN BUILDING COMPANY LLC,6,1,0,0,0,0,0,0,0,0
JOHN ECKENSTALER BUILDERS INC,6,6,6,4,0,1,2,4,2,4
LEEDS CITY OF,6,4,4,1,0,0,1,4,1,3
MON CRE TELEPHONE CONSTRUCTION INC,6,4,2,0,0,0,0,2,0,2
PEARCE CONSTRUCTION COMPANY INC,6,4,3,1,0,0,0,3,1,2
REMEDIAL SERVICES INC,6,3,2,0,0,0,0,2,0,2
SOUTHEAST CHEROKEE CONSTRUCTION INC,6,4,1,0,0,0,0,1,0,1
TERMAC CONSTRUCTION INC,6,3,1,0,1,0,0,0,1,1
THOMASVILLE CITY OF,6,2,0,0,0,0,0,0,1,0
WARNERS ATHLETIC CONSTRUCTION CO LLC,6,2,2,0,0,0,0,2,0,2
WRIGHT HOMES LLC,6,5,4,2,2,1,1,4,4,1
WYATT SASSER CONSTRUCTION,6,4,1,1,0,0,1,1,3,0
ALABAMA DEPARTMENT OF VETERANS AFFAIRS,6,4,4,0,1,0,1,4,1,3
BAGGETTE CONSTRUCTION INC,6,5,4,1,2,1,1,4,3,1
BRASFIELD AND GORRIE,6,6,5,0,0,0,0,5,0,5
BULLOCK COUNTY COMMISSION,6,2,2,0,0,0,0,2,0,2
BUTLER COUNTY WATER AUTHORITY,6,5,5,0,0,0,0,5,0,5
CLAY COUNTY COMMISSION,6,0,0,0,0,0,0,0,0,0
CULLMAN CITY OF UTILITIES BOARD,6,6,5,0,0,0,2,5,2,4
EMBASSY HOMES LLC,6,4,4,4,3,2,4,2,4,0
ENTERPRISE CITY OF WATER WORKS BOARD,6,2,2,0,0,0,0,2,0,2
HARRISON CONSTRUCTION CO INC,6,2,2,0,1,0,1,2,0,2
HOLMES II EXCAVATION INC,6,3,3,1,1,0,2,2,1,2
JIM COOPER CONSTRUCTION COMPANY INC,6,4,2,0,0,0,0,2,1,2
JORDAN EXCAVATING INC,6,2,1,0,0,0,1,1,0,1
LOWDER NEW HOMES INC,6,3,2,1,1,1,1,1,3,0
MARQUIS PROPERTIES LLC,6,4,3,2,2,1,0,3,2,2
PARAGON CONSTRUCTION AND DEVELOPMENT INC,6,3,1,1,0,1,1,0,1,0
PIKE COUNTY COMMISSION,6,3,1,0,0,0,1,1,1,0
ROBINS AND MORTON LLC,6,3,2,1,0,0,1,2,0,2
SPANISH FORT CITY OF,6,6,6,1,1,1,2,6,2,4
USS REAL ESTATE,6,5,5,3,3,2,3,5,3,2
WAL MART REAL ESTATE BUSINESS TRUST INC,6,3,3,0,0,0,1,3,0,3
CHELSEA TOWN OF,6,6,5,2,3,0,5,3,4,2
COPART INC,6,2,2,0,1,1,1,2,1,1
CUNNINGHAM DELANEY CONSTRUCTION,6,5,4,1,1,0,2,3,2,2
DONOVAN BUILDERS LLC,6,4,4,3,3,0,3,3,3,1
FORSYTH BUILDING COMPANY INC,6,4,4,1,0,1,2,4,0,4
HARRISON CONSTRUCTION COMPANY INC,6,5,3,2,0,0,2,3,2,1
HEADWATERS LLC,6,0,0,0,0,0,0,0,0,0
HOLLAND COMMERCIAL INC,6,4,0,0,0,0,0,0,3,0
INTERNATIONAL PAPER COMPANY,6,2,1,0,0,0,0,1,0,1
MARSHALL COUNTY COMMISSION,6,4,3,0,0,0,0,3,0,3
MCDONALD CONSTRUCTION CO INC,6,4,1,0,0,0,0,1,1,1
NEWCASTLE CONSTRUCTION INC,6,1,1,0,0,0,0,1,0,1
ONEONTA CITY OF,6,3,2,1,0,0,0,2,1,2
SHJ DEVELOPMENT LLC,6,2,2,0,0,0,0,2,0,2
ALTAPOINTE HEALTH SYSTEMS INC,6,6,4,0,0,0,0,4,2,3
ATMORE CITY OF,6,4,3,0,0,0,1,3,0,3
B AND B DEVELOPERS LLC,6,0,0,0,0,0,0,0,0,0
CLEARY CONSTRUCTION INC,6,1,1,0,0,0,0,1,0,1
FORT PAYNE CITY OF WATER WORKS BOARD,6,3,2,1,0,0,1,2,1,1
SCOTTSBORO CITY OF,6,5,5,0,0,0,0,5,0,5
TERRAVIA CONSTRUCTION LLC,6,4,3,2,1,1,2,1,2,1
WHATLEY CONSTRUCTION LLC,6,1,0,0,0,0,0,0,1,0
JD REAL PROPERTIES LLC,6,3,1,1,0,1,1,0,1,0
KB DEVELOPMENT,6,5,5,1,0,0,0,5,5,0
RICHARDSON INC,6,5,4,2,1,0,1,3,0,4
SOUTHERN NATURAL GAS CO LLC,6,1,0,0,0,0,0,0,1,0
WAYNE SANDERSON FARMS LLC,6,4,3,0,0,1,2,2,2,2
TJ CONSTRUCTION INC,6,2,1,0,0,0,0,1,1,0
WINTER HOMES LLC,6,6,4,0,2,0,0,4,3,2
CALHOUN COUNTY BOARD OF EDUCATION,6,2,2,2,1,1,2,2,1,1
COMPASS CIVIL CONSTRUCTION LLC,6,4,4,1,1,0,2,1,1,3
LAMBERT CONTRACTING LLC,6,1,1,0,0,0,0,1,0,1
MONTGOMERY COUNTY COMMISSION,6,1,0,0,0,0,0,0,1,0
STEWART PERRY,6,3,2,0,0,0,0,2,1,2
DONALD H ALLEN DEVELOPMENT INC,6,2,0,0,0,0,0,0,1,0
FORESTAR GROUP INC,6,6,6,4,2,1,4,4,5,1
GAS EXPRESS LLC,6,6,0,0,0,0,0,0,1,0
PEMBERTON PROPERTIES LLC,6,3,1,1,0,1,1,0,2,0
RC BIRMINGHAM LLC,6,5,5,3,2,0,5,3,2,3
TIMMY HALL,6,3,2,0,1,1,2,0,2,1
WILLIFORD ORMAN CONSTRUCTION LLC,6,5,5,2,2,0,1,5,1,4
BOB MORROW CONSTRUCTION COMPANY INC,6,5,2,1,0,0,1,2,3,1
LUKE HURST CONSTRUCTION LLC,6,1,1,0,0,0,1,1,0,1
MADISON COUNTY BOARD OF EDUCATION,6,2,1,0,0,0,0,1,0,1
PERSONS SERVICES CORP,6,4,4,0,0,0,0,4,0,4
STEWART PERRY COMPANY INC THE,6,5,4,0,0,0,0,4,1,3
WRIGHT FARMS DEVELOPMENT LLC,6,5,4,0,1,0,2,4,3,1
CRIMSON OAK GROVE RESOURCES LLC,6,0,0,0,0,0,0,0,0,0
ROBERTSON CONSTRUCTION CO LLC,6,6,6,4,1,3,5,5,4,2
CLAYTON PROPERTIES GROUP,6,3,2,2,2,2,2,2,2,0
HOOPER HOMES LLC,6,2,0,0,0,0,0,0,0,0
LIVING WATER UTILITIES LLC,6,3,2,1,0,0,1,2,0,2
NORFOLK SOUTHERN RAILWAY COMPANY INC,6,0,0,0,0,0,0,0,0,0
HUNTSVILLE LD LLC,6,2,1,0,0,0,0,1,0,1
MERITAGE HOMES OF ALABAMA INC,6,4,3,1,0,1,2,3,3,0
MAHOGANY PROPERTIES LLC,6,3,3,0,0,0,0,3,0,3
SAMFORD GROUP DEVELOPMENT LLC,6,1,0,0,0,0,0,0,0,0
68V PAY DIRT LLC,6,1,0,0,0,0,0,0,0,0
ADAMSON CONSTRUCTION GROUP LLC,5,3,1,0,0,0,0,1,2,1
AIR RITE CONTRACTORS INC,5,4,2,0,1,1,1,2,0,2
ARCELORMITTAL CALVERT LLC,5,0,0,0,0,0,0,0,0,0
AUBURN BANK,5,3,2,0,0,0,0,2,1,1
BEAVER CREEK PARTNERS LLC,5,4,3,0,0,0,3,2,4,0
BLOUNT COUNTY BOARD OF EDUCATION,5,2,0,0,0,0,0,0,0,0
BRETT REAL ESTATE ROBINSON DEVEL CO INC,5,5,3,0,1,1,1,2,4,0
BREWTON CITY OF,5,2,2,0,0,0,1,2,0,2
BRITT DEMOLITION AND RECYCLING INC,5,2,1,1,0,0,0,1,2,0
CALERA CITY OF,5,3,3,1,1,0,1,3,1,2
CH ACQUISITION LLC,5,3,1,0,0,0,1,0,1,0
DANIEL CORPORATION,5,2,1,0,1,1,0,1,0,1
DEVELOPMENT SERVICES INC,5,4,4,2,2,0,1,4,1,3
DON GORDON CONSTRUCTION INC,5,5,4,0,0,1,1,3,3,1
GEORGIA POWER COMPANY,5,2,1,1,0,0,1,0,1,0
HALEYVILLE CITY OF,5,4,3,0,1,0,1,2,2,1
HILCORP ENERGY COMPANY INC,5,0,0,0,0,0,0,0,0,0
HUTCHESON CONSTRUCTION CO INC,5,3,2,0,0,0,0,2,1,1
IRBY DEVELOPMENT COMPANY,5,4,4,0,0,0,1,4,1,3
JESCO INC,5,3,1,1,0,0,0,1,3,0
JOHN M DUDLEY,5,4,2,1,1,0,2,1,4,0
MONROE COUNTY COMMISSION,5,4,4,0,0,0,0,4,1,3
PERRY COUNTY WATER AUTHORITY,5,0,0,0,0,0,0,0,0,0
SOUTHERN PROPERTIES LLC,5,5,4,0,0,0,0,4,0,4
STEVEN W CORBETT,5,5,5,1,1,1,5,2,4,1
THOMPSON ENGINEERING INC,5,3,2,1,0,0,1,2,0,2
WRIGHT BROTHERS CONSTRUCTION COMPANY INC,5,2,1,0,0,0,1,0,0,1
AMSHER LLC,5,4,4,1,2,2,2,1,2,2
BEAR BROTHERS INC,5,4,1,0,0,0,0,1,2,1
BOISE CASCADE WOOD PRODUCTS LLC,5,2,1,0,0,0,0,1,0,1
BOSTIC TRUCKING AND EXCAVATING INC,5,2,2,0,0,0,1,2,0,2
CHOCTAW COUNTY COMMISSION,5,4,4,0,0,0,0,4,0,4
COLUMBUS WATER WORKS U S ARMY,5,2,2,0,0,0,0,2,0,2
CONCORD DEVELOPMENT COMPANY INC,5,5,5,0,1,0,0,5,3,2
COOPER CONSTRUCTION,5,2,1,0,0,0,0,1,0,1
DEKALB COUNTY BOARD OF EDUCATION,5,4,3,1,0,0,0,3,2,1
GRAY CONSTRUCTION,5,4,3,0,0,0,1,2,0,3
HOOVER CITY SCHOOLS,5,4,4,1,1,0,2,3,0,4
J A LETT CONSTRUCTION CO INC,5,2,0,0,0,0,0,0,1,0
L AND K CONTRACTING INC,5,4,1,0,0,0,1,0,2,0
LEAR CORPORATION,5,2,2,1,0,0,2,1,1,1
MARENGO COUNTY COMMISSION,5,1,0,0,0,0,0,0,0,0
MCVAY CONSTRUCTION COMPANY INC,5,4,3,2,1,0,0,3,2,1
MONTGOMERY COUNTY BOARD OF EDUCATION,5,3,1,0,0,0,0,1,0,1
OPELIKA CITY SCHOOLS BOARD OF EDUCATION,5,3,1,0,1,1,1,1,2,0
ORANGE BEACH WATER SEWER AND FPA,5,1,1,0,0,0,0,1,0,1
PRICEVILLE TOWN OF,5,5,4,0,1,0,1,4,1,4
TOWER DEVELOPMENT INC,5,2,2,1,1,0,1,1,2,0
TOYOTA MOTOR MANUFACTURING ALABAMA INC,5,1,1,0,0,0,0,1,0,1
TRACTOR SUPPLY COMPANY,5,5,4,1,0,0,1,4,2,2
WATSON AND DOWNS INVESTMENTS LLC,5,4,4,2,0,1,4,2,3,1
ALABAMA DEPARTMENT OF YOUTH SERVICES,5,2,2,0,0,0,0,2,0,2
APEL MACHINE AND SUPPLY CO,5,2,0,0,0,0,0,0,1,0
ASPHALT SERVICES INC,5,4,1,1,1,1,0,1,2,0
CARMAX AUTO SUPERSTORES INC,5,3,1,0,0,0,0,1,2,0
D L ACTON CONSTRUCTION CO INC,5,2,2,1,0,0,0,2,0,2
FLORENCE CITY BOARD OF EDUCATION,5,3,2,0,0,0,0,2,0,2
FRANK TURNER CONSTRUCTION CO INC,5,5,4,3,2,0,2,3,2,2
GREY OAKS PROPERTIES LLC,5,3,3,3,2,0,3,2,3,0
HALE BUILDING CO INC,5,3,3,0,1,0,1,2,0,3
HOMEWOOD CITY OF BOARD OF EDUCATION,5,2,2,0,0,0,0,2,0,2
HURST CONSTRUCTION LLC,5,3,3,3,2,0,2,2,0,3
MARK HARRIS HOMES LLC,5,5,4,0,0,0,0,4,4,1
ROB MIDDLETON CONSTRUCTION LLC,5,5,3,0,0,0,0,3,2,2
SB DEVELOPMENT CORPORATION,5,4,3,3,3,1,3,2,3,0
SSAB ALABAMA INC,5,0,0,0,0,0,0,0,0,0
WILMETH BUILDERS LLC,5,3,0,0,0,0,0,0,0,0
APEL MACHINE AND SUPPLY COMPANY INC,5,5,5,1,0,0,0,5,0,5
DSLD HOMES,5,5,4,2,3,2,1,3,4,1
MANNING CONSTRUCTION LLC,5,4,2,0,0,0,0,2,1,2
MUNGO HOMES OF ALABAMA INC,5,5,3,0,0,0,0,3,3,1
OLD TOWN II LLC,5,5,3,1,1,0,1,3,2,2
REED CONSTRUCTION COMPANY LLC,5,4,3,2,1,1,1,3,2,2
RIVIERA UTILITIES,5,1,0,0,0,0,0,0,0,0
SHELBY COUNTY BOARD OF EDUCATION,5,3,3,1,1,0,1,2,1,2
TRIPLE K CONSTRUCTION LLC,5,4,3,1,1,0,1,3,1,2
WYATT SASSER CONSTRUCTION LLC,5,1,1,1,1,1,1,0,1,0
ARGO BUILDING COMPANY,5,4,4,2,2,1,2,4,1,3
BAKER CLARK HOMES INC,5,3,3,1,0,0,0,3,0,3
BRELAND COMPANIES LLC,5,4,4,1,0,1,1,3,3,1
DECATUR CITY BOARD OF EDUCATION,5,5,5,0,0,0,0,5,0,5
ENTERPRISE CITY BOARD OF EDUCATION,5,4,1,1,0,1,0,1,3,0
FAYETTE CITY OF,5,4,3,0,0,0,0,3,0,3
FROSTHOLM CONSTRUCTION LLC,5,4,4,3,3,2,2,4,3,2
HALL TAYLOR CONSTRUCTION INC,5,2,2,1,0,0,2,1,0,2
HENDERSON AND COKER INC,5,5,2,0,0,0,0,2,2,2
INGRAM CONSTRUCTION LLC,5,5,1,0,0,0,0,1,0,1
MADISON LAND RESOURCES INC,5,1,0,0,0,0,0,0,1,0
SHEFFIELD CITY OF,5,3,3,0,0,0,0,3,0,3
SOUTHERN CIVIL CONTRACTING INC,5,0,0,0,0,0,0,0,0,0
WIREGRASS CONSTRUCTION COMPANY,5,1,1,0,0,0,0,1,0,1
CLAYTON PROPERTIES GROUP DBA HARRIS DOYLE HOMES,5,4,4,2,2,2,4,3,4,0
COSTON GENERAL CONTRACTORS INC,5,5,5,4,3,1,5,2,1,4
FIRST TEAM CONSTRUCTION CO INC,5,3,2,0,0,0,0,2,0,2
FORESTRY ENVIRONMENTAL SERVICES,5,3,3,0,1,0,2,1,1,2
HALL TAYLOR CONSTRUCTION COMPANY INC,5,0,0,0,0,0,0,0,0,0
MAR JAC POULTRY AL LLC,5,3,2,0,0,0,1,1,1,2
MINUTEMAN CONSTRUCTION INC,5,3,3,1,1,0,2,3,1,2
MONARCH HOMES LLC,5,5,4,2,1,0,0,3,0,4
MURRAY BUILDING COMPANY INC,5,3,2,0,1,1,1,1,0,2
NUCOR CORPORATION VULCRAFT DIVISION,5,1,1,0,0,0,0,1,0,1
SOUTHERN TRUST CAPITAL LLC,5,2,0,0,0,0,0,0,1,0
FAMILY SECURITY CREDIT UNION,5,3,2,0,0,0,0,2,0,2
KENDALL PROPERTIES USA LLC,5,3,1,0,0,0,0,1,0,1
LARRY CURLEY AND NOMO LLC,5,5,3,0,0,0,0,3,2,3
MOON CONSTRUCTION,5,3,3,0,0,0,0,3,0,3
R AND S PAVING AND GRADING INC,5,5,3,3,1,1,2,1,1,2
RIVER MILL PROPERTIES INC,5,3,2,0,0,0,0,2,2,1
BWL PROPERTIES LLC,5,4,4,0,0,0,2,3,1,3
DUNCAN AND DEARMON BUILDING COMPANY LLC,5,0,0,0,0,0,0,0,0,0
POWERSOUTH ENERGY COOPERATIVE,5,1,1,0,0,1,1,0,1,0
T E STEVENS CO INC,5,2,1,0,1,0,0,1,2,0
VESTAVIA HILLS BOARD OF EDUCATION,5,2,1,0,0,0,0,1,1,1
WAYNE DAVIS CONSTRUCTION LLC,5,5,5,4,1,2,5,4,2,3
4 LANE DEVELOPMENT INC,5,4,3,2,0,0,0,2,0,3
AMERCO REAL ESTATE COMPANY,5,4,4,0,0,0,0,4,0,4
ISRAEL CROCKER CONSTRUCTION LLC,5,4,3,2,0,0,1,2,0,3
LISTERHILL CREDIT UNION,5,3,0,0,0,0,0,0,1,0
PIKE COUNTY WATER AUTHORITY,5,0,0,0,0,0,0,0,0,0
RIGHTEOUS PARTNERS LLC,5,1,1,0,0,0,0,1,0,1
RODNEY GRIFFITH EXCAVATING LLC,5,2,1,0,0,1,1,1,2,0
WESTERVELT COMPANY INC THE,5,0,0,0,0,0,0,0,0,0
0000008567,5,4,1,0,0,0,0,1,0,1
ALABAMA AIR NATIONAL GUARD,5,0,0,0,0,0,0,0,0,0
ASH EVERMORE HOMES OF AL LLC,5,1,0,0,0,0,0,0,1,0
EDGAR HUGHSTON BUILDERS INC,5,4,0,0,0,0,0,0,2,0
OAKLEY LAND COMPANY LLC,5,4,3,0,0,0,1,3,2,2
VANTAGE GROUP LLC THE,5,5,3,0,0,0,0,3,0,3
WARNER ATHLETIC CONSTRUCTION CO LLC,5,2,2,0,0,1,0,2,0,2
FRANCIS BRYANT CONSTRUCTION INC,5,1,0,0,0,0,0,0,0,0
GULFSTREAM NATURAL GAS SYSTEM LLC,5,0,0,0,0,0,0,0,0,0
JOHNSON KREIS CONSTRUCTION COMPANY INC,5,3,3,1,0,1,1,2,1,2
NEAREN CONSTRUCTION COMPANY LLC,5,4,2,1,0,0,0,1,0,2
RICHMOND PROPERTIES INC,5,5,5,0,0,0,0,5,0,5
SILVERWOOD CONSTRUCTION LLC,5,3,1,0,0,0,1,1,2,0
FIKES WHOLESALE INC,5,5,1,1,0,0,0,1,1,0
PERMAN ENGINEERING CO LLC,5,3,2,1,0,0,1,2,1,1
ST CLAIR COUNTY BOARD OF EDUCATION,5,0,0,0,0,0,0,0,0,0
TIM KILLIAN CONSTRUCTION INC,5,1,1,0,0,0,0,1,0,1
J F THOMAS AND SONS CONSTRUCTION INC,5,1,1,0,0,0,0,1,0,1
WARRIOR MET COAL BC LLC,5,0,0,0,0,0,0,0,0,0
FIFTH THIRD BANK NATIONAL ASSOCIATION,5,1,1,0,0,0,0,1,0,1
CASTLEROCK COMMUNITIES ALABAMA LLC,5,0,0,0,0,0,0,0,0,0
ALABAMA DEPT OF INDUSTRIAL RELATIONS,4,4,3,0,0,0,0,3,0,3
ARKAL AUTOMOTIVE USA,4,2,1,0,0,0,0,1,0,1
BOJANGLES RESTAURANTS INC,4,3,2,1,0,0,0,2,1,1
COVINGTON COUNTY WATER AUTHORITY,4,0,0,0,0,0,0,0,0,0
CRAWFORD GRADING AND PIPELINE INC,4,0,0,0,0,0,0,0,0,0
DAVID STAPLETON BUILDERS INC,4,4,4,3,3,2,1,4,3,1
DUNCAN AND THOMPSON CONSTRUCTION SVC LLC,4,1,0,0,0,0,0,0,0,0
EVERETT CONSTRUCTION CO INC,4,4,1,0,0,0,0,1,2,1
GOLDEN CONSTRUCTION COMPANY,4,3,3,1,0,1,0,3,0,3
GOODWYN MILLS AND CAWOOD INC,4,2,1,0,0,0,0,1,0,1
HEXCEL CORPORATION,4,4,3,0,0,0,0,3,0,3
HOSEA O WEAVER AND SONS INC,4,2,2,0,0,0,0,2,0,2
JACKSON PAVING AND CONSTRUCTION INC,4,4,3,0,0,0,0,3,0,3
JEFF BENTON DEVELOPMENT,4,4,3,1,2,0,0,3,4,0
JEFF BENTON HOMES INC,4,4,4,2,2,0,1,4,2,2
JW HOLDINGS INC,4,2,1,0,1,1,0,0,1,1
LAWRENCE COUNTY COMMISSION,4,2,2,0,0,0,0,2,0,2
LEVEL 5 LLC,4,3,2,1,1,0,1,1,0,2
MAGA MATERIALS INC,4,2,2,2,2,0,2,2,1,1
MAXUS CONSTRUCTION INC,4,3,3,1,1,0,1,2,2,1
MOUNTAIN BROOK BOARD OF EDUCATION,4,1,1,0,0,0,0,1,0,1
NORTHBROOK LLC,4,4,4,0,0,0,1,4,1,3
PD PRITCHETT CONSTRUCTION CO LLC,4,4,4,1,0,0,2,4,0,4
REHOBETH TOWN OF,4,1,1,0,1,0,1,0,1,0
RUSSELL COUNTY BOARD OF EDUCATION,4,3,1,0,0,0,0,1,2,0
SALIBA CONSTRUCTION COMPANY INC,4,3,2,0,0,0,2,2,2,0
SOUTHWEST ALABAMA WATER AUTHORITY,4,2,2,0,0,0,0,2,0,2
STEVE CORBETT,4,2,0,0,0,0,0,0,1,0
TALLADEGA COUNTY BOARD OF EDUCATION,4,3,2,0,1,0,1,2,2,1
TOPRE AMERICA CORPORATION,4,3,2,0,0,0,0,2,1,1
TRUSSVILLE GAS AND WATER UTILITIES BOARD,4,1,1,1,0,0,0,1,1,0
TUSCALOOSA CITY BOARD OF EDUCATION,4,2,1,0,0,0,0,1,0,1
WALLACE COMMUNITY COLLEGE,4,4,1,0,0,0,0,1,2,1
WARR GRADING CONTRACTOR INC,4,3,2,0,0,0,2,2,0,2
WEST DALLAS WATER AUTHORITY,4,0,0,0,0,0,0,0,0,0
08567,4,4,4,0,0,0,0,4,1,3
3D DEVELOPMENT GROUP LLC,4,3,2,0,0,0,0,2,0,2
AUTAUGA COUNTY BOARD OF EDUCATION,4,1,1,1,1,0,1,1,0,1
BATES ENGINEERS AND CONTRACTORS INC,4,2,0,0,0,0,0,0,1,0
BOATNER CONSTRUCTION CO INC,4,2,2,0,0,0,0,2,0,2
BRIDGESTONE RETAIL OPERATIONS LLC,4,4,2,1,1,0,1,2,1,2
BUTLER CONSTRUCTION COMPANY LLC,4,2,2,0,0,0,0,2,0,2
CAPSTONE BUILDING CORPORATION,4,2,2,0,0,0,1,1,1,1
CHILDRENS HARBOR INC,4,2,1,1,0,1,1,0,0,1
CHS PROPERTIES INC,4,3,2,0,0,0,0,2,0,2
CLAYTON PROPERTY GROUP DBA HARRIS DOYLE HOMES,4,3,3,1,3,1,3,2,2,1
COLONIAL PIPELINE CO,4,1,1,0,0,0,0,1,0,1
CONCEPT DEVELOPMENTS INC,4,3,2,0,0,0,0,2,1,2
COUNTRY CLUB OF MOBILE,4,4,3,0,0,0,0,3,2,2
COVE LLC THE,4,4,1,0,1,1,0,0,0,1
DADEVILLE CITY OF,4,1,0,0,0,0,0,0,0,0
DALE COUNTY BOARD OF EDUCATION,4,3,2,0,0,0,2,1,3,0
DUNN BUILDING COMPANY,4,1,0,0,0,0,0,0,1,0
FITE BUILDING CO,4,3,3,0,0,0,0,3,0,3
GRACE MAGNOLIAS INC,4,4,4,1,2,0,3,4,1,3
HALE COUNTY WATER AUTHORITY,4,0,0,0,0,0,0,0,0,0
HANCEVILLE CITY OF,4,4,1,0,0,0,1,1,1,1
JONES PROPERTIES LLC,4,3,2,0,0,0,1,2,0,2
JUNEAU CONSTRUCTION COMPANY,4,2,2,1,1,0,1,2,1,1
KRISER HOMES SOUTH INC,4,3,1,0,0,0,0,1,2,0
MAXUS INC,4,3,2,0,0,0,1,2,0,2
MCVAY CONSTRUCTION CO INC,4,4,3,3,1,1,1,3,2,1
MIDSOUTH PAVING INC,4,4,3,2,1,0,2,3,1,2
MITCHELL COMPANY INC THE,4,4,3,1,1,2,0,2,3,1
MOBILE CO BD OF SCHOOL COMMISSIONERS,4,3,2,0,0,0,0,2,0,2
NORTH BALDWIN UTILITIES,4,2,2,0,0,0,0,2,0,2
NORTH STATE ENVIRONMENTAL INC,4,2,2,0,1,0,2,2,0,2
NUCOR STEEL TUSCALOOSA INC,4,1,1,1,0,0,1,1,0,1
OPP CITY OF,4,4,2,0,0,0,0,2,1,2
PARKES COMPANIES INC THE,4,3,2,0,0,0,0,2,0,2
PLATT BUILDERS INC,4,4,3,0,0,0,0,3,1,2
RACON INC,4,1,0,0,0,0,0,0,1,0
SATSUMA CITY OF,4,3,3,0,0,0,0,3,1,2
SHARPE INC,4,4,3,0,0,0,1,2,1,2
SHORELINE PROPERTIES LLC,4,3,1,0,0,0,1,1,2,0
THOMASVILLE CITY OF WWORKS AND SEWER BD,4,0,0,0,0,0,0,0,0,0
U S DEPT OF VETERANS AFFAIRS,4,2,1,0,0,0,1,1,1,1
BARLOY CONTRACTORS INC,4,3,2,1,2,2,0,2,1,1
BEDWELL AND WHORTON EXCAVATING LLC,4,0,0,0,0,0,0,0,0,0
BIBB COUNTY COMMISSION,4,1,1,1,1,0,1,1,1,0
COPELAND CUSTOM HOMES INC,4,3,2,0,0,0,0,2,1,2
CS BRITTON INC,4,1,1,0,0,0,0,1,0,1
CULLMAN COUNTY COMMISSION,4,3,3,0,0,0,0,3,0,3
FIVE STAR CREDIT UNION,4,4,1,0,0,0,0,1,1,1
GARRARD CONSTRUCTION INC,4,4,4,2,0,0,1,3,2,2
HALE COUNTY COMMISSION,4,1,1,0,0,0,0,1,0,1
HILTON COOPER CONTRACTING INC,4,2,0,0,0,0,0,0,1,0
KYSER CONSTRUCTION LLC,4,2,2,0,1,0,1,2,0,2
MACON COUNTY COMMISSION,4,4,2,0,0,0,0,2,2,1
MARTIN AND COBEY CONSTRUCTION COMPANY INC,4,3,3,0,0,0,0,3,0,3
MARTIN CONSTRUCTION INC,4,4,3,2,1,1,2,3,0,3
MAZE HOME BUILDERS LLC,4,4,2,0,0,0,0,2,1,2
PILOT TRAVEL CENTERS LLC,4,3,2,1,0,1,1,2,2,1
RABREN GENERAL CONTRACTORS,4,2,2,2,1,0,1,1,1,1
VOLUNTEERS OF AMERICA SOUTHEAST INC,4,4,4,0,0,0,0,4,0,4
WAFFLE HOUSE INC,4,3,2,0,0,0,0,2,0,2
3D DEVELOPMENT PARTNERS LLC,4,1,0,0,0,0,0,0,0,0
ALABASTER CITY SCHOOLS,4,4,3,2,2,1,2,2,2,1
AMERICAS HOME PLACE INC,4,1,0,0,0,0,0,0,0,0
AVIAGEN INC,4,1,1,0,0,0,0,1,0,1
BAILEY HARRIS CONSTRUCTION,4,3,2,0,0,0,0,2,0,2
BOAZ CITY OF,4,2,2,0,0,0,0,2,0,2
CHORBA CONTRACTING CORPORATION,4,4,4,0,0,0,0,4,0,4
CORPORATE OFFICE PROPERTIES TRUST,4,1,1,0,0,0,0,1,0,1
EAST ALABAMA WATER SEWER AND FIRE PROTECTION DISTRICT,4,0,0,0,0,0,0,0,0,0
GULF SHORES CITY OF UTILITIES BOARD,4,1,1,1,0,0,0,0,0,1
HEMPSTEAD HOMES LLC,4,4,3,1,0,0,0,3,1,2
JACKSON COUNTY COMMISSION,4,2,2,0,0,0,0,2,0,2
JACKSONVILLE CITY OF,4,3,1,1,1,0,1,0,0,1
JET PEP INC,4,4,4,0,0,0,0,4,0,4
JP OIL ALABAMA LLC,4,0,0,0,0,0,0,0,0,0
MONTGOMERY AIRPORT AUTHORITY,4,2,1,0,0,1,1,1,0,1
RAST CONSTRUCTION INC,4,2,2,1,1,1,1,2,1,1
SHEARER HOMES LLC,4,4,3,2,2,2,0,2,2,1
SOUTH COLLEGE LLC,4,3,1,0,0,0,0,1,1,1
WHITE SPUNNER CONSTRUCTION,4,3,2,1,0,1,1,2,1,1
ARCHDIOCESE OF MOBILE,4,2,1,1,1,1,1,1,1,0
BLOUNT COUNTY WATER AUTHORITY,4,3,2,0,0,0,0,2,0,2
DERRYL THOMAS,4,2,0,0,0,0,0,0,1,0
FAIRHOPE AIRPORT AUTHORITY,4,1,1,1,0,0,0,1,0,1
GEOFF LANE CONSTRUCTION INC,4,3,2,1,0,1,0,2,0,2
GILMER PROPERTIES LLC,4,1,0,0,0,0,0,0,0,0
HOLLIS AND SPANN INC,4,3,2,1,0,0,1,2,2,1
HOMES BY INDIANWOOD INC,4,2,1,0,0,0,0,1,0,1
INDIAN CREEK EXCAVATING LLC,4,1,1,1,1,0,1,1,0,1
INSURANCE AUTO AUCTIONS INC,4,4,3,0,0,0,0,3,0,3
JOE STILL BUILDING COMPANY INC,4,4,3,0,0,0,0,3,0,3
LOST BOYS LAND II LLC,4,3,2,0,0,0,0,2,1,2
LOUISIANA PACIFIC CORP,4,1,1,0,0,0,0,1,0,1
MATTHEW CADDIS,4,0,0,0,0,0,0,0,0,0
PELHAM CITY SCHOOLS,4,4,4,0,0,0,1,3,0,4
SELECTIVE INC,4,3,3,2,1,1,2,2,2,1
SHOALS ECONOMIC DEVELOPMENT AUTHORITY,4,3,3,0,0,0,0,3,0,3
TRICK CONSTRUCTION LLC,4,2,1,0,0,0,1,1,0,1
TRIPLE C DEVELOPMENT INC,4,4,2,0,0,0,0,2,1,1
BALDWIN COUNTY SEWER SERVICE LLC,4,2,1,0,0,0,0,1,1,0
BROWN CONSTRUCTION,4,3,2,0,0,0,0,2,0,2
COMPLETE DEMOLITION SERVICES LLC,4,3,3,1,1,1,1,3,1,2
COOK OUT MONTGOMERY INC,4,2,1,0,0,0,0,1,0,1
HOME OIL COMPANY,4,0,0,0,0,0,0,0,0,0
HUNTSVILLE CITY OF SOLID WASTES DISPOSAL AUTHORITY,4,0,0,0,0,0,0,0,0,0
JEFF BECK,4,4,3,0,0,0,0,3,2,1
S AND R DEVELOPMENT,4,4,4,0,0,0,0,4,0,4
SOUTHEASTERN FREIGHT LINES INC,4,1,0,0,0,0,0,0,1,0
TRANSCONTINENTAL GAS PIPE LINE CORP,4,0,0,0,0,0,0,0,0,0
TRANSCONTINENTAL GAS PIPELINE COMPANY,4,0,0,0,0,0,0,0,0,0
BRUNSON NICHOLS CONSTRUCTION COMPANY INC,4,1,1,0,0,0,0,1,0,1
EUFAULA CITY OF,4,1,1,0,0,0,0,1,0,1
ISBELL DEVELOPMENT,4,2,2,0,0,0,0,2,2,0
KRISER HOMES SOUTH,4,1,0,0,0,0,0,0,0,0
MOON CONSTRUCTION SERVICES INC,4,1,1,0,0,0,0,1,0,1
RUSSELL LANDS DEVELOPMENT LLC,4,2,0,0,0,0,0,0,1,0
SAINT PAULS EPISCOPAL SCHOOL INC,4,1,0,0,0,0,0,0,1,0
SINCERE PARTNERS LLC,4,1,0,0,0,0,0,0,1,0
THOMAS INDUSTRIES INC,4,2,2,1,0,0,0,1,0,2
WB CONSTRUCTION LLC,4,0,0,0,0,0,0,0,0,0
YOUNGBLOOD AND BARRETT CONSTRUCTION AND ENGINEERING LLC,4,3,0,0,0,0,0,0,1,0
ALBERTVILLE CITY OF,4,4,3,0,0,0,0,3,0,3
CENTERLINE CONTRACTING INC,4,0,0,0,0,0,0,0,0,0
DPG SHOPPING CENTERS LLC,4,3,2,0,0,0,0,2,0,2
GADSDEN STATE COMMUNITY COLLEGE,4,3,3,0,0,0,0,3,0,3
MAXUS CONSTRUCTION,4,1,1,0,1,0,1,0,0,1
REYNOLDS METALS COMPANY LLC,4,2,2,0,0,0,0,2,0,2
TRIMCOR LLC,4,2,0,0,0,0,0,0,1,0
AMAC DESIGN BUILDERS LLC,4,4,3,1,1,0,3,3,3,1
CARLISLE CREEK CONSTRUCTION LLC,4,4,4,0,1,0,2,3,1,3
CLAY COUNTY WATER AUTHORITY,4,0,0,0,0,0,0,0,0,0
PENNY ENTERPRISES LLC,4,4,0,0,0,0,0,0,0,0
SAM ALMAROAD CONSTRUCTION CO INC,4,1,1,0,0,0,1,1,0,1
BIG M EXCAVATING INC,4,2,2,2,2,0,1,2,2,0
HERITAGE LAND LLC,4,3,1,0,0,0,0,1,2,0
LIMITLESS BY TRULAND HOMES,4,4,4,2,0,2,1,3,0,4
WAITES CONSTRUCTION COMPANY INC,4,1,1,0,0,0,1,1,1,0
ASH EVERMORE HOMES OF GA LLC,4,1,0,0,0,0,0,0,1,0
BA INVESTMENTS LLC,4,4,0,0,0,0,0,0,0,0
BOATNER CONSTRUCTION COMPANY INC,4,3,3,0,0,0,0,3,1,2
BOAZ CITY OF BOARD OF EDUCATION,4,3,3,0,0,0,0,3,0,3
CHELSEA PARK HOLDING LLC,4,0,0,0,0,0,0,0,0,0
DR HORTON INC NORTHERN GULF COAST DIVISION,4,4,3,1,1,0,0,2,1,2
GRANT NICHOLS CONSTRUCTION INC,4,4,3,0,0,0,1,3,2,2
HUDMON CONSTRUCTION CO INC,4,2,0,0,0,0,0,0,1,0
INKANA DEVELOPMENT,4,4,4,1,1,0,1,4,1,3
J HUNT ENTERPRISES GENERAL CONTRACTORS LLC,4,2,0,0,0,0,0,0,2,0
LEELAND VENTURES LLC,4,3,1,0,0,0,0,1,0,1
MCINNIS INDUSTRIES LLC,4,2,1,0,0,0,0,1,0,1
SALP LLC,4,4,0,0,0,0,0,0,3,0
SOUTHWOOD PROPERTIES,4,4,4,0,0,0,0,4,0,4
UH DEVELOPMENT LLC,4,2,2,0,1,0,1,1,1,1
B AND K PROPERTY GROUP,4,3,1,0,0,0,0,1,1,1
BRIAN T ARMSTRONG CONSTRUCTION INC,4,3,3,1,0,0,0,3,0,3
CG JONES LLC,4,2,2,1,0,0,0,2,1,1
LENNAR HOMES OF ALABAMA,4,2,0,0,0,0,0,0,2,0
MARION MILITARY INSTITUTE,4,0,0,0,0,0,0,0,0,0
ROSEHILL CONSTRUCTION,4,1,0,0,0,0,0,0,0,0
TSF DEVELOPMENT LLC,4,3,2,0,0,1,0,1,1,1
TWAS PROPERTIES LLC,4,2,2,0,0,0,0,2,0,2
AUSTAL USA LLC,4,0,0,0,0,0,0,0,0,0
B AND K PROPERTY GROUP LLC,4,3,2,0,0,0,0,2,0,2
DR HORTON INC BALDWIN,4,4,3,3,0,0,0,3,2,1
HAMLIN HOMES LLC,4,4,2,0,0,0,0,2,1,1
J HUNT ENTERPRISE GENERAL CONTRACTORS LLC,4,3,1,0,0,0,0,1,1,1
LOG ENTERPRISES LLC,4,3,3,1,0,2,2,3,3,0
PERMAN ENGINEERING COMPANY LLC,4,1,1,0,0,0,0,1,0,1
UNIVERSITY OF WEST ALABAMA,4,0,0,0,0,0,0,0,0,0
COVINGTON CONTRACTING INC,4,3,2,0,0,0,0,2,1,2
WILKES CONSTRUCTION COMPANY INC,4,2,2,0,0,1,1,2,2,0
AHEARN CONSTRUCTION INC,3,3,2,0,1,1,1,1,2,1
ALABAMA CVS PHARMACY LLC,3,3,3,0,0,0,0,3,0,3
ALABAMA STATE UNIVERSITY,3,1,1,0,0,0,1,0,0,1
AUBURN CITY OF WATER WORKS BOARD,3,1,0,0,0,0,0,0,1,0
BEULAH UTILITES DISTRICT BOARD,3,1,1,0,0,0,0,1,0,1
BOOS DEVELOPMENT INC,3,3,2,0,0,0,0,2,0,2
BRUNSON NICHOLS CONSTRUCTION CO INC,3,0,0,0,0,0,0,0,0,0
CHRISTOPHER PLUMBING AND ELECTRIC INC,3,1,0,0,0,0,0,0,1,0
CORNERSTONE HOMEBUILDERS LLC,3,2,2,1,0,0,0,1,0,2
DALE COUNTY COMMISSION,3,3,0,0,0,0,0,0,0,0
DAVID HEWITT,3,3,3,1,0,0,2,3,1,2
DOSTER CONSTRUCTION CO INC,3,3,1,0,1,0,0,0,0,1
EDWARD ROSE MILLENNIAL DEVELOPMENT LLC,3,1,1,0,0,0,0,1,1,0
FLORIDA GAS TRANSMISSION CO,3,2,1,0,0,0,0,1,0,1
FRONTIER BANK,3,2,0,0,0,0,0,0,0,0
GARY INGRAM GRADING AND PAVING INC,3,1,1,0,0,0,0,1,0,1
GIRARD PARTNERS LP,3,2,2,0,0,0,0,2,1,1
GREENVILLE CITY OF,3,1,1,0,0,0,1,0,0,1
GUIN CITY OF,3,3,1,0,0,0,1,1,1,0
GULF EQUIPMENT CORPORATION,3,1,1,0,0,0,0,1,0,1
HARRIS AND DOYLE HOMES INC,3,1,0,0,0,0,0,0,0,0
HOMESTEAD RESIDENTIAL INC,3,3,1,0,0,0,0,1,2,0
HOWELL LLC,3,3,2,0,0,0,0,2,2,0
HUDMON CONSTRUCTION COMPANY INC,3,1,0,0,0,0,0,0,0,0
HUMPHREYS AND ASSOCIATES CONTRACTORS LLC,3,3,3,1,0,0,0,2,0,3
HUNTSVILLE CITY SCHOOLS,3,2,1,0,0,0,0,1,0,1
HYUNDAI POWER TRANSFORMERS USA,3,0,0,0,0,0,0,0,0,0
J F PATE AND ASSOCIATES CONTRACTORS INC,3,3,2,0,0,0,0,2,1,1
KEITH HOLLEY,3,3,2,0,0,0,0,2,1,2
L AND K CONTRACTING CO INC,3,1,0,0,0,0,0,0,0,0
LAKE OSPREY RV RESORT LLC,3,2,2,2,0,2,2,2,1,1
LOWDER NEW HOMES,3,3,1,0,0,1,1,1,3,0
MCDONALD BROTHERS CONSTRUCTION INC,3,0,0,0,0,0,0,0,0,0
MIDSOUTH CONTRACTORS INC,3,2,2,2,1,1,1,2,1,1
NAVISTAR BIG BORE DIESELS LLC,3,2,2,1,1,0,1,1,1,1
NORTH RIDGE LLC,3,2,1,0,0,0,0,1,2,0
OMEGA HOTEL GROUP,3,2,1,0,0,0,0,1,0,1
OZARK CITY BOARD OF EDUCATION,3,3,3,1,0,1,2,1,2,1
PEMBERTON INC,3,0,0,0,0,0,0,0,0,0
PIKE ROAD TOWN OF,3,2,0,0,0,0,0,0,0,0
PINE HILL TOWN OF,3,1,1,0,0,0,0,1,0,1
REV CONSTRUCTION INC,3,0,0,0,0,0,0,0,0,0
ROANOKE CITY OF,3,1,1,0,0,0,1,0,0,1
ROBERT GRANGER INC,3,1,1,0,0,0,0,1,0,1
ROLLING FRITO LAY SALES LP,3,2,2,1,0,0,1,1,0,2
SHAW ENVIRONMENT AND INFRASTRUCTURE INC,3,1,0,0,0,0,0,0,0,0
SIGNATURE HOMES,3,3,2,1,1,0,1,2,2,0
TALLASSEE CITY OF,3,1,0,0,0,0,0,0,0,0
TIFFIN MOTOR HOMES INC,3,0,0,0,0,0,0,0,0,0
TOLAR CONSTRUCTION,3,2,2,0,0,0,1,1,1,1
UNION SPRINGS CITY OF,3,2,0,0,0,0,0,0,1,0
WALKER CO SOIL AND WATER CONSERVATION,3,3,3,0,0,0,0,3,0,3
WALKER PATTON COMPANY INC,3,1,1,0,0,0,0,1,0,1
WETUMPKA CITY OF WATER WORKS SEWER BD,3,1,1,0,0,0,0,1,0,1
WHARTON SMITH INC,3,3,2,1,1,0,1,2,2,1
WHEELLESS DEVELOPMENT LTD,3,3,2,1,1,1,2,0,2,0
AUTOZONE INC,3,1,1,1,0,0,1,1,0,1
B AND K DEVELOPERS LLC,3,2,2,0,0,0,1,2,1,1
BYRD CONTRACTORS INC,3,2,2,0,1,0,0,2,0,2
C S BEATTY CONSTRUCTION,3,3,3,3,3,0,3,2,2,1
CAM BUILDERS LLC,3,2,1,1,1,1,1,0,1,0
CAPSTONE BUILDING CORP,3,1,1,1,1,0,1,0,0,1
CITIZENS WATER SERVICE INC,3,2,2,1,0,0,0,2,0,2
CLARK CONSTRUCTION INC OF MISSISSIPPI,3,2,1,0,0,0,0,1,0,1
CLEBURNE COUNTY COMMISSION,3,0,0,0,0,0,0,0,0,0
CORNERSTONE WORD OF LIFE CHURCH,3,3,3,1,0,0,0,3,0,3
DAVID ACTON BUILDING CORPORATION,3,3,1,0,0,0,0,1,0,1
DEMOPOLIS CITY OF WATER WORKS SEWER BD,3,0,0,0,0,0,0,0,0,0
DONAHUE LAND LLC,3,1,1,1,0,0,1,0,1,0
EAGLE PROPERTIES LLC,3,2,2,2,0,0,1,1,0,2
EAST ALABAMA HEALTH CARE AUTHORITY THE,3,1,0,0,0,0,0,0,0,0
EAST GLENN INVESTMENT PROPERTY LLC,3,3,2,1,0,0,1,1,2,0
ENGLEWOOD HULLS WATER SYSTEM INC,3,1,1,1,0,0,1,1,1,0
ERIC CRAIG HOMES INC,3,2,2,0,1,1,0,2,1,1
EUGENE TURNER GENERAL CONTRACTOR INC,3,0,0,0,0,0,0,0,0,0
FARM DEVELOPMENT LLC,3,2,1,0,1,0,0,1,0,1
FIRST ASSEMBLY OF GOD,3,2,1,1,0,0,1,1,2,0
GALE INSULATION AND SPECIALTIES,3,3,3,0,1,0,2,1,1,2
GANDER MOUNTAIN COMPANY,3,3,3,0,0,0,0,3,1,2
GLEN ALLEN TOWN OF,3,0,0,0,0,0,0,0,0,0
GOLDMAN CONTRACTORS LLC,3,1,0,0,0,0,0,0,0,0
GULF SHORES POWER SPORTS INC,3,3,3,1,1,1,1,0,1,2
H AND H DEVELOPMENT PARTNERS LLC,3,2,0,0,0,0,0,0,1,0
HABITAT FOR HUMANITY OF GREATER BIRMINGHAM,3,1,1,0,0,0,0,1,0,1
HARMON ENGINEERING AND CONTRACTING CO IN,3,2,1,1,0,0,1,1,0,1
HENRY COUNTY COMMISSION,3,1,0,0,0,0,0,0,0,0
HOMEWOOD CITY OF PARK AND RECREATION BD,3,3,3,2,1,0,2,2,0,3
HUNT REFINING COMPANY,3,0,0,0,0,0,0,0,0,0
INFINITY GROUP LLC THE,3,3,3,1,1,0,2,2,1,2
JACKSONS GAP WATER AUTHORITY,3,1,1,0,0,0,0,1,0,1
JOHNSON KREIS CONSTRUCTION CO INC,3,2,2,1,2,0,0,1,0,2
KAMTEK INC,3,0,0,0,0,0,0,0,0,0
LANGFORD CONSTRUCTION COMPANY,3,2,0,0,0,0,0,0,1,0
LOCKHEED MARTIN MISSILES AND FIRE CONTROL,3,2,1,0,0,0,0,1,0,1
LOGANS ROADHOUSE INC,3,3,3,0,0,0,0,3,0,3
MAGNIFICENT PARTNERS LLC,3,1,1,1,1,1,1,1,1,0
MARION COUNTY COMMISSION,3,1,1,0,0,0,0,1,1,0
MILLBROOK CITY OF,3,2,1,0,0,0,1,0,1,0
MONUMENTAL CONTRACTING SERVICE LLC,3,3,3,2,0,0,2,2,2,1
NEW CASTLE DEVELOPMENT,3,2,2,0,1,0,0,2,1,1
NORTHWEST ALABAMA REGIONAL AIRPORT,3,0,0,0,0,0,0,0,0,0
OAKS AT BUENA VISTA LLC THE,3,3,1,0,1,0,0,1,1,0
PIKE COUNTY BOARD OF EDUCATION,3,2,0,0,0,0,0,0,0,0
R AND B CONTRACTING COMPANY INC,3,2,1,0,0,0,0,1,1,1
SECOND CREEK LLC,3,3,2,0,0,0,0,2,0,2
SOUTH BULLOCK COUNTY WATER AUTHORITY,3,1,1,0,0,0,0,1,0,1
STEWART PERRY COMPANY INC,3,3,3,0,1,0,1,3,0,3
TAYLOR AND MIREE CONSTRUCTION INC,3,1,1,0,0,0,0,1,0,1
THORNTON INC,3,3,2,2,0,0,2,1,1,1
TRADEMARK QUALITY HOMES,3,3,1,1,1,1,1,0,2,0
TRADEMARK QUALITY HOMES INC,3,3,0,0,0,0,0,0,1,0
TROY CITY BOARD OF EDUCATION,3,3,1,0,0,0,1,0,2,0
VENTURE CONSTRUCTION COMPANY,3,3,1,0,0,0,0,1,1,1
WATER RIVER WATER AUTHORITY,3,0,0,0,0,0,0,0,0,0
ALEXANDER CONTRACTING COMPANY INC,3,0,0,0,0,0,0,0,0,0
AUTOZONE DEVELOPMENT CORPORATION,3,3,2,0,0,0,1,2,0,2
BOWDEN REALTY INC,3,0,0,0,0,0,0,0,0,0
BRELAND COMPANIES,3,3,3,0,0,0,0,3,0,3
CAMAR CONSTRUCTION CO INC,3,1,1,0,0,0,0,1,0,1
CHESAPEAKE DEVELOPMENT LLC,3,3,1,0,0,1,0,1,1,0
COFFEE COUNTY WATER AUTHORITY,3,0,0,0,0,0,0,0,0,0
COLUMBIANA CITY OF,3,3,3,1,1,0,1,3,1,2
COMMERCIAL PROPERTIES INC,3,1,1,0,0,0,0,1,0,1
COVINGTON AND COMPANY INC,3,2,1,1,1,0,0,1,2,0
DURBAN DEVELOPMENT LLC,3,3,2,0,0,0,0,2,0,2
ESCAMBIA OPERATING COMPANY LLC,3,0,0,0,0,0,0,0,0,0
HOLIDAY BUILDERS INC,3,3,3,2,2,1,1,3,3,0
HUNTSVILLE DESIGN AND CONSTRUCTION,3,3,3,0,0,0,0,3,0,3
HUTTON SEMMES AL ST LLC,3,1,0,0,0,0,0,0,0,0
ITAC ALABAMA LLC,3,1,1,0,0,1,1,1,1,0
JAMES MOORE,3,3,3,1,0,0,3,2,0,3
JERRY DOSS CONSTRUCTION INC,3,0,0,0,0,0,0,0,0,0
KALIOKA INVESTMENTS LLC,3,2,2,1,1,1,1,2,1,1
LAFAYETTE LAND COMPANY,3,2,1,0,0,0,0,1,0,1
LANDSCAPE SERVICES INC,3,1,1,0,0,0,0,1,0,1
LYNN PERSELL HOMEBUILDERS INC,3,3,3,0,0,0,0,3,1,2
MCGOWIN PARK LLC,3,3,2,0,0,1,0,2,2,1
MERCEDES BENZ U S INTERNATIONAL INC,3,1,1,0,0,0,1,1,0,1
MTB CUSTOM BUILDERS INC,3,3,3,2,2,1,2,2,2,1
NORTH AMERICAN LIGHTING INC,3,3,3,0,0,0,0,3,0,3
ODENVILLE TOWN OF UTILITIES BOARD,3,0,0,0,0,0,0,0,0,0
OXFORD CITY SCHOOLS,3,2,2,1,2,0,1,1,1,1
RUSSELL LANDS INC,3,0,0,0,0,0,0,0,0,0
SAVVY HOMES LLC,3,3,3,0,0,0,0,3,1,2
SDIC CONSTRUCTORS,3,0,0,0,0,0,0,0,0,0
SEOHAN AUTO USA CORPORATION,3,0,0,0,0,0,0,0,0,0
SOUTHERN DIRECTIONAL INC,3,1,1,0,0,0,1,1,0,1
TALLAPOOSA COUNTY COMMISSION,3,2,2,1,0,0,0,2,1,1
TIMING LLC,3,2,2,0,1,0,0,2,1,1
UNITED PARCEL SERVICE,3,2,2,0,0,0,0,2,0,2
UNIVERSITY OF MONTEVALLO,3,3,3,0,0,0,1,3,0,3
VALOR COMMUNITIES,3,2,1,1,1,0,0,1,1,0
WESTMINISTER SCHOOL AT OAK MOUNTAIN,3,1,1,0,1,0,1,1,0,1
WESTROCK CP LLC,3,1,0,0,0,0,0,0,1,0
WHATLEY CONSTRUCTION COMPANY INC,3,3,2,1,0,1,1,1,1,1
WHITESBURG CHRISTIAN ACADEMY,3,2,2,1,0,0,0,2,1,1
ALABAMA STATE PORT AUTHORITY,3,0,0,0,0,0,0,0,0,0
AQUATIC RESTORATION INC,3,1,1,0,0,0,0,1,0,1
ARRINGTON CURB AND EXCAVATION INC,3,2,2,0,0,1,0,2,1,1
CIVILWORX CONSTRUCTION,3,1,1,0,0,0,1,1,0,1
CLEMENTS DEAN BUILDING CO LLC,3,0,0,0,0,0,0,0,0,0
COCA COLA BOTTLING COMPANY UNITED INC,3,2,1,0,0,0,0,1,0,1
CRANEWORKS INC,3,3,0,0,0,0,0,0,0,0
CTS EXCAVATIONS LLC,3,3,3,0,0,0,0,3,1,2
DOTHAN HOUSTON COUNTY AIRPORT AUTHORITY,3,0,0,0,0,0,0,0,0,0
EASTERN VALLEY LLC,3,0,0,0,0,0,0,0,0,0
EMBASSY HOME BUILDERS LLC,3,2,2,2,2,0,2,1,2,0
FARMVILLE LAKES LLC,3,1,1,0,1,0,1,0,1,0
GEORGIA PACIFIC BREWTON LLC,3,0,0,0,0,0,0,0,0,0
GRAND PROPERTIES LLC,3,3,3,1,1,2,2,3,1,2
GUNTERSVILLE CITY BOARD OF EDUCATION,3,1,1,0,0,0,0,1,0,1
HURST CONSTRUCTION,3,2,2,1,1,0,1,2,0,2
INDIAN CREEK EXCAVATING,3,1,1,0,0,0,0,1,0,1
INFIRMARY HEALTH SYSTEM INC,3,3,2,0,0,0,0,2,1,1
LAFAYETTE CITY OF,3,0,0,0,0,0,0,0,0,0
LIBERTY CONSTRUCTION COMPANY LLC,3,2,2,1,0,1,1,1,1,1
LOVES TRAVEL STOPS AND COUNTRY STORES IN,3,3,3,1,1,0,0,3,1,2
MARION COUNTY PUBLIC WATER AUTHORITY,3,3,3,0,0,0,0,3,0,3
MIKE MCCONNELL HOMES INC,3,3,3,2,1,1,0,3,1,2
NEW GENERATION FOODS LLC,3,3,3,0,0,0,0,3,0,3
NEWCASTLE DEVELOPMENT,3,3,3,3,3,2,3,3,3,0
NOBLE PARTNERS LLC,3,2,1,1,1,1,1,1,1,0
NUCOR STEEL DECATUR LLC,3,0,0,0,0,0,0,0,0,0
REDWOOD FOODS LLC,3,3,3,0,0,0,0,3,0,3
REMLAP PROPERTIES LLC,3,2,2,0,0,0,0,2,0,2
RUSSELL COUNTY WATER AUTHORITY,3,1,1,0,0,0,0,1,0,1
RUSSELL MARINE LLC,3,3,2,0,0,0,0,2,1,2
STONERIDGE HOMES INC,3,3,2,1,2,0,1,2,3,0
TUSCALOOSA COUNTY PARK AND RECREATION AUTHORITY,3,1,1,0,0,0,0,1,0,1
TUSCALOOSA COUNTY PLANNING AND COMMUNITY DEVELOPMENT,3,3,2,1,0,0,1,2,2,0
W F ROGERS CONSTRUCTION LLC,3,2,2,2,0,0,1,2,1,1
WEST FRASER INC,3,1,1,1,0,0,1,1,0,1
WEST FRASER TIMBER MILL,3,1,0,0,0,0,0,0,1,0
WETUMPKA CITY OF,3,1,0,0,0,0,0,0,0,0
WILLIAMS AND BROWN INC,3,3,3,3,1,1,1,3,0,3
ACHEE BUILDERS INC,3,3,2,2,2,0,0,2,1,1
ALEXANDER LAND DEVELOPMENT LLC,3,3,2,2,2,1,2,1,1,1
APEX HOTELS LLC,3,3,1,0,0,0,0,1,1,0
BANK INDEPENDENT,3,3,3,0,0,0,0,3,0,3
BEARDED TURKEY LLC,3,3,3,1,0,0,0,3,0,3
BYRD BUILDERS LLC,3,3,1,0,0,0,0,1,2,0
COLBERT COUNTY COMMISSION,3,2,2,0,0,0,0,2,0,2
CONSOLIDATED DESIGN AND MACHINE INC,3,0,0,0,0,0,0,0,0,0
DSLD HOMES INC,3,3,0,0,0,0,0,0,2,0
DUNLAP CONTRACTING INC,3,2,2,0,0,0,0,2,1,1
ENERGY SMART NEW HOMES LLC,3,2,2,0,0,0,1,2,1,1
EUFAULA CITY BOARD OF EDUCATION,3,1,1,0,0,0,0,1,0,1
FARR CONSTRUCTION INC,3,1,1,0,0,0,1,1,0,1
FOX RIDGE DEVELOPMENT LLC,3,2,1,1,0,0,0,0,2,0
FRASIER OUSLEY CONSTRUCTION AND ENGINEERING INC,3,2,1,0,0,0,1,0,1,1
GENEVA CITY OF,3,2,2,0,0,0,0,2,0,2
GEORGIA PACIFIC WOOD PRODUCTS LLC,3,1,1,0,0,0,0,1,0,1
GLENCOE CITY OF,3,1,1,0,0,0,0,1,0,1
GRACE LIFE BAPTIST CHURCH,3,2,2,0,0,0,1,2,1,1
H MONROE PROPERTIES LLC,3,2,2,1,0,1,2,1,1,1
HALE BUILDING COMPANY INC,3,1,1,0,0,0,0,1,0,1
HAYLEY FREEMAN CONTRACTING,3,2,1,1,1,0,1,0,2,0
HOLLEY PROPERTIES LLC,3,1,0,0,0,0,0,0,0,0
IKAROS LLC,3,1,1,1,0,0,1,0,1,0
K AND A BUILDERS INC,3,1,1,0,0,0,0,1,0,1
KIRKPATRICK CONCRETE INC,3,2,2,0,0,0,1,1,1,1
LAUREL GROVE INC,3,2,2,2,2,1,2,2,2,0
MARQUEE CUSTOM HOMEBUILDERS LLC,3,2,2,1,1,1,0,2,0,2
MICHAELS TREE SERVICE LLC,3,3,1,0,0,0,0,1,2,1
MIDSTATES PETROLEUM,3,1,1,1,0,0,1,0,1,0
MITCHELL COMPANY LLC THE,3,3,2,1,1,2,1,1,1,1
RCHP FLORENCE LLC,3,3,3,0,0,0,0,3,0,3
RICK KALDROVICS,3,1,1,0,0,0,0,1,0,1
RIVER ROCK CONSTRUCTION OF ALABAMA LLC,3,1,1,0,0,0,0,1,1,0
SONIC AUTOMOTIVE INC,3,0,0,0,0,0,0,0,0,0
SONNY LLC,3,2,1,0,0,1,0,1,2,0
SOUTHEASTERN SEALCOATING INC,3,1,1,1,0,0,1,1,0,1
TARRANT CITY OF,3,0,0,0,0,0,0,0,0,0
TE STEVENS COMPANY INC,3,1,1,1,0,1,1,0,0,1
TWO OLD DUCKS LLC,3,2,1,0,0,0,0,1,2,0
UNITED STATES STEEL CORPORATION,3,2,1,1,0,0,0,0,0,1
VALLEY JOIST LLC,3,1,1,0,0,0,0,1,0,1
WILLIAMS TRANSCONTINENTAL GAS PIPELINE COMPANY LLC,3,0,0,0,0,0,0,0,0,0
YASIR SHARFI,3,3,2,0,0,0,0,2,0,2
AIKEN DESIGN AND CONSTRUCTION INC,3,2,2,1,1,1,0,2,0,2
ARCO MURRAY INC,3,2,1,0,0,0,0,1,1,0
COLONIAL PIPELINE COMPANY,3,1,1,0,0,0,0,1,0,1
COLUMBUS SQUARE I LLC,3,2,0,0,0,0,0,0,2,0
DAN MOONEY CUSTOM HOMES,3,3,3,1,0,0,1,3,1,2
ECOVERY LLC,3,3,3,1,0,0,1,3,0,3
ESFAHANI REAL ESTATE HOLDINGS LLC,3,2,1,1,0,0,0,1,0,1
GRAHAM AND COMPANY,3,2,2,1,0,0,1,2,0,2
HALLMARK ACQ LLC,3,1,1,0,0,0,1,1,1,0
HERCULES INVESTMENTS LLC,3,3,3,0,0,0,0,3,0,3
HUNTSVILLE DESIGN AND CONSTRUCTION INC,3,1,1,0,0,0,0,1,1,0
JMW INVESTMENTS LLC,3,3,3,0,0,0,0,3,0,3
KOTOBUKIYA TREVES NORTH AMERICA,3,3,3,0,0,0,0,3,0,3
KRONOSPAN LLC,3,2,2,1,1,1,2,1,1,1
LAND AND TIMBER LLC,3,2,0,0,0,0,0,0,2,0
M AND E INC,3,3,0,0,0,0,0,0,0,0
MCCULLOUGH OIL COMPANY,3,1,1,0,0,0,0,1,0,1
OAKMAN WATER WORKS CORPORATION,3,2,2,0,0,0,0,2,0,2
PORTRAIT HOMES BHM LLC,3,2,2,2,2,1,1,1,1,1
PROVIDENCE ACREAGE,3,0,0,0,0,0,0,0,0,0
RACO ALABAMA,3,2,1,1,1,0,1,0,1,0
RICHARDS EQUIPMENT LLC,3,2,2,0,0,0,1,2,0,2
SOUTHERN VISIONS LLP,3,3,3,2,0,0,1,3,2,1
TIM YATES CONSTRUCTION LLC,3,1,1,0,0,0,0,1,0,1
W G YATES AND SONS CONSTRUCTION COMPANY,3,0,0,0,0,0,0,0,0,0
AEROJET ROCKETDYNE INC,3,1,1,0,0,0,1,1,0,1
BROAD METRO LLC,3,3,2,1,0,0,1,1,2,1
BRUCE WADE,3,2,0,0,0,0,0,0,1,0
CALLOWAY HOMES LLC,3,1,0,0,0,0,0,0,1,0
CHAD DEAN CONSTRUCTION INC,3,2,0,0,0,0,0,0,1,0
CRAIG HOMES LLC,3,3,2,1,1,0,0,2,1,1
DANIEL COMMUNITIES,3,2,0,0,0,0,0,0,1,0
FRANKLIN COUNTY COMMISSION,3,0,0,0,0,0,0,0,0,0
GATEWAY COMPANIES THE,3,2,2,0,0,0,0,2,0,2
GENESIS CONSTRUCTION INC,3,2,1,0,0,0,0,1,0,1
GRIFFCO DESIGN BUILD INC,3,3,1,0,0,0,0,1,0,1
HALPERN ENTERPRISES INC,3,2,0,0,0,0,0,0,1,0
HOUCHENS INDUSTRIES,3,3,3,0,0,0,0,3,0,3
HUTTON MCS SYLACAUGA LLC,3,3,3,0,0,0,1,2,1,2
JACKS FAMILY RESTAURANT,3,3,3,0,0,0,0,3,0,3
JACKS FAMILY RESTAURANT LP,3,2,2,0,0,0,0,2,0,2
JOHN C CALHOUN STATE COMMUNITY COLLEGE,3,2,2,0,0,0,0,2,0,2
KEYSTONE FOODS LLC,3,2,1,0,0,0,0,1,0,1
KIMBERLY CLARK CORPORATION,3,0,0,0,0,0,0,0,0,0
LANETT CITY OF,3,1,0,0,0,0,0,0,1,0
MARSHALL COUNTY BOARD OF EDUCATION,3,0,0,0,0,0,0,0,0,0
MIKE ROZIER CONSTRUCTION CO INC,3,2,0,0,0,0,0,0,0,0
MJO LLC,3,3,2,0,0,0,0,2,0,2
OAKWOOD UNIVERSITY,3,1,1,0,0,0,0,1,0,1
QUENTIN GILLETTE,3,2,2,0,0,0,0,2,0,2
R PRICE COMPANY INC,3,2,0,0,0,0,0,0,1,0
REGIONS BANK,3,2,1,0,0,0,0,1,0,1
RELIANT REAL ESTATE MANAGEMENT LLC,3,2,2,0,0,0,0,2,0,2
ROBINSON AND SONS CONSTRUCTION SERVICES INC,3,1,1,0,0,0,0,1,0,1
SMYRNA READY MIX CONCRETE LLC,3,0,0,0,0,0,0,0,0,0
SPANN FARM DEVELOPMENT LLC,3,3,0,0,0,0,0,0,3,0
STEWART AND WHATLEY BUILDERS LLC,3,2,2,1,0,0,0,2,1,1
SYCAMORE CONSTRUCTION INC,3,3,3,0,0,0,0,3,0,3
TALLADEGA COLLEGE,3,3,2,0,2,0,2,2,0,2
THOMPSON CARRIERS INC,3,2,0,0,0,0,0,0,1,0
ACHEE BUILDERS LLC,3,3,3,2,1,1,1,2,1,2
ALEXANDER CONTRACTING CO INC,3,0,0,0,0,0,0,0,0,0
AMMONS AND BLACKMON,3,3,2,1,1,0,1,1,1,1
AVIAGEN NORTH AMERICA,3,2,2,0,0,0,0,2,0,2
BUILDERS PROFESSIONAL GROUP LLC,3,3,1,0,1,1,1,0,3,0
CS BEATTY CONSTRUCTION INC,3,0,0,0,0,0,0,0,0,0
CULLMAN REGIONAL MEDICAL CENTER,3,1,0,0,0,0,0,0,0,0
CUNNINGHAM DELANEY,3,3,3,2,1,2,0,2,1,2
DBW BUILDERS LLC,3,2,0,0,0,0,0,0,0,0
ECSX LLC,3,2,0,0,0,0,0,0,2,0
FORT DEPOSIT WATER WORKS AND SEWER BD,3,0,0,0,0,0,0,0,0,0
GARNET ELECTRIC CO INC,3,1,1,0,0,0,0,1,0,1
J AND S LAND LLC,3,2,1,0,0,0,1,1,2,0
LINAMAR CORPORATION,3,3,3,0,0,0,0,3,0,3
LUMPKIN DEVELOPMENT HOLDINGS LLC,3,1,0,0,0,0,0,0,0,0
MAXUS CONSTRUCTION CO,3,3,3,1,1,1,0,3,0,3
MAXUS CONSTRUCTION COMPANY,3,2,1,0,0,0,0,1,0,1
MYRICK GUROSKY AND ASSOCIATES INC,3,1,1,0,1,0,1,1,1,0
PROFOUND PARTNERS LLC,3,1,0,0,0,0,0,0,1,0
SABIC INNOVATIVE PLASTICS US LLC,3,3,1,0,0,0,0,1,0,1
SCI ALABAMA FUNERAL SERVICES LLC,3,3,3,1,1,0,1,3,0,3
SKELTON INVESTMENTS LLC,3,0,0,0,0,0,0,0,0,0
SPIRE INC,3,0,0,0,0,0,0,0,0,0
STEVEN VAUGHN CONSTRUCTION INC,3,2,1,0,0,0,0,1,0,1
T SQUARE LLC,3,1,0,0,0,0,0,0,1,0
TESC LLC,3,1,0,0,0,0,0,0,0,0
THE BUILDERS GROUP LLC,3,1,1,1,0,0,0,1,1,0
THREE FINGERS INC,3,2,1,0,0,0,0,1,1,0
AMERICAN WATER ENTERPRISES,3,1,0,0,0,0,0,0,0,0
BLUE ORIGIN ALABAMA LLC,3,1,1,0,0,0,0,1,0,1
CARVANA LLC,3,2,1,0,0,0,1,1,1,0
CHILTON COUNTY COMMISSION,3,1,1,0,0,0,0,1,0,1
DANIEL BUILDERS LLC,3,1,0,0,0,0,0,0,1,0
ENERGY SMART NEW HOMES,3,2,2,0,1,0,1,2,1,1
EVERGREEN EROSION CONTROL LLC,3,1,0,0,0,0,0,0,1,0
GARNEY COMPANIES INC,3,1,1,0,0,0,0,1,0,1
GENE R FOSHEE INC,3,3,3,0,0,1,1,3,0,3
GRAHAM AND COMPANY LLC,3,2,2,2,1,0,2,1,1,1
GREER BUILDING CONTRACTORS LLC,3,3,3,0,0,0,1,2,0,3
GULF CROWN INC,3,3,3,1,1,1,1,3,2,1
H O WEAVER AND SONS INC,3,1,0,0,0,0,0,0,1,0
JLD ENTERPRISES LLC,3,1,0,0,0,0,0,0,1,0
LL AND T PROPERTIES LTD,3,2,0,0,0,0,0,0,0,0
MINGLEDORFFS INC,3,1,0,0,0,0,0,0,0,0
MOORES CONSTRUCTION LLC,3,3,0,0,0,0,0,0,2,0
NORTH HILLS AT FAIRHOPE LLC,3,3,2,0,2,1,1,2,1,1
PINPOINT LOCATING INC,3,0,0,0,0,0,0,0,0,0
PREMIUM PROPERTIES LLC,3,3,2,1,0,0,0,2,2,0
QUALITY INVESTMENT PROPERTY LLC,3,3,0,0,0,0,0,0,2,0
SHADDIX COMPANY THE,3,1,0,0,0,0,0,0,0,0
SHINHWA AUTO USA CORPORATION,3,1,0,0,0,0,0,0,1,0
SHOWA BEST GLOVE INC,3,1,0,0,0,0,0,0,0,0
SOUTHWIRE COMPANY,3,2,1,0,0,0,0,1,1,1
TENNESSEE VALLEY COMMUNITIES LLC,3,2,1,0,0,0,0,1,0,1
US GENERAL CONSTRUCTION INC,3,2,1,0,0,0,0,1,0,1
WALLACE STATE COMMUNITY COLLEGE,3,1,1,0,0,0,0,1,0,1
WJH LLC,3,2,0,0,0,0,0,0,0,0
BRIXMOR GA SPRINGALE MOBILE LIMITED PARTNERSHIP,3,3,0,0,0,0,0,0,0,0
BUILDERS GROUP DEVELOPMENT LLC,3,1,1,1,0,0,1,1,1,0
COOSA VALLEY ELECTRIC COOPERATIVE,3,0,0,0,0,0,0,0,0,0
CREOLA INDUSTRIAL PARK LLC,3,1,0,0,0,0,0,0,1,0
DAVID BRYAN HOMES,3,1,0,0,0,0,0,0,1,0
DAVIDSON HOMES,3,1,1,0,0,0,0,1,0,1
DOUGLAS HOMES LLC,3,1,0,0,0,0,0,0,0,0
ESPLANADE COMMUNITIES OF FLORIDA LLC,3,2,1,1,0,1,0,0,1,1
EXCHANGE PLACE HOSPITALITY LLC,3,2,2,0,0,0,0,2,0,2
GULF SHORES CITY OF AIRPORT AUTHORITY,3,2,1,0,0,0,0,1,0,1
HLA PROPERTIES LLC,3,3,1,0,1,0,0,1,0,1
HOAR CONSTRUCTION,3,0,0,0,0,0,0,0,0,0
INSPIRING PARTNERS LLC,3,2,0,0,0,0,0,0,1,0
JHCC HOLDINGS LLC,3,3,2,0,0,0,0,2,0,2
KNEE DEEP ENTERPRIZES LLC,3,3,3,3,1,2,1,2,2,1
LG AS PROPCO LLC,3,2,0,0,0,0,0,0,0,0
LINTON ROAD LLC,3,2,0,0,0,0,0,0,1,0
MOBILE CITY OF BD WATER AND SEWER COMM,3,1,0,0,0,0,0,0,0,0
NORTH ALABAMA COMMUNITIES LLC,3,2,1,0,0,0,0,1,1,0
NORTH RIVER PROPERTY DEVELOPMENT LLC,3,1,1,1,0,0,1,1,1,0
OLDE TOWNE INVESTMENTS,3,1,1,0,0,0,0,1,0,1
REC INVESTMENTS,3,1,0,0,0,0,0,0,0,0
REED HAYS CONSTRUCTION LLC,3,2,1,0,0,0,0,1,0,1
SHJ CONSTRUCTION GROUP,3,3,3,0,1,0,1,3,0,3
SUMMERDALE TOWN OF,3,2,2,0,0,0,0,2,0,2
TD DEVELOPMENT LLC,3,3,0,0,0,0,0,0,0,0
TONY PORCO CONSTRUCTION INC,3,0,0,0,0,0,0,0,0,0
TORTORIGI CONSTRUCTION INC,3,3,3,2,2,1,3,3,3,0
TRI STAR ENERGY LLC,3,2,2,0,0,0,0,2,0,2
U S ARMY CORPS OF ENGINEERS,3,0,0,0,0,0,0,0,0,0
UNIVERSITY OF SOUTH ALABAMA HEALTHCARE AUTHORITY,3,3,0,0,0,0,0,0,1,0
WEST MORGAN EAST LAWRENCE WATER AND SEWER AUTHORITY,3,1,1,0,0,0,0,1,0,1
WILLIAMSON LAND DEVELOPMENT INC,3,0,0,0,0,0,0,0,0,0
WIREGRASS HOMES LLC,3,1,0,0,0,0,0,0,1,0
3M COMPANY,3,3,3,0,0,0,0,3,0,3
AINSWORTH HOMES LLC,3,1,0,0,0,0,0,0,0,0
BEAUREGARD WATER AUTHORITY,3,2,0,0,0,0,0,0,0,0
BUILDERS GROUP OF WEST ALABAMA LLC THE,3,1,1,1,1,0,0,1,1,0
CALIBER 1 CONSTRUCTION INC,3,0,0,0,0,0,0,0,0,0
CARLISLE DEVELOPMENT COMPANY LLC,3,2,1,0,0,0,0,1,0,1
DENDY INVESTMENT GROUP LLC,3,1,0,0,0,0,0,0,2,0
GARDEN STREET COMMUNITIES SOUTHEAST LLC,3,2,2,1,0,1,1,2,1,1
JERRY KYSER BUILDER INC,3,2,0,0,0,0,0,0,0,0
KLEBAN PROPERTIES LLC,3,3,3,1,0,0,0,2,0,3
KOHLER COMPANY,3,1,0,0,0,0,0,0,0,0
MARK SCHROETER,3,1,0,0,0,0,0,0,0,0
MARSHALL DESIGN BUILD,3,3,3,2,0,0,2,2,1,2
MHH INC,3,1,1,0,0,0,0,1,1,0
NEW SIGHT CONSTRUCTION LLC,3,1,0,0,0,0,0,0,0,0
ROLIN CONSTRUCTION INC,3,2,2,0,0,0,1,2,1,1
SWEETWATER INVESTMENTS LLC,3,2,2,1,0,0,0,2,0,2
TRIPTEK CONSTRUCTION LLC,3,2,1,0,0,0,0,1,0,1
U S SPACE AND ROCKET CENTER FOUNDATION,3,1,1,0,0,0,0,1,0,1
WELLINGTON DEVELOPMENT COMPANY LLC,3,1,1,0,0,0,1,0,1,0
WINTER HOMES INVESTMENT PROPERTIES LLC,3,3,1,0,0,0,0,1,1,1
AVERITT EXPRESS INC,3,1,1,0,0,0,0,1,0,1
BIG M EXCAVATING,3,0,0,0,0,0,0,0,0,0
BRANTLEY TOWN OF,3,0,0,0,0,0,0,0,0,0
C ROBERDS GENERAL CONTRACTORS LLC,3,3,2,0,0,0,0,2,0,2
DSLD GULF COAST LLC,3,2,2,0,0,0,1,2,2,0
DUFFEY SOUTHEAST INC,3,3,2,0,0,0,0,2,0,2
GREENWOOD MOTOR LINES INC,3,1,1,0,0,0,0,1,0,1
HOLLEY HENLEY BUILDERS INC,3,1,0,0,0,0,0,0,0,0
HUNTSVILLE UTILITIES WATER DEPARTMENT,3,0,0,0,0,0,0,0,0,0
JB AND L LLC,3,3,3,0,0,0,0,3,1,2
JIM CHAPMAN COMMUNITIES INC,3,2,2,0,0,0,0,2,0,2
KINETIC CAPITAL IV LLC,3,2,1,0,0,0,0,1,0,1
LIMITLESS HOMES LLC,3,3,3,2,0,0,0,3,0,3
MCINTYRE HOME BUILDERS LLC,3,0,0,0,0,0,0,0,0,0
MORRISON LAND CONTRACTING LLC,3,2,2,1,0,1,1,2,1,1
MWB RESTAURANTS LLC,3,3,3,0,0,0,0,3,0,3
OLYMPIA CONSTRUCTION INC,3,1,1,1,1,1,1,1,1,0
POIEMA DEVELOPING LLC,3,1,0,0,0,0,0,0,0,0
ROSEHILL CONSTRUCTION LLC,3,2,0,0,0,0,0,0,1,0
ROY LEWIS CONSTRUCTION CORPORATION,3,3,1,0,0,0,0,1,0,1
ROYAL INVESTMENTS GROUP LLC,3,2,2,1,2,0,1,2,0,2
ST CLAIR COUNTY SCHOOLS,3,2,2,0,0,0,0,2,0,2
T E STEVENS CONSTRUCTION INC,3,2,2,2,2,0,2,2,2,0
THRASH COMMERCIAL CONTRACTORS INC,3,1,0,0,0,0,0,0,1,0
TOWER COASTAL LLC,3,3,3,2,0,0,0,3,1,2
WJHAL LLC,3,2,2,0,0,0,1,2,1,1
A AND C BUILDERS LLC,3,1,0,0,0,0,0,0,1,0
AL SOLAR G LLC,3,1,0,0,0,0,0,0,0,0
CALIBER COLLISION CENTERS,3,2,1,0,0,0,0,1,0,1
COCHRAN BUILDERS INC,3,1,0,0,0,0,0,0,1,0
CULBERTSON CONTRACTORS,3,1,1,0,0,0,0,1,0,1
EQUAL JUSTICE INITIATIVE,3,1,0,0,0,0,0,0,1,0
GFC CONSTRUCTION INC AND DOMINION CONSTRUCTION INC JV LLC,3,0,0,0,0,0,0,0,0,0
HARTBROOK DEVELOPMENT LLC,3,2,0,0,0,0,0,0,0,0
HUNTSVILLE UTILITIES NATURAL GAS DEPARTM,3,0,0,0,0,0,0,0,0,0
JAM CONTRACTING LLC,3,3,2,0,0,0,0,2,1,1
LAND VENUES INC,3,2,1,0,0,0,0,1,0,1
LIMESTONE CO BOARD OF EDUCATION,3,0,0,0,0,0,0,0,0,0
NEW PLAN PROPERTIES LLC,3,2,2,0,0,0,0,2,2,0
S AND L PROPERTIES HUNTSVILLE LLC,3,2,2,0,0,0,0,2,0,2
STAR SIGNATURE HOMES LLC,3,2,1,0,1,0,0,1,1,1
TERRY EQUIPMENT COMPANY LLC,3,2,1,0,0,0,0,1,1,1
WSW LAND DEVELOPMENT LLC,3,1,0,0,0,0,0,0,1,0
CHILTON COUNTY BOARD OF EDUCATION,3,2,2,1,1,1,1,1,1,1
ELMORE COUNTY BOARD OF EDUCATION,3,0,0,0,0,0,0,0,0,0
HUDSON COMPANY OF TENNESSEE,3,2,1,0,0,0,0,1,1,1
LURLEEN B WALLACE COMMUNITY COLLEGE,3,1,0,0,0,0,0,0,0,0
MURPHY HOMES,3,1,0,0,0,0,0,0,0,0
NORTH ALABAMA CONSTRUCTION SPECIALISTS LLC,3,2,1,0,0,0,1,1,2,0
PRYOR FIELD AIRPORT AUTHORITY,3,1,1,0,0,0,0,1,0,1
RABREN EXCAVATION LLC,3,3,0,0,0,0,0,0,2,0
RADER MCCARY INC,3,1,0,0,0,0,0,0,0,0
REEVES AND SHAW CONSTRUCTION LLC,3,2,1,0,0,0,0,1,2,0
THREET BUILDERS EXCAVATING AND CONSTRUCTION LLC,3,1,1,0,0,0,0,1,0,1
TLS CONSTRUCTION LLC,3,1,1,1,0,0,0,0,1,0
WITHERINGTON CONSTRUCTION CORPORATION,3,2,1,1,0,0,0,1,0,1
BULLEY AND ANDREWS ROCK CITY LLC,3,0,0,0,0,0,0,0,0,0
CONTE CONSTRUCTION LLC,3,1,1,1,0,1,0,1,1,0
HYDRO GREEN EROSION CONTROL LLC,3,0,0,0,0,0,0,0,0,0
SUPERIOR WALL AND PAVER LLC,3,1,0,0,0,0,0,0,0,0
TIM THOMASON CONSTRUCTION AND LANDSCAPING INC,3,0,0,0,0,0,0,0,0,0
TRENCHLINE CIVIL LLC,3,0,0,0,0,0,0,0,0,0
WR COVE LLC,3,2,1,1,0,0,0,1,0,1
165 PARTNERS LLC,2,2,2,2,1,2,2,1,1,1
A AND B 10 LLC,2,2,2,1,1,1,2,2,2,0
ABBEVILLE CITY OF,2,2,0,0,0,0,0,0,1,0
ADAMS ROBINSON CONSTRUCTION,2,2,2,2,1,0,1,1,0,2
ANDY SHANKLES,2,2,2,0,0,0,0,2,2,0
ATHENS CITY BOARD OF EDUCATION,2,2,1,0,0,0,0,1,1,1
AUBURN UNIVERSITY OF MONTGOMERY,2,1,0,0,0,0,0,0,1,0
B AND W LAND CO LLC,2,2,1,0,0,0,0,1,1,1
BAKER DEVELOPMENT LLC,2,2,2,0,0,0,0,2,1,1
BAMA BUDWEISER OF SYLACAUGA,2,1,1,1,1,1,1,1,1,0
BAPTIST HEALTH SYSTEMS,2,1,1,0,0,0,0,1,1,0
BAY GAS STORAGE COMPANY LTD,2,1,0,0,0,0,0,0,0,0
BRADLEY PLUMBING AND HEATING INC,2,0,0,0,0,0,0,0,0,0
BUILDERS MARTIN BUILDERS LLC,2,2,2,0,2,0,2,2,2,0
CARDINAL CONTRACTING INC,2,1,0,0,0,0,0,0,1,0
CARROLLS CREEK WATER AUTHORITY INC,2,0,0,0,0,0,0,0,0,0
CHANDLER JONES LLC,2,2,2,1,1,0,1,2,1,1
CHARLES K BRELAND JR,2,1,1,0,0,0,0,1,0,1
CHELSEA PARK DEVELOPMENT INC,2,1,1,1,1,0,1,1,1,0
CLARKE MOBILE COUNTIES GAS DISTRICT,2,0,0,0,0,0,0,0,0,0
CLAY CITY OF,2,1,1,1,1,0,1,1,1,0
COASTAL ALABAMA COMMUNITY COLLEGE,2,1,1,0,0,0,1,0,0,1
COTTER ENTERPRISES INC,2,2,1,1,1,0,1,0,1,0
CP 4 AL INC,2,2,0,0,0,0,0,0,0,0
DAPHNE CITY OF UTILITIES BOARD,2,2,2,0,1,0,1,2,1,1
DELANEY EXCHANGE LLC,2,1,0,0,0,0,0,0,0,0
DEMOPOLIS CITY OF,2,2,0,0,0,0,0,0,2,0
DEXTER DYKES,2,2,1,1,0,0,1,0,1,0
DOOLEYMACK CONSTRUCTORS OF GEORGIA INC,2,1,1,0,0,0,0,1,0,1
DR HORTON BIRMINGHAM,2,1,0,0,0,0,0,0,1,0
DRM UTILITIES LLC,2,1,0,0,0,0,0,0,1,0
ELITE DEVELOPERS LLC,2,2,2,0,0,0,0,2,1,1
EMJ CONSTRUCTION,2,1,1,0,1,1,1,1,0,1
ESCAMBIA COUNTY COMMISSION,2,2,2,0,0,0,1,1,0,2
GARY C WYATT INC,2,2,2,2,1,0,1,2,0,2
GLORY LLC,2,2,2,0,1,0,2,2,0,2
GROSS BUILDERS,2,2,2,0,1,0,1,2,1,1
GUNTERS LANDING HOLDINGS LLC,2,2,1,0,0,0,0,1,1,1
HOMECORPS DEVELOPERS LLC,2,2,0,0,0,0,0,0,1,0
HUGHES CAPITAL PARTNERS,2,2,2,1,0,0,0,2,1,1
JACKS FAMILY RESTAURANTS INC,2,2,1,1,0,0,1,0,1,1
JDM INVESTMENTS LLC,2,2,1,0,0,0,0,1,0,1
JEFF BENTON DEVELOPMENT INC,2,2,2,0,0,0,0,2,1,1
JOHN CANNON,2,1,1,0,0,0,0,1,1,1
JOON LLC DBA AJIN USA,2,1,0,0,0,0,0,0,0,0
K W PLASTICS,2,2,2,1,0,0,1,1,0,2
KRJ DEVELOPMENT INC,2,2,0,0,0,0,0,0,2,0
LLEDO DEVELOPERS LLC,2,2,1,0,0,0,0,1,2,0
LUKE 4 18 FELLOWSHIP CHURCH,2,2,1,1,1,1,0,0,0,1
M AND M HOMEBUILDERS LLC,2,1,1,0,0,0,1,0,1,0
M AND M HOMESBUILDERS LLC,2,1,1,0,1,0,1,0,1,0
MARAND BUILDERS,2,1,1,0,0,0,0,1,0,1
MCMICHAELS CONSTRUCTION CO INC,2,2,2,1,0,0,0,2,0,2
MGC ROOFING AND CONSTRUCTION INC,2,1,0,0,0,0,0,0,1,0
MIDSOUTH BANK,2,2,0,0,0,0,0,0,1,0
MOBLEY DEVELOPMENT INC,2,1,1,1,1,0,1,1,1,0
NORDAN CONTRACTING CO INC,2,1,0,0,0,0,0,0,0,0
NSH CORPORATION SIGNATURE HOMES,2,2,2,2,1,0,2,2,2,0
P F MOON AND COMPANY INC,2,1,1,0,0,0,0,1,0,1
PCI SUPPORT SERVICES LLC,2,1,0,0,0,0,0,0,0,0
PEAK NA USA INC,2,2,0,0,0,0,0,0,0,0
PRO BUILT CONSTRUCTION LLC,2,1,1,1,1,0,1,1,1,0
RBI BUILDERS LLC,2,2,0,0,0,0,0,0,2,0
READY MIX USA LLC,2,0,0,0,0,0,0,0,0,0
REX BARNES,2,1,1,0,0,0,0,1,0,1
RGM PROPERTIES LLC,2,2,1,0,0,0,0,1,0,1
RIDGEFIELD DEVELOPMENT INC,2,0,0,0,0,0,0,0,0,0
ROBERT W BISHOP,2,1,1,0,1,0,1,0,0,1
ROBINSON PAVING COMPANY,2,1,1,0,0,0,0,1,0,1
SELLERS STATION WATER SYSTEM INC,2,1,0,0,0,0,0,0,1,0
SJ AND L GENERAL CONTRACTORS LLC,2,1,0,0,0,0,0,0,1,0
SOUTH ALABAMA UTILITIES,2,1,0,0,0,0,0,0,1,0
SOUTHEAST CONSTRUCTION LLC,2,2,0,0,0,0,0,0,0,0
SOUTHPOINT BANK,2,2,1,0,0,0,0,1,0,1
SPRIGGS ENTERPRISES INC,2,2,2,1,1,2,1,2,1,1
ST CLAIR DEVELOPMENT LLC,2,2,1,0,0,0,0,1,0,1
ST IGNATIUS PARISH MOBILE,2,1,0,0,0,0,0,0,0,0
STALLINGS AND SONS INC,2,1,1,0,0,0,1,0,1,0
STONE BUILDING COMPANY INC,2,1,1,0,0,0,0,1,0,1
STRAIN CONSTRUCTION CO,2,1,1,0,0,0,0,1,0,1
T AND K CONSTRUCTION LLC,2,1,1,1,0,0,1,1,1,0
TALLAPOOSA COUNTY BOARD OF EDUCATION,2,1,0,0,0,0,0,0,1,0
TRILLIUM DEVELOPMENT PARTNERS LLC,2,0,0,0,0,0,0,0,0,0
TUSCUMBIA CITY OF,2,2,1,0,0,0,0,1,0,1
TUSKEGEE CITY OF,2,2,1,0,0,0,0,1,1,1
VILLAGE AT HIGHLAND LAKES INC THE,2,2,2,2,1,1,2,2,2,0
W G YATES AND SONS CONSTRUCTION,2,1,1,0,1,1,1,0,1,0
WAITES CONSTRUCTION CO INC,2,1,1,0,0,0,0,1,0,1
WATERS BROTHERS CONTRACTORS INC,2,2,1,0,0,0,0,1,1,1
WESTROCK MILL COMPANY LLC,2,2,0,0,0,0,0,0,0,0
YOUNG VILLAGE LLC,2,1,0,0,0,0,0,0,1,0
06185,2,2,1,0,0,0,0,1,1,1
ACE ENGINEERIING INC,2,1,0,0,0,0,0,0,0,0
ALABAMA AND GULF COAST RAILWAY LLC,2,1,0,0,0,0,0,0,0,0
ALABAMA GRAPHITE COMPANY INC,2,0,0,0,0,0,0,0,0,0
ALABAMA PELLETS LLC,2,2,1,1,0,1,1,1,1,1
ALABAMA STATE MILITARY DEPARTMENT,2,2,1,0,0,0,0,1,0,1
ALAN BREWER,2,2,1,0,0,0,0,1,0,1
ALBERTVILLE MUNICIPAL UTILITIES BOARD,2,2,2,0,0,0,0,2,0,2
ALICEVILLE WATER AND SEWER BOARD,2,0,0,0,0,0,0,0,0,0
AMITY CONSTRUCTION COMPANY INC,2,2,1,1,0,0,0,1,1,1
ANNISTON PUBLIC BUILDING AUTHORITY,2,0,0,0,0,0,0,0,0,0
ARGO BUILDING CO INC,2,1,1,0,0,0,0,1,1,0
ARLINGTON PROPERTIES INC,2,1,1,1,1,0,1,1,1,0
ARMY AVIATION CENTER FEDERAL CREDIT UNIO,2,2,2,1,0,1,1,1,1,1
ASHLAND CITY OF,2,0,0,0,0,0,0,0,0,0
AT AND T CORP,2,0,0,0,0,0,0,0,0,0
ATNIP DESIGN AND SUPPLY CENTER INC,2,1,1,1,0,1,0,1,1,0
AUBURDAN INC,2,1,1,0,1,1,1,0,1,0
B H CRAIG CONSTRUCTION INC,2,1,1,1,0,0,0,1,1,0
BALDWIN COUNTY CONSTRUCTION INC,2,2,1,0,0,1,1,1,0,1
BAMA CONCRETE PRODUCTS CO INC,2,1,1,0,0,0,0,1,0,1
BARRETT HOOD AND SATTERWHITE LLC,2,1,1,0,0,0,0,1,0,1
BETHEL BAPTIST CHURCH,2,1,1,0,0,0,0,1,0,1
BIGHAM CONSTRUCTION,2,1,0,0,0,0,0,0,0,0
BILLY COTTER CONSTRUCTION INC,2,2,1,0,0,1,1,0,2,0
BROOKS PEANUT COMPANY INC,2,2,2,0,1,1,1,1,1,1
BROOKWOOD TOWN OF,2,0,0,0,0,0,0,0,0,0
BULLARD EXCAVATING INC,2,2,1,0,0,0,1,1,1,1
BWC ALABAMA LLC,2,2,2,0,0,0,0,2,0,2
C AND J CONTRACTING AND PLUMBING INC,2,2,1,0,0,0,0,1,1,1
CADDELL CONSTRUCTION CO INC,2,2,1,1,1,0,1,1,1,0
CCI,2,0,0,0,0,0,0,0,0,0
COMPENDIUM INTERNATIONAL INC,2,1,0,0,0,0,0,0,0,0
CONCORD LAND DEVELOPMENT COMPANY INC,2,2,2,0,0,1,1,2,1,1
CONECUH SAUSAGE COMPANY INC,2,1,1,1,0,0,1,1,0,1
CONSULTANTS AND BUILDERS INC,2,2,2,2,1,2,2,2,0,2
COOPER MARINE AND TIMBERLANDS,2,0,0,0,0,0,0,0,0,0
COTTAGES AT ROMAR LLP,2,2,2,0,0,1,1,2,1,1
DAA ACQUISITION OF ALABAMA LLC,2,2,2,0,0,0,0,2,0,2
DALEVILLE CITY OF WATER AND SEWER BOARD,2,1,0,0,0,0,0,0,1,0
DAVID STAPLETON BUILDERS,2,2,2,1,0,1,0,2,0,2
DOMINION CONSTRUCTION COMPANY,2,1,1,1,1,0,1,1,1,0
DOUBLE DIAMOND CONSTRUCTION CO INC,2,1,1,1,0,0,0,1,0,1
DUNN CONSTRUCTION COMPANY INC,2,1,0,0,0,0,0,0,0,0
EUGENE TURNER GENERAL CONTRACTORS,2,1,1,0,0,0,0,1,0,1
EUTAW CITY OF,2,1,1,0,0,0,1,1,0,1
EVANS GENERAL CONTRACTORS LLC,2,2,2,1,0,0,1,2,0,2
FAMILY DOLLAR STORES OF ALABAMA INC,2,2,2,0,0,0,0,2,0,2
FAULKNER UNIVERSITY,2,1,0,0,0,0,0,0,1,0
FIRST CHOICE PROPERTY AND DEVELOPMENT LL,2,1,1,1,1,0,1,1,0,1
FIRST METRO BANK,2,2,1,0,0,0,0,1,0,1
FORT MITCHELL WATER SYSTEM INC,2,1,1,0,0,0,0,1,0,1
GBT REALTY CORPORATION,2,2,1,0,0,0,0,1,1,1
GEORGE S HOUSTON LIBRARY ASSOCIATION INC,2,2,2,2,0,0,1,0,2,0
GLEN GARCIA,2,2,2,0,0,0,0,2,0,2
GOLF COURSE REALTY LLC,2,2,2,2,2,1,2,2,2,0
GRAHAM COUNTY LAND COMPANY,2,2,1,0,0,0,0,1,0,1
GRAYS TIRE AND SERVICE CENTER INC,2,2,2,0,0,0,0,2,0,2
GREENLAKE INC,2,2,1,0,0,0,0,1,1,1
GULF SERVICES CONTRACTING INC,2,2,0,0,0,0,0,0,1,0
GULF STATE ENTERPRISES INC,2,2,2,0,0,1,0,2,2,0
HALSTEAD CONTRACTORS LLC,2,1,1,0,0,0,0,1,0,1
HEAD INC,2,2,2,1,1,0,2,2,1,1
HOLMES II EXCAVATING INC,2,1,1,0,0,0,1,1,0,1
HOME DEPOT USA,2,2,2,0,0,1,2,2,0,2
HOMEWOOD CITY OF,2,1,1,0,0,0,0,1,0,1
HOUSING AUTHORITY BIRMINGHAM DISTRICT,2,0,0,0,0,0,0,0,0,0
HUNT PROPERTIES LLC,2,2,1,0,0,0,0,1,0,1
INDORAMA VENTURES XYLENES AND PTA LLC,2,0,0,0,0,0,0,0,0,0
IRA LEWIS,2,2,1,1,0,0,1,1,0,1
JAMES GRAHAM BROWN FOUNDATION INC,2,1,1,0,0,0,1,1,0,1
JOE VINSON BUILDERS INC,2,2,2,1,1,0,1,2,2,0
JONES DESIGN AND CONSTRUCTION,2,2,2,2,2,1,0,1,1,1
KASAI NORTH AMERICA INC,2,1,0,0,0,0,0,0,0,0
KESSTEAM LLC,2,2,2,2,2,0,2,1,1,1
KLOECKNER METALS CORPORATION,2,1,0,0,0,0,0,0,0,0
LAMAR COUNTY COMMISSION,2,1,1,0,0,0,0,1,0,1
LIFECYCLE CONSTRUCTION SERVICES INC,2,2,0,0,0,0,0,0,0,0
LINDSEY DEVELOPMENT COMPANY INC,2,2,2,0,0,0,0,2,1,1
LINEAGE LOGISTICS LLC,2,2,1,1,0,0,1,0,1,1
LOWNDES COUNTY COMMISSION,2,2,2,0,0,0,0,2,1,1
LOWNDESBORO TOWN OF,2,0,0,0,0,0,0,0,0,0
MACLEAN POWER LLC,2,2,1,1,1,0,1,1,1,0
MADDEN ENTERPRISES INC,2,2,0,0,0,0,0,0,0,0
MARK DAVIS CONSTRUCTION CO INC,2,2,2,0,1,1,1,2,1,1
MARSHALL HEALTH SYSTEMS,2,2,0,0,0,0,0,0,0,0
MAX FOOTE CONSTRUCTION CO INC,2,1,0,0,0,0,0,0,0,0
MCDOWELL AND ASSOCIATES,2,2,1,1,1,1,1,0,1,0
MERCEDES BENZ OF MOBILE,2,2,0,0,0,0,0,0,0,0
MILAM AND COMPANY,2,1,1,0,0,0,0,1,0,1
MING ENTERPRISES,2,2,1,1,0,0,0,1,0,1
MITCHELL ELLIS PRODUCTS INC,2,2,0,0,0,0,0,0,0,0
MONTGOMERY HOUSING AUTHORITY,2,2,2,1,0,0,1,1,1,1
MORROW GREYSTONE LLC,2,1,1,0,0,0,0,1,1,0
NADM LLC,2,2,1,1,0,0,1,0,1,0
NEAREN CONSTRUCTION INC,2,2,0,0,0,0,0,0,1,0
NEWELL AND BUSH INC,2,0,0,0,0,0,0,0,0,0
OAKLEY EXCAVATING INC,2,2,1,0,0,0,0,1,1,1
ODENVILLE I 59 LLC,2,2,2,0,0,0,2,2,2,0
OVERTON INVESTMENTS LLC,2,2,1,0,1,0,1,1,0,1
PRICHARD CITY OF HOUSING AUTHORITY,2,2,0,0,0,0,0,0,2,0
R T MILORD COMPANY,2,1,0,0,0,0,0,0,0,0
RAY MONT LOGISTICS MOBILE INC,2,1,0,0,0,0,0,0,0,0
RAY WEAVER BUILDERS,2,0,0,0,0,0,0,0,0,0
S AND W LAND DEVELOPMENT LLC,2,2,2,0,0,0,1,2,1,1
S T BUNN CONSTRUCTION CO INC,2,1,1,0,0,0,0,1,0,1
SCOTT BRIDGE COMPANY INC,2,2,2,1,0,0,0,2,0,2
SEQUOIA LAND DEVELOPMENT,2,1,1,1,1,1,1,1,1,0
SERVISFIRST BANK,2,1,1,0,0,0,0,1,0,1
SONIC DEVELOPMENT LLC,2,1,0,0,0,0,0,0,1,0
SOUTHEASTERN CHEROKEE CONSTRUCTION INC,2,0,0,0,0,0,0,0,0,0
SOUTHERN SCAPES HOMES DESIGN LLC,2,0,0,0,0,0,0,0,0,0
SPRINGVILLE CITY OF,2,2,2,0,0,0,0,2,1,1
ST VINCENTS HOSPITAL,2,1,1,1,0,0,1,0,0,1
STANLEY CONSTRUCTION CO INC,2,2,0,0,0,0,0,0,0,0
STANLEY CONSTRUCTION COMPANY,2,0,0,0,0,0,0,0,0,0
STEVENSON TOWN OF UTILITIES BOARD,2,1,1,0,0,0,0,1,0,1
SULLIVAN AND ASSOCIATES HOME BUILDERS,2,2,2,1,2,0,0,2,0,2
SUMMERVILLE HOMES INC,2,2,1,1,1,0,1,1,2,0
SWR HOLDINGS LLC,2,2,1,0,0,0,0,1,0,1
TANNER HEALTH SYSTEM INC,2,1,1,1,1,0,1,1,1,0
THYSSEN KRUPP MATERIALS NA INC,2,2,2,1,1,0,1,1,2,0
TIGER CROSSING LLC,2,2,1,0,1,0,0,1,1,1
TRIMBACK CONSTRUCTION LLC,2,2,2,0,1,1,2,0,2,0
TURNER UNIVERSAL CONSTRUCTION CO INC,2,0,0,0,0,0,0,0,0,0
TUSKEGEE UNIVERSITY,2,1,0,0,0,0,0,0,0,0
UNIVERSITY OF ALABAMA IN HUNTSVILLE,2,1,1,0,0,0,0,1,0,1
VIKING DEVELOPMENT,2,2,1,1,1,0,1,1,1,0
WATERSTONE DEVELOPMENT LLC,2,2,2,2,1,0,1,0,1,1
WAYNE GENTRY BUILDER INC,2,2,2,1,1,2,2,0,1,1
WEAVER ENVIRONMENTAL,2,1,1,0,0,0,0,1,0,1
WIELAND DAVCO CORPORATION THE,2,0,0,0,0,0,0,0,0,0
WILLIAMSBURG PLAZA,2,1,0,0,0,0,0,0,0,0
YOUR EXTENDED ATTIC HG LLC,2,2,2,0,0,0,0,2,0,2
ALABAMA INDUSTRIAL DEVELOPMENT TRAINING,2,2,2,0,1,0,0,2,1,1
AMERICAN CAST IRON PIPE COMPANY,2,1,0,0,0,0,0,0,0,0
AVANTI POLAR LIPIDS LLC,2,2,2,0,0,0,0,2,0,2
B L HARBERT INTERNATIONAL INC,2,1,0,0,0,0,0,0,0,0
BAG SUPPLY COMPANY INC,2,1,1,0,0,0,0,1,0,1
BAYSHORE CONSTRUCTION COMPANY INC,2,2,2,1,0,0,1,1,0,2
BEELMAN TRUCK COMPANY,2,2,2,2,0,1,2,1,1,1
BIRMINGHAM SERVICE PUMP,2,2,2,1,0,0,1,2,1,1
BLACK CREEK STATION LLC,2,0,0,0,0,0,0,0,0,0
BRENT HOLDINGS LLC,2,1,0,0,0,0,0,0,1,0
C AND C MARINE LLC,2,1,0,0,0,0,0,0,0,0
CARBINE CONSTRUCTION CO INC,2,2,1,0,0,0,0,1,1,1
CHARLES B ARCHER,2,2,2,0,0,0,0,2,0,2
CMT TERMINALS INC,2,0,0,0,0,0,0,0,0,0
COMPASS CONSTRUCTION,2,0,0,0,0,0,0,0,0,0
CONSOLIDATED CONSTRUCTION CO OF ALABAMA,2,1,1,0,0,0,0,1,0,1
CORDOVA CITY OF,2,2,2,0,0,0,0,2,0,2
COTTINGHAM CONTRACTING CO INC,2,2,2,0,0,1,1,1,0,2
CROSSPOINTE CHURCH,2,0,0,0,0,0,0,0,0,0
DAEDONG HI LEX OF AMERICA INC,2,2,0,0,0,0,0,0,0,0
DAIKIN AMERICA INC,2,0,0,0,0,0,0,0,0,0
DAS NORTH AMERICA INC,2,1,1,0,0,0,0,1,0,1
DYMAC CONTRACTING,2,2,1,1,0,0,0,0,0,1
EAST ALABAMA RAILWAY INC,2,0,0,0,0,0,0,0,0,0
ECOSOUTH SERVICES OF MOBILE LLC,2,1,0,0,0,0,0,0,0,0
ELBA CITY OF,2,1,1,0,0,0,0,1,1,0
ESCAMBIA PEANUT COMPANY LLC,2,1,1,1,0,0,1,1,0,1
FARLEY FARM DEVELOPMENT INC,2,1,1,1,0,0,0,1,0,1
FELICITER INVESTMENT GROUP LLC,2,2,1,0,1,0,1,1,0,1
FORESTRY ENVIORNMENTAL SERVICES INC,2,0,0,0,0,0,0,0,0,0
FREEMAN AND ASSOCIATES,2,2,1,0,1,1,1,0,0,1
G AND T DEVELOPMENT LLC,2,1,1,1,1,0,1,1,1,0
HARDCASTLE CONSTRUCTION CO INC,2,2,2,0,0,0,0,2,0,2
HARRIS DOYLE HOMES INC,2,1,1,1,0,0,1,0,1,0
HSC SARALAND LLC,2,2,2,0,0,0,0,2,1,1
HUDSON CONSTRUCTION COMPANY,2,2,2,0,0,0,0,2,0,2
INLAND PROPERTY MANAGEMENT INC,2,2,2,0,0,0,0,2,0,2
J AND P CONSTRUCTION CO INC,2,2,1,0,1,0,0,1,1,1
JOE STILL BUILDING COMPANY,2,1,0,0,0,0,0,0,0,0
JOHNSON CONTRACTORS INC,2,2,2,0,0,0,0,2,0,2
LEGENDARY COMMUNITIES ALABAMA LLC,2,1,1,0,1,1,1,1,1,0
LEWIS HOMES LLC,2,2,1,0,0,0,0,1,0,1
MARATHON LAND COMPANY LLC,2,1,0,0,0,0,0,0,0,0
MCINTOSH LLC,2,1,1,0,1,0,1,0,0,1
MCKENZIE TOWN OF WATER BOARD,2,1,0,0,0,0,0,0,0,0
METRO D CONSTRUCTION LLC,2,2,1,1,1,1,1,1,1,0
MILL CREEK ALABAMA LLC,2,1,1,0,0,0,0,1,0,1
MOODY GOVERNMENT UTILITY SERVICES CORP,2,1,0,0,0,0,0,0,0,0
NATIONAL BANK OF COMMERCE,2,2,1,0,0,0,0,1,1,0
NEW CASTLE DEVELOPMENT INC,2,2,2,0,2,0,1,2,1,1
NEW FLYER OF AMERICA,2,1,1,0,0,0,0,1,0,1
NEWGROUND,2,2,1,0,0,0,0,1,1,1
NOWLIN DEVELOPMENT CO INC,2,2,2,0,0,0,0,2,0,2
NUCOR CORPORATION,2,1,1,0,0,0,0,1,0,1
OLD ROW AT CLOVERDALE LLC,2,1,1,1,0,0,1,1,0,1
PARKSIDE AT COTTAGE HILL LLC,2,2,2,0,0,1,1,1,0,2
PATTILLO CONSTRUCTION CORPORATION,2,1,1,0,1,1,1,1,1,0
PEARSON AND WRIGHT LLC,2,2,2,1,0,0,0,2,2,0
PHIL CAMPBELL TOWN OF,2,0,0,0,0,0,0,0,0,0
POPE JOHN PAUL II CATHOLIC SCHOOL,2,1,1,0,0,0,0,1,1,0
PORT OF MOBILE CONTAINER TERMINAL,2,1,0,0,0,0,0,0,1,0
REINHARDT MOTORS INC,2,1,0,0,0,0,0,0,0,0
RL REGI ALABAMA LLC,2,1,1,0,0,0,0,1,0,1
ROBINSON PAVING COMPANY INC,2,0,0,0,0,0,0,0,0,0
ROD COOKE CONSTRUCTION INC,2,2,2,1,0,0,1,2,0,2
SAIIA CONSTRUCTION COMPANY LLC,2,0,0,0,0,0,0,0,0,0
SAMS CONSTRUCTION SERVICE LLC,2,1,1,1,1,0,1,0,1,0
SAUGAHATCHEE COUNTRY CLUB,2,0,0,0,0,0,0,0,0,0
SCA INC,2,1,0,0,0,0,0,0,0,0
SIMCO CONSTRUCTION INC,2,2,1,0,0,0,0,1,1,1
SNOWDEN PLACE LLC,2,2,0,0,0,0,0,0,0,0
SRT INC,2,1,1,0,0,0,0,1,1,0
SSK ASSETT MANAGEMENT LLC,2,2,1,0,0,0,0,1,1,1
ST MICHAELS CATHOLIC CHURCH,2,2,2,0,0,0,0,2,0,2
STARTLEY GENERAL CONTRACTORS INC,2,0,0,0,0,0,0,0,0,0
STEWART PERRY COMPANY THE,2,0,0,0,0,0,0,0,0,0
SWEETWATER CONSTRUCTION LLC,2,2,1,0,0,0,0,1,0,1
TEMPLE BAPTIST CHURCH,2,1,0,0,0,0,0,0,0,0
TERRAPRO LLC,2,1,1,0,0,0,0,1,0,1
THOMLAC LLC,2,2,1,0,0,0,0,1,0,1
TOMMY BEASLEY CONSTRUCTION CO INC,2,1,1,0,0,0,0,1,0,1
WALKER CONSTRUCTION AND CONSULTING SERVICES LLC,2,2,1,1,0,1,0,1,0,1
WILLI BRITE,2,2,1,0,0,0,0,1,0,1
WILLIAM D CORNELIUS,2,2,2,0,0,0,0,2,1,1
XAVIER D HARRIS,2,2,2,1,0,0,0,2,1,1
2502 GREENSBORO AVENUE LLC,2,1,1,0,0,0,0,1,1,0
AHEARN CONSTRUCTION,2,1,1,1,0,0,0,0,1,0
AMERICAN CONTRACTOR AND TECHNOLOGY INC,2,1,0,0,0,0,0,0,0,0
ARGO BUILDING COMPANY INC,2,2,1,0,1,0,1,1,1,0
ASCEND PERFORMANCE MATERIALS OPERATIONS,2,0,0,0,0,0,0,0,0,0
AUTO ELECTRONIC AMERICA CORPORATION,2,0,0,0,0,0,0,0,0,0
BALDWIN COUNTY SEWER SERVICES LLC,2,1,1,1,0,0,1,1,0,1
BIBB COUNTY HEALTH CARE AUTHORITY,2,1,1,0,0,0,0,1,0,1
BIC SCC JV,2,0,0,0,0,0,0,0,0,0
BILLY BOYD REALTY AND CONSTRUCTION INC,2,2,2,1,1,0,2,2,2,0
BLAKE SOUTHERN HOMES,2,1,1,0,0,0,0,1,0,1
BLALOCK BUILDING COMPANY,2,0,0,0,0,0,0,0,0,0
BRETT REAL ESTATE ROBINSON DEVELOPMENT CO INC,2,2,2,2,0,2,0,2,2,0
BUILDER SYSTEM LLC,2,2,2,0,0,0,0,2,1,1
BUILDING CONSTRUCTION ASSOCIATES INC,2,2,1,0,0,0,0,1,0,1
BURTON BUILDERS INC,2,0,0,0,0,0,0,0,0,0
CALHOUN COMMUNITY COLLEGE,2,1,1,0,0,0,0,1,0,1
CALVARY BAPTIST CHURCH,2,2,1,0,0,0,0,1,1,0
CHURCH OF HIS PRESENCE INC,2,2,2,1,0,0,0,1,0,2
CLIFF GRINNELL,2,0,0,0,0,0,0,0,0,0
COMPLETE CONSTRUCTION LLC,2,2,1,0,0,0,0,1,1,0
CORRIDOR CLEAN FUELS LLC,2,1,1,0,0,0,0,1,1,0
COVENANT CLASSICAL SCHOOLS,2,2,2,1,1,0,2,0,1,1
D2 DEVELOPMENT LLC,2,2,2,0,0,0,1,2,1,1
DUNN BUILDINGS LLC,2,1,1,0,0,0,0,1,0,1
DUNN CONSTRUCTION CO INC,2,0,0,0,0,0,0,0,0,0
DUNN REAL ESTATE LLC,2,1,1,0,0,0,0,1,0,1
EMBASSY HOME LLC,2,2,2,2,2,0,2,2,2,0
EMILY SMITH,2,2,1,0,0,0,0,1,1,1
EXIT 100 INC,2,2,2,2,2,0,2,1,2,0
FIRST SOUTHERN BANK,2,1,1,0,0,0,0,1,0,1
FIRST US BANK,2,2,1,0,0,0,0,1,0,1
FOLEY SQUARE LLC,2,2,2,1,1,1,1,1,0,2
FORWOOD INVESTMENTS LLC,2,1,0,0,0,0,0,0,0,0
FRONT ROW HUNTSVILLE OWNER LLC,2,2,1,0,0,0,0,1,0,1
GLOBAL AVIATION SOLUTIONS,2,1,0,0,0,0,0,0,0,0
GOLDEN CONSTRUCTION LLC,2,1,1,1,1,1,1,1,0,1
GREENE COUNTY BOARD OF EDUCATION,2,0,0,0,0,0,0,0,0,0
GREENE COUNTY COMMISSION,2,0,0,0,0,0,0,0,0,0
GREGORY CONSTRUCTION SERVICES INC,2,1,1,0,0,0,0,1,0,1
GWENDOLYN GILLEY CONSRTUCTION LLC,2,2,1,1,0,1,1,0,2,0
HALLIE BROWN BUILDERS LLC,2,2,1,0,0,0,0,1,1,0
HHA WORKFORCE HOUSING LLC,2,2,1,0,0,0,0,1,1,1
HIGHLANDS MEDICAL CENTER,2,2,2,0,0,0,0,2,1,1
HILEY MAZDA OF HUNTSVILLE,2,2,0,0,0,0,0,0,1,0
HUGHES PLUMBING AND UTILITY CONTRACTORS INC,2,1,0,0,0,0,0,0,0,0
JACKSON CO FORCE MAIN EXT,2,1,1,0,0,0,0,1,0,1
JERONE JACKSON,2,2,0,0,0,0,0,0,1,0
JOHN LUCAS INC,2,2,1,0,0,0,0,1,2,0
JWE PROPERTIES LLC,2,2,2,1,0,0,0,2,1,1
KD FINECHEM USA INC,2,1,0,0,0,0,0,0,0,0
KRONOCHEM USA LLC,2,1,1,1,0,0,1,0,1,0
L AND K CONTRACTING COMPANY INC,2,0,0,0,0,0,0,0,0,0
MAX FOOTE CONSTRUCTION CO LLC,2,2,2,0,0,0,0,2,0,2
MCCULLOUGH OIL COMPANY INC,2,1,1,0,1,0,1,1,0,1
MCFARLAND HOMES LLC,2,2,2,2,1,1,2,1,1,1
MILLERVILLE WATER AUTHORITY,2,0,0,0,0,0,0,0,0,0
MITCHELL INDUSTRIAL CONTRACTORS INC,2,2,2,0,0,0,1,2,1,1
MOBILE ABRASIVES INC,2,1,1,0,0,0,0,1,0,1
MONROEVILLE CITY OF,2,1,0,0,0,0,0,0,0,0
MOODY CITY OF,2,1,1,0,0,0,0,1,0,1
MOORE OIL COMPANY INC,2,1,1,1,0,0,1,0,1,0
MYER MARINE SERVICES LLC,2,1,1,0,0,0,0,1,0,1
NORTHBROOK OPELIKA LLC,2,1,1,1,1,1,1,1,1,0
NTI INVESTMENTS LLC,2,2,2,0,0,0,0,2,0,2
PERRY COUNTY AIRPORT AUTHORITY,2,0,0,0,0,0,0,0,0,0
PINNACLE FINANCIAL PARTNERS LLC,2,2,2,0,0,0,0,2,0,2
PLANTATION PIPE LINE COMPANY,2,0,0,0,0,0,0,0,0,0
PROJECT BUILDERS INC,2,1,1,0,0,0,0,1,0,1
R AND R LLC,2,2,1,0,0,0,0,1,1,1
RAINBOW CINEMAS LLC,2,1,1,0,0,0,0,1,0,1
RCA LLC,2,2,2,0,1,2,2,2,2,0
RELIANCE WORLDWIDE CORPORATION,2,1,0,0,0,0,0,0,0,0
ROE ROBERTSON CONSTRUCTION INC,2,2,2,2,2,1,0,0,0,2
S J AND L GENERAL CONTRACTOR LLC,2,0,0,0,0,0,0,0,0,0
SAWGRAS BUILDERS INC,2,2,2,2,1,1,2,1,1,1
SAWYER TRAIL LLC,2,1,1,1,1,0,1,0,1,0
SOUTH ALABAMA REGIONAL AIRPORT AUTHORITY,2,1,0,0,0,0,0,0,0,0
SOUTHLAND SHORES LLC,2,0,0,0,0,0,0,0,0,0
ST CLAIR COUNTY AIRPORT AUTHORITY,2,1,1,0,0,0,0,1,0,1
STONEGATE ESTATES HOMEOWNERS ASSOCIATION,2,2,2,0,0,0,1,2,1,1
TDR CONSTRUCTION COMPANY INC,2,2,2,0,0,0,0,2,0,2
TERRA EQUITIES LLC,2,2,1,0,0,0,0,1,0,1
TWILLEY BUILDERS INC,2,1,1,0,1,0,0,1,0,1
US ARMY GARRISON REDSTONE,2,0,0,0,0,0,0,0,0,0
WADE EXCAVATING AND CONTRACTING INC,2,1,1,1,1,0,0,1,1,0
WINFIELD CITY BOARD OF EDUCATION,2,1,1,0,0,0,0,1,0,1
YOUNGS PLANT FARM INC,2,1,1,0,0,0,0,1,0,1
A G PELTZ GROUP LLC,2,1,1,1,0,1,0,1,0,1
ACTIVE ADULT PROPERTIES,2,2,2,0,0,0,0,2,1,1
ADAMS CONSTRUCTION AND ASSOCIATES INC,2,2,1,0,0,0,1,0,1,0
AMEC FOSTER WHEELER,2,0,0,0,0,0,0,0,0,0
B C DANIELS INC,2,2,1,0,0,0,0,1,1,1
BAYOU LA BATRE UTILITIES BOARD,2,2,1,0,0,0,0,1,2,0
BIRMINGHAM ZOO INC,2,0,0,0,0,0,0,0,0,0
BRAD COLE CONSTRUCTION COMPANY INC,2,0,0,0,0,0,0,0,0,0
BRANDON DAVIS,2,2,1,0,0,0,0,1,1,1
BYROM BUILDING CORPORATION,2,2,2,1,1,0,1,2,0,2
CANEBRAKE CLUB LLC,2,2,0,0,0,0,0,0,1,0
CECIL PARMER,2,2,1,1,1,0,0,1,1,0
CHAPMAN H LLC,2,2,1,1,1,0,1,0,1,0
CIVILWORX CONSTRUCTION COMPANY,2,1,0,0,0,0,0,0,0,0
CONSTELLIUM MUSCLE SHOALS LLC,2,0,0,0,0,0,0,0,0,0
COUMANIS ALLEN LLC,2,2,1,0,0,0,0,1,0,1
CYPRESS EQUITIES,2,2,2,1,2,1,0,2,0,2
DIXON HOMES AND INTERIORS LLC,2,2,2,1,0,1,0,1,1,1
FAITH ACADEMY,2,1,0,0,0,0,0,0,0,0
FOLEY GROVE LLC,2,2,2,1,1,0,1,2,0,2
FORTIS COMPANY LLC THE,2,1,0,0,0,0,0,0,1,0
HAM LAND LLC,2,2,1,0,1,0,0,1,1,0
HAMILTON CITY OF,2,1,1,0,0,0,0,1,1,0
HIGHPOINTE PROPERTIES LLC,2,2,2,1,1,0,2,0,1,1
HILLTOP MONTESSORI SCHOOL,2,2,2,0,0,0,0,2,0,2
INSITUFORM TECHNOLOGIES LLC,2,0,0,0,0,0,0,0,0,0
J D REAL PROPERTIES LLC,2,2,1,1,0,1,1,1,2,0
JM WILLIAMS CONTRACTORS,2,2,1,1,1,1,1,0,2,0
JUNE SMITH,2,2,1,0,0,0,0,1,0,1
KEVIN PRICE CONSTRUCTION,2,2,1,0,0,0,0,1,2,0
KILPATRICK BALLFIELD,2,1,1,0,0,0,0,1,0,1
KOAM LLC,2,2,2,1,0,0,1,1,1,1
LANNING ALABAMA PROPERTY MANAGEMENT LLC,2,1,1,0,0,0,0,1,0,1
LOWE FAMILY II LLC,2,2,2,0,0,0,0,2,0,2
MADIX INC,2,1,0,0,0,0,0,0,0,0
MAXWELL DEVELOPERS LLC,2,2,1,0,0,1,1,1,1,0
METAL MANUFACTURING SOLUTIONS,2,2,1,0,0,0,0,1,0,1
MHC HIDDEN COVE OUTDOOR LLC,2,2,1,0,0,0,0,1,1,1
MOBILE ASPHALT COMPANY LLC,2,1,0,0,0,0,0,0,0,0
NATIONAL PEANUT FESTIVAL,2,2,2,0,0,0,1,2,1,1
NEW GENERATION BUILDING AND DESIGN,2,1,1,0,0,0,1,1,0,1
NORTH ALABAMA GAS DISTRICT,2,2,1,0,0,0,0,1,1,1
NOVAN CONSTRUCTION INC,2,2,1,0,0,1,1,1,1,0
P AND T PROPERTIES LLC,2,2,0,0,0,0,0,0,1,0
PREMIER KINGS INC,2,2,2,0,0,0,0,2,0,2
RETIREMENT SYSTEM OF ALABAMA,2,1,1,0,0,0,0,1,1,0
RSG CAPITAL LLC,2,0,0,0,0,0,0,0,0,0
RYAN COMPANIES US INC,2,1,1,0,0,0,0,1,0,1
S A GRAHAM CO INC,2,2,0,0,0,0,0,0,2,0
SERRA PROPERTIES LLC,2,1,1,0,0,0,0,1,0,1
SH RIVERWALK LLC,2,2,2,1,1,0,1,2,0,2
SIMPLOT GROWER SOLUTIONS,2,1,1,1,0,0,0,1,1,0
SOUTHERN EARTH SCIENCES INC,2,0,0,0,0,0,0,0,0,0
SPORTS FIELD INC,2,2,1,1,0,0,1,0,1,0
SPRING HILL COLLEGE,2,1,1,0,0,0,0,1,0,1
TDG OPERATIONS LLC,2,0,0,0,0,0,0,0,0,0
THOMAS STUTTS,2,1,1,1,0,0,0,1,0,1
TODD FREEMAN,2,2,0,0,0,0,0,0,2,0
TOWNES DEVELOPMENT GROUP LLC,2,0,0,0,0,0,0,0,0,0
TROPHY MOTORSPORTS LLC,2,0,0,0,0,0,0,0,0,0
TTL INC,2,0,0,0,0,0,0,0,0,0
TURNER CONSTRUCTION,2,0,0,0,0,0,0,0,0,0
TWO MOUNTAINS LLC,2,1,1,1,0,0,1,0,1,0
VECTORPLY CORPORATION,2,2,1,0,0,1,0,0,1,1
VENTURE CONSTUCTION COMPANY,2,2,1,0,0,0,0,1,0,1
VICTORY CHRISTIAN CENTER INC,2,2,2,0,0,0,0,2,1,1
VULCAN CONSTRUCTION MATERIALS LLC SOUTHERN AND GULF COAST DIVISION,2,0,0,0,0,0,0,0,0,0
WASTE RECYCLING INC,2,1,1,0,1,1,1,1,1,0
WEYERHAEUSER NR COMPANY,2,0,0,0,0,0,0,0,0,0
ALABAMA DESIGN AND CONSTRUCTION INC,2,1,1,0,0,0,0,1,0,1
ALABAMA DEVELOPMENT LLC,2,2,1,0,0,0,0,1,0,1
AMERICAN MIDSTREAM CHATOM LLC,2,2,0,0,0,0,0,0,1,0
BAMA CONCRETE PRODUCTS COMPANY INC,2,1,1,0,0,0,0,1,0,1
BAMA CUSTARD 2 RE LLC,2,1,1,1,1,1,0,1,1,0
BAPTIST MEDICAL CENTER INC,2,1,0,0,0,0,0,0,0,0
BESTLINE BUILDERS INC,2,1,1,0,1,0,0,1,1,0
BFGOODRICH TIRE MANUFACTURING,2,0,0,0,0,0,0,0,0,0
BOEING COMPANY THE,2,0,0,0,0,0,0,0,0,0
BOND CONSTRUCTION,2,1,1,1,1,0,0,1,0,1
BOYETT CONSTRUCTION COMPANY INC,2,2,2,0,0,0,0,2,0,2
CAR TECH LLC,2,1,1,1,0,0,1,1,1,0
CLAYTON PROPERTIES GROUP INC AND HARRIS DOYLE HOMES LLC,2,1,1,0,1,0,1,0,1,0
COASTAL CHURCH INC,2,2,1,0,0,0,0,1,0,1
CREEL COMPANY INC THE,2,0,0,0,0,0,0,0,0,0
CYPRESS CREEK MANOR LLC,2,2,2,0,0,0,0,2,0,2
DESIGNSCAPE HOMES LLC,2,2,1,0,0,0,0,1,1,1
DISCOUNT TIRE COMPANY,2,2,1,0,0,0,0,1,1,1
EAST BAY MINI STORAGE LLC,2,2,1,0,0,0,0,1,0,1
FINANCIAL FACILITIES INC,2,2,1,1,1,0,0,0,2,0
G S MASTERS INC,2,1,1,1,1,0,1,1,1,0
GESTAMP ALABAMA LLC,2,1,0,0,0,0,0,0,0,0
GOLDEN BOY NUT CORPORATION,2,1,0,0,0,0,0,0,0,0
GUNTERSVILLE CITY OF WATER WORKS SEW BD,2,2,2,0,0,0,0,2,0,2
HARLESS AND COMPANY LLC,2,1,1,0,0,0,1,1,1,0
HEICHE US SURFACE TECHNOLOGIES AL LLC,2,1,0,0,0,0,0,0,1,0
HIGHLAND WAKE CONSTRUCTION LLC,2,2,2,0,1,0,0,1,0,2
HILL BROTHERS CONSTRUCTION,2,2,2,2,0,1,1,2,2,0
HOLIDAY BUILDERS,2,2,2,2,2,2,1,2,2,0
HUNTSVILLE MADISON LLC,2,2,1,0,0,0,0,1,0,1
HUTTON TROY MARKETPLACE LLC,2,1,0,0,0,0,0,0,1,0
J F MORGAN GENERAL CONTRACTOR INC,2,1,1,0,0,0,0,1,0,1
JA LETT CONSTRUCTION CO INC,2,0,0,0,0,0,0,0,0,0
JOHNSON KREIS,2,2,2,0,2,0,1,2,0,2
JOHNSONKREIS CONSTRUCTION,2,1,0,0,0,0,0,0,0,0
JONES CONTRACTING INC,2,0,0,0,0,0,0,0,0,0
KING AND ASSOCIATES GENERAL CONTRACTORS INC,2,2,1,0,0,0,0,1,1,1
LAD DRAGO INS AND FIN SYCS INC,2,2,2,0,0,0,0,2,0,2
LAGASSE CONSTRUCTION,2,2,1,0,0,0,0,1,1,1
M J BROOKS AND SON CONSTRUCTION INC,2,2,1,1,1,1,1,0,0,1
MADISON ACADEMY,2,2,0,0,0,0,0,0,1,0
MARK JOHNSON CONSTRUCTION LLC,2,2,0,0,0,0,0,0,0,0
MARTY GRIGGS,2,1,0,0,0,0,0,0,1,0
MICHAEL ALLEN HOMES INC,2,1,0,0,0,0,0,0,0,0
MINERVA ENTERPRISES LLC,2,2,2,1,0,1,1,1,0,2
MUNGO HOMES,2,1,1,0,0,0,1,1,1,0
NEAREN CONSTRUCTION COMPANY INC,2,2,0,0,0,0,0,0,0,0
NEWGROUND INTERNATIONAL INC,2,2,1,0,0,0,0,1,1,1
NEWTON TOWN OF WATER WORKS AND SEWER BOARD,2,0,0,0,0,0,0,0,0,0
NORTHEAST MORGAN CO WATER AUTHORITY,2,1,1,0,0,0,0,1,1,0
PANDA RESTAURANT GROUP,2,1,1,0,0,0,0,1,0,1
PENINSULA AT LONGLEAF LLC THE,2,2,1,1,0,0,1,0,2,0
PENSKE TRUCK LEASING CO LP,2,1,0,0,0,0,0,0,0,0
PETROLEUM FUEL AND TERMINAL CO,2,0,0,0,0,0,0,0,0,0
PILOT THOMAS LOGISTICS LLC,2,1,1,0,0,0,0,1,0,1
PURSELL FARMS,2,2,2,0,0,0,0,2,0,2
PYLON BUILDING GROUP LLC,2,1,1,0,0,0,0,1,0,1
ROTHEL MOODY CONTRACTING INC,2,1,0,0,0,0,0,0,0,0
SAFE FUTURE INVESTMENTS LLC,2,1,1,0,1,0,1,1,0,1
SAM CONSTRUCTION,2,2,2,1,0,1,1,2,2,0
SAM GERGES,2,2,2,1,0,1,1,2,0,2
SOUTH ALABAMA CONTRACTING LLC,2,1,0,0,0,0,0,0,0,0
SOUTHEAST ALABAMA GAS DISTRICT,2,1,0,0,0,0,0,0,1,0
SOUTHSIDE CITY OF,2,2,2,0,1,0,2,1,1,1
SPRING VALLEY WATER DEPARTMENT,2,2,2,0,0,0,0,2,0,2
STEEL DUST RECYCLING LLC,2,0,0,0,0,0,0,0,0,0
STERLING LAKES 1 HOLDING LLC,2,1,1,1,0,0,1,1,1,0
STONEBRIDGE HOMES,2,2,0,0,0,0,0,0,2,0
SUMMERFIELD APARTMENTS LLC,2,2,0,0,0,0,0,0,1,0
TRACTOR AND EQUIPMENT COMPANY,2,0,0,0,0,0,0,0,0,0
UNITED INSULATED STRUCTURES CORP,2,2,1,0,0,0,0,1,1,1
VESTAVIA COUNTRY CLUB,2,1,1,0,1,0,1,1,1,0
VINCENT REVIVAL CENTER,2,2,2,1,0,0,2,2,1,1
WESTERVELT LUMBER MOUNDVILLE LLC,2,0,0,0,0,0,0,0,0,0
WK UPCHURCH CONSTRUCTION CO INC,2,2,0,0,0,0,0,0,0,0
ABEL GENERAL CONTRACTOR,2,2,2,0,0,0,0,2,0,2
AIR SNOW STORAGE LLC,2,2,1,1,0,1,1,0,1,0
AMSDELL STORAGE VENTURES 55 LLC,2,1,0,0,0,0,0,0,1,0
APTAR CSP TECHNOLOGIES,2,1,0,0,0,0,0,0,1,0
BARNARD PROPERTIES LLC,2,2,2,1,1,0,0,1,0,2
BATTEN BUILDERS LLC,2,2,0,0,0,0,0,0,0,0
BESSEMER CITY OF,2,1,1,1,0,0,1,1,0,1
BRADY CONSTRUCTION,2,2,2,2,2,1,2,1,2,0
BRIAN KENDRICK,2,2,2,1,0,0,0,2,1,1
BUC EES LTD,2,2,1,0,0,0,0,1,0,1
BUILDERS FIRSTSOURCE SOUTHEAST GROUP LLC,2,1,0,0,0,0,0,0,0,0
C AND B PIPING LLC,2,0,0,0,0,0,0,0,0,0
C AND C DEVELOPMENT GROUP LLC,2,2,0,0,0,0,0,0,1,0
CALVIN J HILL,2,1,1,0,0,0,0,1,1,0
CHICK FIL A,2,0,0,0,0,0,0,0,0,0
CLH PROPERTIES LLC,2,2,1,1,0,0,0,1,1,0
COLONNADE COMMUNITIES LLC,2,2,1,1,0,0,0,1,1,0
COOL BOX LLC,2,2,1,0,1,0,1,1,0,1
COPT,2,0,0,0,0,0,0,0,0,0
DISON GROUP LLC,2,0,0,0,0,0,0,0,0,0
DOMINION CONSTRUCTION COMPANY INC,2,0,0,0,0,0,0,0,0,0
EAST CONSTRUCTION,2,1,1,0,0,0,0,1,0,1
EMPIRE CONSTRUCTION LLC,2,2,2,2,0,1,1,1,0,2
FAULKNER CONSTRUCTION LLC,2,1,0,0,0,0,0,0,1,0
FRANKLIN FIELD AIRPORT AUTHORITY,2,2,1,0,0,0,0,1,0,1
GATEWAY PROPERTIES OF DOTHAN LP,2,0,0,0,0,0,0,0,0,0
GERHARDI INC,2,2,2,0,0,0,0,2,0,2
GLOBAL CONSTRUCTION AND ENGINEERING INC,2,1,0,0,0,0,0,0,0,0
GREENBELT PROPERTIES INC,2,1,0,0,0,0,0,0,0,0
GULF ALABAMA PROPERTIES LLC,2,1,0,0,0,0,0,0,0,0
J T HARRISON CONSTRUCTION COMPANY,2,1,0,0,0,0,0,0,0,0
KINPAK INC,2,2,1,1,0,1,1,1,1,0
KLAPAL CONTRACTING INC,2,1,1,1,0,0,1,0,1,0
KOCH FARMS OF GADSDEN LLC,2,0,0,0,0,0,0,0,0,0
LEGACY HOMES LLC,2,1,0,0,0,0,0,0,0,0
LEWIS CONSTRUCTION LLC,2,2,0,0,0,0,0,0,1,0
LOTTE CHEMICAL ALABAMA,2,0,0,0,0,0,0,0,0,0
M H MCLAUGHLIN LLC,2,2,1,1,0,0,0,1,0,1
MADISON CO EXECUTIVE AIRPORT AUTHORITY,2,1,0,0,0,0,0,0,1,0
MADISON FAIR HOTEL II LLC,2,2,2,0,0,0,0,2,0,2
MCLANE COMPANY INC,2,1,0,0,0,0,0,0,0,0
MILL CREEK DEVELOPERS LLC,2,1,0,0,0,0,0,0,0,0
MOSLEY BUILDING SYSTEMS INC,2,1,1,0,0,0,0,1,0,1
MOTION INDUSTRIES INC,2,0,0,0,0,0,0,0,0,0
MW ROGERS CONSTRUCTION COMPANY LLC,2,2,1,0,0,0,0,1,0,1
NORTH WIND CONSTRUCTION SERVICES,2,1,0,0,0,0,0,0,0,0
OLD DOMINION FREIGHT LINE INC,2,2,0,0,0,0,0,0,1,0
PATHWAY CHURCH,2,2,0,0,0,0,0,0,0,0
PELHAM PROFESSIONAL PARK,2,2,2,2,1,0,2,2,1,1
PREMIER KINGS,2,2,2,0,0,0,0,2,0,2
PRESTON ENGINEERING AND CONSTRUCTION,2,2,1,0,0,0,0,1,1,1
SAND MOUNTAIN ELECTRIC COOPERATIVE,2,1,1,0,0,0,0,1,0,1
SARALAND CITY OF BOARD OF EDUCATION,2,0,0,0,0,0,0,0,0,0
SCHMITZ PROPERTIES LLC,2,2,0,0,0,0,0,0,0,0
SEAWELL LLC,2,0,0,0,0,0,0,0,1,0
SECTION TOWN OF WATER BOARD,2,1,1,0,0,0,0,1,0,1
SHAW INDUSTRIES GROUP INC,2,1,0,0,0,0,0,0,0,0
SJ AND L GENERAL CONTRACTORS,2,1,1,0,0,0,0,1,0,1
ST MICHAELS ORTHODOX CHURCH,2,2,2,0,0,0,0,2,2,0
T AND T GREEN CONSTRUCTION,2,2,2,0,1,0,1,2,0,2
TAG HOMES,2,2,2,0,0,0,0,2,0,2
TARKETT ALABAMA INC,2,1,1,0,0,0,0,1,0,1
TDG GRAYSON VALLEY LLC,2,2,2,0,0,0,0,2,0,2
TERRACON CONSULTANTS INC,2,0,0,0,0,0,0,0,0,0
TERRY WARREN,2,2,1,0,0,0,0,1,1,1
THORNTON BUILDERS LLC,2,2,1,0,0,0,0,1,1,0
THREADED FASTENERS INC,2,2,0,0,0,0,0,0,1,0
TOLM GROUP INC,2,0,0,0,0,0,0,0,0,0
TRUSSVILLE UTILITIES BOARD,2,1,1,0,0,0,0,1,0,1
TURNBERRY DEVELOPMENT 2016 LLC,2,2,2,2,1,2,2,1,2,0
VILLAGE AT HIXON POND II LTD,2,1,1,0,1,0,0,1,1,0
WAL MART STORE EAST LP,2,1,1,0,0,0,0,1,0,1
WARRIOR MET COAL MINING LLC,2,0,0,0,0,0,0,0,0,0
WATERMARK RESIDENTIAL,2,2,1,0,0,0,0,1,0,1
WESCORP LLC,2,1,1,0,0,0,0,1,0,1
WICLA TERRA EQUITIES,2,1,1,0,0,0,0,1,0,1
WILLIAMS TRANSCONTINENTAL GAS PIPE LINE CO LLC,2,0,0,0,0,0,0,0,0,0
WILLISSON PROPERTIES LLC,2,2,2,0,0,0,0,2,0,2
WOOD PROPERTIES LLC,2,2,1,1,0,0,0,1,1,0
ACE AERONAUTICS LLC,2,0,0,0,0,0,0,0,0,0
AHOY RV RESORT LLC,2,1,1,0,0,0,1,0,0,1
ALLIED MINERAL PRODUCTS,2,1,1,0,0,0,0,1,0,1
ALPINE DEVELOPMENT LLC,2,1,1,0,0,0,0,1,1,0
ARMSTRONG AND ASSOCIATES GC,2,2,2,0,0,0,0,2,0,2
AUBURN EQUITIES LLC,2,2,0,0,0,0,0,0,1,0
AUTAUGAVILLE TOWN OF,2,0,0,0,0,0,0,0,0,0
BAE SYSTEMS INC PLATFORMS AND SERVICES,2,1,1,0,0,0,1,1,1,0
BAKER LAND DEVELOPMENT,2,2,2,0,0,0,0,2,0,2
BANKSTON MOTOR HOMES INC,2,2,2,0,0,0,0,2,0,2
BC STONE CONTRACTING LLC,2,1,1,1,1,1,1,0,1,0
BILL SMITH BUICK GMC,2,1,1,0,0,0,0,1,0,1
BINGER PROPERTIES LLC,2,2,0,0,0,0,0,0,0,0
BOYD TUCKER COMPANY HELENA LLC,2,2,2,0,1,1,2,2,1,1
BROOKHAVEN DEVELOPMENT PARTNERS LLC,2,1,1,0,1,0,1,1,1,0
CENTURY CONSTRUCTION GROUP INC,2,1,1,1,0,0,0,1,0,1
CITRONELLE TOWN OF UTILITIES BOARD,2,0,0,0,0,0,0,0,0,0
CONSTRUCTION ONE INC,2,1,0,0,0,0,0,0,1,0
COUNTRY GLADES LLC,2,1,0,0,0,0,0,0,0,0
COVINGTON COUNTY BOARD OF EDUCATION,2,1,1,0,0,0,1,0,0,1
DC BLOX,2,1,1,0,0,0,0,1,0,1
DC BLOX INC,2,1,1,0,0,0,0,1,0,1
DEER CREEK RV PARK LLC,2,2,0,0,0,0,0,0,1,0
DMK DEVELOPMENT GROUP LLC,2,2,2,0,0,0,0,2,0,2
DOUBLE STAR MANAGEMENT,2,2,2,0,0,0,0,2,0,2
DOUG HOLLYHAND REALTY INC,2,2,1,1,0,1,1,1,1,0
DUBOSE CONSTRUCTION LLC,2,1,0,0,0,0,0,0,0,0
E AND T ENTERPRISES LLC,2,2,2,1,0,0,0,2,2,0
ENTERPRISE LEASING COMPANY SOUTH CENTRAL LLC,2,2,1,0,0,0,0,1,0,1
FARMVILLE TRACTS LLC,2,2,0,0,0,0,0,0,1,0
FORTIS COMPANY LLC,2,2,2,1,0,0,1,1,1,1
FRANKLIN INDUSTRIAL PROPERTIES LLC,2,2,1,0,0,0,0,1,0,1
FROGG TOGGS,2,2,1,1,0,0,1,1,1,1
H M NOWLIN,2,1,1,0,0,0,0,1,0,1
HALL TAYLOR CONSTRUCTION,2,0,0,0,0,0,0,0,0,0
HAMMER INC,2,1,0,0,0,0,0,0,1,0
HARDCASTLE CONSTRUCTION COMPANY INC,2,2,1,0,1,0,1,1,1,0
HILLSBORO SCHOOL THE,2,2,2,0,0,0,1,2,0,2
HOUSTON COUNTY HEALTH CARE AUTHORITY INC,2,1,0,0,0,0,0,0,1,0
HUNTSVILLE CRP III LLC,2,0,0,0,0,0,0,0,0,0
INDUSTRIAL RENTAL PROPERTIES LLC,2,2,2,0,0,0,0,2,0,2
JASPER INDUSTRIAL DEVELOPMENT BOARD,2,2,1,0,0,0,0,1,0,1
KAISHAN,2,2,2,0,0,0,0,2,1,1
KV PROPERTIES LLC,2,2,1,1,1,0,0,1,1,1
LANCE DOTMAN,2,1,1,0,0,0,0,1,0,1
LATHAN COMPANY INC THE,2,2,1,1,0,0,1,1,1,0
LOUIS CROWDER,2,1,1,1,0,0,1,1,1,0
LOXLEY TOWN OF,2,0,0,0,0,0,0,0,0,0
MADISON COUNTY EXECUTIVE AIRPORT AUTHORITY,2,1,0,0,0,0,0,0,0,0
MAJESTIC HOMES AND CHATHAM CONSTRUCTION LLC,2,2,2,1,1,0,2,1,2,0
MARS HILL BIBLE SCHOOL,2,1,1,0,0,0,0,1,0,1
MAYTAG AIRCRAFT CORPORATION,2,0,0,0,0,0,0,0,0,0
MCCLELLAN INDUSTRIAL VILLAGE LLC,2,2,2,0,0,0,0,2,0,2
META,2,1,1,0,0,0,1,1,1,0
MOBILE CHRISTIAN SCHOOL,2,1,0,0,0,0,0,0,0,0
MORRIS BUILDING CONTRACTORS INC,2,2,2,1,0,0,0,2,0,2
NELSON BROTHERS LLC,2,0,0,0,0,0,0,0,0,0
NEW CASTLE HOMES INC,2,2,2,2,2,2,2,2,2,0
NORTH GARDENDALE CHURCH OF CHRIST,2,0,0,0,0,0,0,0,0,0
PERCEPTIVE PARTNERS LLC,2,0,0,0,0,0,0,0,0,0
PHILLIP POUNCEY BUILDER INC,2,1,0,0,0,0,0,0,1,0
PRO BUILDING SYSTEMS INC,2,1,1,0,0,0,1,1,0,1
PROSPERITY PARTNERS LLC,2,2,1,0,0,0,0,1,0,1
RAUSCH COLEMAN HOMES,2,1,1,0,1,0,0,1,1,0
RCP PROPERTIES,2,0,0,0,0,0,0,0,0,0
REALTYLINK LLC,2,2,0,0,0,0,0,0,1,0
REGISTER LLC,2,2,1,0,0,0,0,1,1,1
SAINT BUILDERS INC,2,2,1,0,0,0,0,1,0,1
SCHILD INVESTMENTS LLC,2,2,2,1,0,0,0,2,0,2
SCHREINER DEVELOPMENT LLC,2,2,0,0,0,0,0,0,0,0
SECTION TOWN OF WATERWORKS SEWER AND GAS BOARD THE,2,1,1,0,0,0,0,1,1,0
SHOWTIME PROPERTIES LLC,2,1,1,1,1,0,1,1,1,0
SHREE AKSHAR INC,2,2,2,1,1,0,1,2,1,1
SPIRE GULF INC,2,1,1,0,0,0,0,1,0,1
TARRANT CITY SCHOOLS,2,1,0,0,0,0,0,0,1,0
VIRTUOUS PARTNERS LLC,2,2,0,0,0,0,0,0,1,0
WALNUT HILL WATER AUTHORITY,2,1,0,0,0,0,0,0,0,0
WARRIOR RIVER WATER AUTHORITY,2,1,0,0,0,0,0,0,0,0
WIREGRASS BLOCK AND PRECAST LLC,2,1,0,0,0,0,0,0,1,0
3T LLC,2,1,0,0,0,0,0,0,0,0
ALABAMA DEPARTMENT OF CORRECTIONS,2,0,0,0,0,0,0,0,0,0
AMERICAN SELF STORAGE V LLC,2,2,2,0,0,0,0,2,1,1
AMITY DEVELOPERS,2,2,0,0,0,0,0,0,2,0
BBC DEVELOPMENT LLC,2,1,1,1,0,0,1,1,1,0
BRADSHAW AND PITTS,2,0,0,0,0,0,0,0,0,0
BURTON MAC INC,2,2,0,0,0,0,0,0,0,0
CADDELL CONSTRUCTION CO DE LLC,2,0,0,0,0,0,0,0,0,0
CAMBRIDGE VENTURES LLC,2,2,2,0,0,0,0,2,0,2
CAPE GROUP LLC,2,2,2,0,2,0,2,2,0,2
CARBINE CONSTRUCTION COMPANY INC,2,0,0,0,0,0,0,0,0,0
CARPENTER TECHNOLOGY CORPORATION,2,0,0,0,0,0,0,0,0,0
CENERGY OIL AND GAS LLC,2,2,0,0,0,0,0,0,0,0
CENTER POINT CITY OF,2,1,1,0,0,0,0,1,0,1
CLIFT HOME PLACE LLC THE,2,2,1,0,0,0,0,1,1,1
COLE BROOKE PROPERTIES LLC,2,0,0,0,0,0,0,0,0,0
COMPASS LIVING AL 2019 LLC,2,1,1,0,0,0,0,1,0,1
D AND K JAMES LLC,2,1,1,0,0,0,1,1,1,0
DALE COOK,2,2,2,0,0,0,0,2,0,2
DALE COUNTY WATER AUTHORITY,2,0,0,0,0,0,0,0,0,0
DAVID OLIVER,2,2,1,0,0,0,0,1,1,1
DR STEWART INC,2,1,1,0,0,0,0,1,0,1
EDWARD ROSE MILLENNIAL DEVELOPMENT COMPANY LLC,2,2,1,0,0,0,0,1,0,1
ELITE PROPERTIES AND DEVELOPMENT LLC,2,2,1,0,0,0,0,1,0,1
ENFINGER DEVELOPMENT LLC,2,2,1,0,0,0,0,1,1,0
FAITH PRESBYTERIAN CHURCH PCA,2,2,2,2,2,0,2,1,1,1
FONTAINE COMMERCIAL TRAILER INC,2,0,0,0,0,0,0,0,0,0
GASTON CONSTRUCTION INC,2,2,2,0,0,0,1,2,0,2
GEMINI CONSTRUCTION CO LLC,2,1,1,1,1,0,0,1,0,1
GREAT SOUTHERN WOOD TUSCUMBIA INC,2,0,0,0,0,0,0,0,0,0
GREATER BIRMINGHAM HABITAT FOR HUMANITY INC,2,1,1,0,1,0,0,1,0,1
GREYSTONE AT AUBURN LLC,2,0,0,0,0,0,0,0,0,0
HCL CONTRACTING LLC,2,2,0,0,0,0,0,0,1,0
HEIL ENVIRONMENTAL INDUSTRIES LTD,2,2,0,0,0,0,0,0,0,0
HERE TUSCALOOSA,2,0,0,0,0,0,0,0,0,0
HONEYSUCKLE PLACE APARTMENTS LTD,2,1,0,0,0,0,0,0,1,0
HOOVER CITY BOARD OF EDUCATION,2,2,2,1,1,1,1,2,0,2
HUDDLE HOUSE INC,2,2,1,0,0,0,1,1,0,1
INGLE DEMOLITION AND SALVAGE INC,2,2,1,0,0,0,0,1,0,1
INNOVATIVE BUILDING SOLUTIONS LLC,2,2,2,0,0,0,0,2,0,2
ISBELL DEVELOPMENT COMPANY,2,1,1,1,0,0,0,1,1,0
J C AND S LLC,2,2,1,0,0,0,1,0,0,1
JASPER CITY SCHOOL BOARD OF EDUCATION,2,1,1,0,0,0,0,1,0,1
JEFFERSON STATE COMMUNITY COLLEGE,2,2,2,0,1,0,1,1,0,2
JEREMY COLLEY,2,0,0,0,0,0,0,0,0,0
JOHN BLUE REALTY LLC,2,2,2,0,0,0,0,2,0,2
KELLEYS WELDING AND EXCAVATION INC,2,2,2,1,0,1,2,1,1,1
KOCH FOODS OF GADSDEN LLC,2,0,0,0,0,0,0,0,0,0
LAKE MARTIN LAND CO LLC,2,2,0,0,0,0,0,0,2,0
LARRY CURLY AND NOMO,2,2,2,0,0,0,0,2,2,0
LOCAL UNION 119,2,1,0,0,0,0,0,0,1,0
M 13 CONSTRUCTION INC,2,1,1,1,0,0,0,0,2,0
MASON CALDWELL,2,2,2,0,0,0,2,2,1,1
MAXUS CONSTRUCTION COMPANY INC,2,2,1,0,0,0,0,1,0,1
MCWHORTER AND CO INC,2,1,0,0,0,0,0,0,0,0
MEMBER BUILDER LLC,2,1,1,0,0,0,0,1,0,1
MIRACLE LEAGUE OF COASTAL ALABAMA INC,2,2,2,0,0,0,0,2,0,2
MORGAN COUNTY ECONOMIC DEVELOPMENT ASSOCIATION,2,2,2,0,0,0,0,2,0,2
NEW TOWN DEVELOPMENT LLC,2,2,0,0,0,0,0,0,2,0
NEW URBAN DEVELOPMENT CORPORATION LLC,2,1,0,0,0,0,0,0,0,0
NRB DEVELOPERS INC,2,2,0,0,0,0,0,0,1,0
OKRA ENERGY ALABAMA LLC,2,0,0,0,0,0,0,0,0,0
ORLANDO PITTS,2,1,1,0,0,0,0,1,0,1
PATRIOT BUILDERS LLC,2,0,0,0,0,0,0,0,0,0
PENNY JAR DEVELOPERS LLC,2,2,1,1,0,0,0,1,0,1
PERDIDO BAY WATER AND FPA,2,0,0,0,0,0,0,0,0,0
PHENIX LUMBER COMPANY,2,2,0,0,0,0,0,0,1,0
PRATTVILLE CITY OF WATER WORKS BOARD,2,0,0,0,0,0,0,0,0,0
PRESTON BUILDERS INC,2,2,2,1,1,0,0,2,1,1
PRINCE METAL STAMPINGS USA INC,2,1,1,0,0,0,0,1,0,1
PRISTINE PARTNERS LLC,2,2,0,0,0,0,0,0,1,0
RAM BIRMINGHAM HOSPITALITY THREE LLC,2,0,0,0,0,0,0,0,0,0
RELIABLE PARTNERS LLC,2,1,0,0,0,0,0,0,0,0
RESEARCH PARK APPARTMENTS,2,1,1,0,0,0,0,1,0,1
RIVER ROCKS LLC,2,2,2,0,0,0,0,2,1,1
SAFE MINI STORAGE OF HUNTSVILLE LLC,2,2,0,0,0,0,0,0,0,0
SAMUEL SKIPPER CONSTRUCTION LLC,2,0,0,0,0,0,0,0,0,0
SDG INVESTMENTS LLC,2,2,2,0,0,0,0,2,0,2
SECTION TOWN OF,2,0,0,0,0,0,0,0,0,0
SHD LLC,2,1,0,0,0,0,0,0,1,0
SHERRILL CONSTRUCTION COMPANY LLC,2,2,1,1,1,0,0,1,1,1
SOUTHERN SITE CONTRACTORS,2,2,1,0,0,0,0,1,2,0
SOUTHWOOD PROPERTIES LLC,2,1,1,0,1,0,1,1,0,1
SPRING BAY PROPERTY COMPANY LLC,2,0,0,0,0,0,0,0,0,0
TALLAPOOSA RIVER ELECTRIC COOPERATIVE,2,2,1,0,0,0,0,1,0,1
TCG CHELSEA ACRES LLC,2,2,2,2,2,0,2,1,2,0
TCG TRESTLE SQUARE LLC,2,1,1,1,1,0,1,1,1,0
TELLE TIRE ALABAMA LLC,2,1,0,0,0,0,0,0,0,0
TOYOTA BOSHOKU AKI USA LLC,2,2,2,0,0,0,0,2,0,2
TRIPLE E HOLDINGS LLC,2,2,1,0,0,1,0,1,0,1
TWO HANDS DESIGN AND DEVELOPMENT LLC,2,2,2,1,1,0,1,2,1,1
TYLER UNION,2,0,0,0,0,0,0,0,0,0
VEALS CUSTOM HOMES LLC,2,2,1,0,0,0,0,1,0,1
W R NEWMAN AND ASSOCIATES INC,2,1,1,1,1,0,1,1,0,1
WARING INVESTMENTS INC,2,1,0,0,0,0,0,0,1,0
WB REAL ESTATE LLC,2,2,1,0,1,0,0,0,0,1
WILLIFORD ORMAN CONSTRUCTION,2,1,1,1,1,0,0,1,1,0
WP MADISON INVESTMENTS LLC,2,1,1,0,0,0,0,1,0,1
YS INC,2,1,0,0,0,0,0,0,1,0
0000004372,2,1,0,0,0,0,0,0,1,0
0000051409,2,0,0,0,0,0,0,0,0,0
ADMIN CHITALWALA,2,2,0,0,0,0,0,0,0,0
ANCHOR ENGINEERING ASSOCIATES LLC,2,2,1,1,0,0,0,1,1,0
ANDERSON CONSTRUCTION COMPANY OF FORT GAINES,2,1,0,0,0,0,0,0,1,0
AUBURN COMMUNITY CHURCH INC,2,1,0,0,0,0,0,0,0,0
AUM HOMEWOOD LLC,2,0,0,0,0,0,0,0,0,0
AUTHENTIC PARTNERS LLC,2,0,0,0,0,0,0,0,0,0
BIRMINGHAM HOUSING AUTHORITY,2,1,1,0,0,0,0,1,0,1
BIRMINGHAM JEFFERSON CONVENTION COMPLEX,2,0,0,0,0,0,0,0,0,0
BS OPELIKA LLC,2,0,0,0,0,0,0,0,0,0
CAPSTONE COLLEGIATE COMMUNITIES LLC,2,2,1,1,0,1,1,1,2,0
CARLOS CHIP POWERS II,2,2,1,0,0,0,0,1,2,0
CAROL PLANTATION LLC,2,2,0,0,0,0,0,0,2,0
CARTER PROPERTIES LLC,2,2,1,0,0,0,0,1,0,1
CEDAR HILLS GROUP LLC,2,0,0,0,0,0,0,0,0,0
CHERRY WOODS APARTMENTS LTD,2,1,1,0,0,0,0,1,0,1
CHRIS HEAD,2,1,1,0,0,1,1,0,0,1
CLEAR PROPERTIES ALBERTVILLE LLC,2,2,2,0,0,0,0,2,0,2
CODY D FELTMAN,2,0,0,0,0,0,0,0,0,0
CONCORD LAND DEVELOPMENT LLC,2,2,1,0,0,0,1,1,1,0
CONSTRUCTION CONCEPTS LLC,2,1,1,1,0,0,0,1,1,0
DAVIS CONSTRUCTION SERVICES LLC,2,1,0,0,0,0,0,0,0,0
DR HORTON HUNTSVILLE,2,1,0,0,0,0,0,0,1,0
E AND T ENTERPRISES,2,2,2,1,0,0,2,2,2,0
ELLIS CIVIL LLC,2,2,2,1,0,0,1,2,2,0
FHB INC,2,2,1,0,1,0,0,0,2,0
FLYNN BUILDING SPECIALISTS LLC,2,2,2,2,2,1,2,2,2,0
FOLEY FLEX HOLDINGS LLC,2,0,0,0,0,0,0,0,0,0
FORESITE SERVICES INC,2,0,0,0,0,0,0,0,0,0
FTC PROPERTIES LLC,2,2,1,1,0,0,0,1,0,1
GRAF DAIRY LLC,2,2,0,0,0,0,0,0,1,0
GREAT PARTNERS LLC,2,0,0,0,0,0,0,0,0,0
GRP ENTERPRISES LLC,2,2,0,0,0,0,0,0,0,0
GULF STORAGE GROUP FAIRHOPE LLC,2,1,1,1,0,0,1,1,0,1
GWENDOLYN GILLEY CONSTRUCTION LLC,2,1,0,0,0,0,0,0,1,0
HAULING AWAY LLC,2,1,1,0,0,0,0,1,0,1
HERITAGE BAPTIST CHURCH INC,2,2,0,0,0,0,0,0,1,0
HIS WAY INC,2,2,1,0,0,0,0,1,0,1
HUGH OVERMYER,2,0,0,0,0,0,0,0,0,0
HUNTSVILLE MOUNTAIN PROPERTIES LLC,2,0,0,0,0,0,0,0,0,0
IMBRE INVESTMENT LLC,2,0,0,0,0,0,0,0,0,0
J C DEVELPOMENT COMPANY,2,1,1,0,0,0,0,1,1,0
JACKSON COUNTY WATER AUTHORITY INC,2,1,1,0,0,0,0,1,0,1
JOHN BLUE REALTY,2,0,0,0,0,0,0,0,0,0
JOHN MOUNT,2,2,2,0,0,0,0,2,0,2
JUNEAU CONSTRUCTION COMPANY LLC,2,0,0,0,0,0,0,0,0,0
KENDALL PROPERTIES,2,0,0,0,0,0,0,0,0,0
LAKESIDE MARINA LLC,2,2,0,0,0,0,0,0,1,0
LAMBERT VENTURES LLC,2,2,2,0,1,0,0,1,0,2
LEE HOUSE HOMEBUILDING LLC,2,1,0,0,0,0,0,0,1,0
LUCKY LLC,2,1,0,0,0,0,0,0,1,0
MARVELOUS PARTNERS LLC,2,0,0,0,0,0,0,0,0,0
MCLEMORE INC,2,1,0,0,0,0,0,0,0,0
MONUMENTAL CONTRACTING SERVICES,2,1,1,0,0,0,0,1,0,1
MORRIS DEVELOPMENT,2,2,1,0,0,0,0,1,2,0
MUSCODA LAND COMPANY LLC,2,0,0,0,0,0,0,0,0,0
NEXT GEN RE LLC,2,2,2,2,0,0,2,1,1,1
ODEN PROPERTY MANAGEMENT LLC,2,0,0,0,0,0,0,0,0,0
OLD TOWN LLC,2,1,1,0,0,0,0,1,0,1
OLIN CORPORATION,2,1,0,0,0,0,0,0,0,0
ONEONTA CITY SCHOOLS,2,1,1,0,0,0,0,1,0,1
PANKEY PROPERTIES LLC,2,1,1,1,1,1,1,1,1,0
PERFECTION PARTNERS LLC,2,2,0,0,0,0,0,0,0,0
PHIL WALDREP EVANGELISTIC ASSOCIATION,2,2,2,0,0,0,0,2,0,2
PHOS WINDOWS LLC,2,0,0,0,0,0,0,0,0,0
PIERCE AND ALLRED CONSTRUCTION,2,0,0,0,0,0,0,0,0,0
RAM ELLSWORTH SUBDIVISION PARTNERS LLC,2,1,0,0,0,0,0,0,1,0
RARE HOSPITALITY INTERNATIONAL INC,2,2,1,0,0,0,0,1,0,1
REID HILL,2,2,2,1,0,0,0,2,0,2
RETAIL SPECIALISTS,2,1,1,1,1,0,1,1,1,0
ROCKLEDGE DEVELOPMENT LLC,2,1,0,0,0,0,0,0,0,0
RODNEY GRIFFITH,2,2,0,0,0,0,0,0,1,0
SHIVAAY LLC,2,2,2,0,0,0,2,2,2,0
SLW ALABAMA MANAGEMENT LLC,2,1,0,0,0,0,0,0,0,0
SMART CONSTRUCTION LLC,2,2,2,0,0,0,0,2,1,1
SOUTHEAST DISTRIBUTION LLC,2,1,0,0,0,0,0,0,0,0
SOUTHEAST GENERAL CONTRACTORS INC,2,1,1,0,0,0,0,1,0,1
SPLENDID PARTNERS LLC,2,1,0,0,0,0,0,0,1,0
STICKY FINGERS LLC,2,1,1,0,0,1,1,0,1,0
STOREEASE MOODY LLC,2,1,1,0,0,0,0,1,0,1
SW COMMERICAL CONTRACTING LLC,2,1,1,0,0,0,0,1,0,1
SWEETWATER RIDGE II GP INC,2,2,2,0,0,0,0,2,0,2
TIGER NATIONAL LLC,2,1,0,0,0,0,0,0,0,0
TRC VERNON LLC,2,1,1,0,0,0,1,1,1,0
VALLEY WATER AUTHORITY INC,2,0,0,0,0,0,0,0,0,0
WALDA DEVELOPMENT LLC,2,1,1,0,0,0,1,1,0,1
WARNERS ATHLETIC CONSTRUCTION,2,0,0,0,0,0,0,0,0,0
WARNERS ATHLETIC CONSTRUCTION COMPANY LLC,2,1,1,0,0,0,0,1,0,1
WINFIELD CITY OF,2,1,1,0,0,0,0,1,0,1
ADVANCED RESOURCES INTERNATIONAL INC,2,0,0,0,0,0,0,0,0,0
ALEX HOMES LLC,2,1,0,0,0,0,0,0,0,0
AMANDA JILL FLOYD,2,1,1,1,0,0,1,1,0,1
AMMONS AND BLACKMON CONSTRUCTION,2,2,2,1,0,0,1,1,0,2
APAC ALABAMA INC,2,0,0,0,0,0,0,0,0,0
ATHENS PRESERVE LLC,2,2,0,0,0,0,0,0,1,0
BARONWOOD PROPERTY LLC,2,2,2,1,2,0,1,2,1,1
BC CONSTRUCTION AND DEVELOPMENT LLC,2,1,0,0,0,0,0,0,0,0
BLUE MOOSE LLC,2,1,1,0,0,0,0,1,0,1
BRANCH PROPERTIES LLC,2,2,2,1,0,0,0,2,2,0
BUCEES ALABAMA II LLC,2,2,0,0,0,0,0,0,0,0
CB AND A CONSTRUCTION LLC,2,0,0,0,0,0,0,0,0,0
CHUCK NORRIS DEVELOPMENT COMPANY,2,2,1,1,1,0,1,1,2,0
CO BEK DEVELOPMENT LLC,2,1,0,0,0,0,0,0,0,0
COFFEE COUNTY BOARD OF EDUCATION,2,2,1,0,0,0,0,1,0,1
CONTENTMENT HOMES LLC,2,1,0,0,0,0,0,0,1,0
COOPER GREEN MERCY HEALTH SERVICES AUTHORITY,2,0,0,0,0,0,0,0,0,0
COTTAGE HILL DEVELOPMENT LLC,2,1,1,0,0,0,0,1,0,1
CROSSVILLE PELLETS LLC,2,0,0,0,0,0,0,0,0,0
DESTINY BUILDERS LLC,2,0,0,0,0,0,0,0,0,0
DR HORTON NORTHERN GULF COAST DIVISION,2,2,1,1,0,0,0,1,0,1
DUFF REAL ESTATE LLC,2,1,1,0,0,0,0,1,0,1
E CORNELL MALONE CORP,2,2,1,0,1,0,0,1,0,1
ELK COMPANY OF TEXAS LLC,2,1,0,0,0,0,0,0,0,0
ELMINGTON CONSTRUCTION,2,1,1,0,0,0,0,1,0,1
EXCELLENT PARTNERS LLC,2,0,0,0,0,0,0,0,0,0
FLAT ROOF PROPERTIES LLC,2,2,2,0,0,0,0,2,0,2
FRANK TURNER CONSTRUCTION COMPANY INC,2,2,2,1,0,1,0,1,0,2
FREEMAN AND ASSOCIATES INC,2,1,0,0,0,0,0,0,0,0
HAPPY HOME BUILDER LLC,2,2,2,2,0,0,0,2,0,2
HARDAWAY CONSTRUCTION CORP,2,2,2,0,0,0,0,2,0,2
HARMONY COVE LLC,2,1,1,1,0,0,1,1,1,0
HATHAWAY DEVELOPMENT LLC,2,2,2,2,2,0,2,2,2,0
HAYLEY ENTERPRISES LLC,2,2,0,0,0,0,0,0,0,0
HIGHLANDS AT FAIRHOPE VILLAGE LLC,2,2,2,1,1,0,1,2,0,2
HUDAK CONSTRUCTION COMPANY INC,2,1,0,0,0,0,0,0,0,0
J A LETT CONSTRUCTION INC,2,2,1,1,0,0,0,0,0,1
J BAILEY HOMES LLC,2,1,0,0,0,0,0,0,1,0
JF THOMAS AND SONS CONSTRUCTION INC,2,2,0,0,0,0,0,0,0,0
JORDAN EXCAVATING COMPANY LLC,2,1,1,0,0,0,0,1,0,1
KADCO HOMES LLC,2,0,0,0,0,0,0,0,0,0
LAUDERDALE COUNTY AGRICULTURAL CENTER AUTHORITY,2,1,1,1,1,0,0,1,1,0
LEVEL5 LLC,2,1,1,0,0,0,0,1,0,1
LG INVESTMENTS LLC,2,2,1,1,1,0,1,1,1,0
LGI HOMES ALABAMA LLC,2,2,2,1,2,0,1,2,2,0
LGI HOMES GEORGIA LLC,2,0,0,0,0,0,0,0,0,0
LITTLE GOOSE DEVELOPMENT LLC,2,2,1,0,1,0,0,0,0,1
MAKEN PROPERTIES LLC,2,1,0,0,0,0,0,0,1,0
MJ SYSTEMS LLC,2,1,0,0,0,0,0,0,0,0
NEXTERA ENERGY PIPLINE HOLDINGS LOWMAN INC,2,0,0,0,0,0,0,0,0,0
NICKY MEATBALLS LLC,2,1,0,0,0,0,0,0,0,0
PARADE HOME BUILDERS INC,2,1,1,1,1,0,1,0,0,1
PARKWAY C AND A LP,2,1,0,0,0,0,0,0,0,0
RAM MONTGOMERY HOSPITALITY FOUR LLC,2,0,0,0,0,0,0,0,0,0
RASK LLC,2,1,0,0,0,0,0,0,1,0
RC HALLS MILL INVESTMENTS LLC,2,1,0,0,0,0,0,0,0,0
RETAIL SPECIALISTS LLC,2,2,2,2,0,0,1,1,1,1
ROB MIDDLETON CONSTRUCTION,2,2,1,0,0,0,0,1,1,0
ROUND TOO INVESTMENTS LLC,2,1,1,0,0,0,1,0,0,1
SCOTTSBORO WATER WORKS SEWER AND GAS BD,2,1,1,0,0,0,0,1,0,1
SHAMROCK DEVELOPMENT LLC,2,1,0,0,0,0,0,0,0,0
SIGNATURE 150 LLC,2,1,1,1,1,0,1,1,1,0
SMP PROPERTIES LLC,2,2,1,0,0,0,0,1,0,1
SOUTHERN TIRE MART LLC,2,2,1,0,0,0,0,1,0,1
STATION AT CRESTLINE HEIGHTS LLC THE,2,2,1,0,0,0,0,1,1,0
SUNSHINE AERO INDUSTRIES INC,2,0,0,0,0,0,0,0,0,0
SWANNERS AT TANNER INC,2,2,2,0,0,0,0,2,0,2
SWWC SERVICES INC,2,2,2,0,1,0,1,2,1,1
TAMPA ENTERPRISES INC,2,2,1,0,0,0,0,1,0,1
TRIPLE J COMPANIES LLC,2,1,1,0,0,0,1,1,0,1
TWO OAKS DEVELOPMENT LLC,2,2,2,1,1,0,1,1,1,1
WAR CONSTRUCTION,2,1,1,0,0,0,1,1,0,1
WAYNE GENTRY BUILDERS INC,2,0,0,0,0,0,0,0,0,0
WESTCHESTER DEVELOPMENT,2,1,0,0,0,0,0,0,0,0
WITHERINGTON CONSTRUCTION CORP,2,2,1,1,0,0,1,0,0,1
YOUNGS PLANT FARM,2,1,0,0,0,0,0,0,1,0
ZACH WATSON,2,0,0,0,0,0,0,0,0,0
ALABAMA GRAPHITE PRODUCTS LLC,2,0,0,0,0,0,0,0,0,0
ARCO DESIGN BUILD INC,2,1,1,1,0,0,0,0,0,1
ARIZONA HOLDINGS LLC,2,1,0,0,0,0,0,0,0,0
ATHENS HALL APARTMENTS LTD,2,1,1,0,0,0,0,1,0,1
B G WATKINS CONSTRUCTION COMPANY INC,2,0,0,0,0,0,0,0,0,0
BERRY CONSTRUCTION COMPANY INC,2,2,2,1,0,0,0,2,0,2
BJS WHOLESALE CLUB INC,2,2,1,0,0,0,0,1,0,1
BOOM VANG REAL ESTATE LLC,2,1,1,0,0,0,1,1,1,0
BOWDEN CONTRACTORS LLC,2,1,0,0,0,0,0,0,1,0
BTG LLC,2,0,0,0,0,0,0,0,0,0
CAMELLIA HOUSE LLC,2,1,1,0,0,0,0,1,0,1
CAMPBELL TRANSPORT LLC,2,1,1,0,0,0,0,1,0,1
CAPITAL DEVELOPMENT GROUP LLC,2,1,0,0,0,0,0,0,0,0
CARMON CONSTRUCTION,2,0,0,0,0,0,0,0,0,0
CENTRAL ALABAMA COMMUNITY COLLEGE,2,0,0,0,0,0,0,0,0,0
CHAPMAN HOLDINGS LLC,2,2,0,0,0,0,0,0,0,0
CIRCLE K STORES,2,1,1,0,0,0,0,1,0,1
CLANTON CITY OF,2,1,1,1,1,0,1,0,1,0
D AND W LLC,2,1,1,0,0,0,0,1,0,1
D L DANIEL PROPERTIES LLC,2,2,1,1,0,1,1,0,1,1
DAPHNE COTTAGES LLC,2,1,1,0,0,0,0,1,0,1
DORA CITY OF,2,1,1,0,0,0,0,1,0,1
DR HORTON INC GULF COAST DIVISION,2,2,1,0,1,1,0,1,2,0
DUSOUTH LLC,2,1,1,0,0,0,0,1,1,0
ELITE DEVELOPMENT PARTNERS LLC,2,0,0,0,0,0,0,0,0,0
ELMINGTON RESIDENTIAL,2,2,1,0,0,0,0,1,1,1
ELMINGTON RESIDENTIAL LLC,2,0,0,0,0,0,0,0,0,0
ENTERPRISE STATE COMMUNITY COLLEGE,2,0,0,0,0,0,0,0,0,0
ENVIVA PELLETS EPES LLC,2,2,1,1,0,0,0,1,1,1
FIRETOWER PROPERTIES LLC,2,1,1,0,0,0,0,1,0,1
FIRST SOLAR INC,2,1,1,0,0,0,0,1,0,1
FLOYD PROPERTIES OF FLORENCE LLC,2,2,2,0,0,0,0,2,0,2
FRANKLIN HOMEBUILDING LLC,2,0,0,0,0,0,0,0,0,0
FYFFE CONSTRUCTION CO,2,1,1,0,0,0,0,1,0,1
GATEWAY AT OPELIKA II LLC,2,0,0,0,0,0,0,0,0,0
GC GROUP HOLDINGS LLC,2,1,1,1,1,0,1,1,1,0
GEYER MORRIS COMPANY LLC,2,2,2,0,0,0,0,2,0,2
GP DEVELOPMENT LLC,2,2,1,0,0,0,0,1,0,1
GRANDIOSE PARTNERS LLC,2,2,0,0,0,0,0,0,0,0
H AND E EQUIPMENT SERVICES INC,2,2,0,0,0,0,0,0,0,0
HARTSELLE CITY BOARD OF EDUCATION,2,2,2,0,0,0,0,2,0,2
HATTERS POND LLC,2,0,0,0,0,0,0,0,0,0
HIGH TIDE OIL COMPANY INC,2,2,1,1,1,0,1,1,2,0
HUTTON ST 21 LLC,2,1,0,0,0,0,0,0,0,0
INTEGRA WATER MADISON COUNTY LLC,2,0,0,0,0,0,0,0,0,0
ISBELL DEVELOPMENT LLC,2,1,0,0,0,0,0,0,0,0
JATINDER SINGH,2,2,0,0,0,0,0,0,0,0
JENNIFER RAGSDALE,2,1,0,0,0,0,0,0,0,0
JMB FP INVESTMENT COMPANY LLC,2,1,1,1,0,0,0,1,0,1
JOHN JOHN II LLC,2,0,0,0,0,0,0,0,0,0
LAMAR A HARRISON FAMILY LIMITED PARTNERSHIP,2,2,0,0,0,0,0,0,0,0
LANGENBACH CONSTRUCTION COMPANY LLC,2,2,2,1,1,0,0,1,0,2
LATHAN AND COLEMAN LLC,2,1,1,0,0,0,0,1,1,0
LECROYS EXCAVATING LLC,2,1,1,1,0,0,0,1,1,0
LYON DEVELOPMENT LLC,2,1,0,0,0,0,0,0,1,0
MAJESTIC PARTNERS LLC,2,0,0,0,0,0,0,0,0,0
MAMMOTH HOLDINGS LLC,2,1,1,0,0,0,0,1,0,1
MARATHON REALTY CORP,2,1,1,0,0,0,0,1,0,1
MASTER BOAT BUILDERS INC,2,1,0,0,0,0,0,0,0,0
MCDONALDS REAL ESTATE COMPANY,2,2,1,0,0,0,0,1,0,1
MIDDLE ROAD SELF STORAGE LLC,2,2,1,0,0,0,1,1,2,0
MIDSTATES PETROLEUM COMPANY,2,1,1,0,1,0,1,0,0,1
MORACE BUILDERS LLC,2,1,0,0,0,0,0,0,0,0
NORTH ALABAMA FABRICATING CO INC,2,0,0,0,0,0,0,0,0,0
PF5 DEVELOPMENT LLC,2,1,0,0,0,0,0,0,0,0
PHILIP MORRIS,2,0,0,0,0,0,0,0,0,0
PHOENIX SOUTH POINT LLC,2,1,0,0,0,0,0,0,0,0
PRINCE OIL COMPANY,2,2,2,0,0,0,0,2,0,2
ROBERT COOPER,2,2,0,0,0,0,0,0,2,0
S WRIGHT CONSTRUCTION LLC,2,1,1,0,0,0,0,1,0,1
SOUTHSIDE WATER WORKS AND SEWER BROAD,2,0,0,0,0,0,0,0,0,0
SP LLC,2,1,1,1,0,0,0,0,0,1
STERLING HIGHLANDS,2,1,0,0,0,0,0,0,1,0
STOA CONSTRUCTION LLC,2,2,1,0,0,1,0,1,1,0
SUPERB PARTNERS LLC,2,1,0,0,0,0,0,0,0,0
SW COMMERCIAL CONTRACTING LLC,2,0,0,0,0,0,0,0,0,0
THOMAS KRONER,2,1,0,0,0,0,0,0,1,0
TIMBERLAND MANAGEMENT SERVICE INC,2,1,0,0,0,0,0,0,0,0
TOPGOLF USA MA LLC,2,2,1,0,0,0,0,1,0,1
TPG HOMES LLC,2,1,0,0,0,0,0,0,1,0
TRANSCONTINENTAL GAS PIPELINE COMPANY LLC,2,1,0,0,0,0,0,0,1,0
VERTIQUE PROPERTY GROUP,2,2,2,1,0,0,0,2,1,1
WALKER COUNTY COMMISSION,2,1,1,0,0,0,0,1,0,1
WESTBROOK CHRISTIAN SCHOOL,2,0,0,0,0,0,0,0,0,0
WHALEY CONSTRUCTION COMPANY,2,1,0,0,0,0,0,0,0,0
WIRE AND COX DEVELOPMENT LLC,2,1,0,0,0,0,0,0,0,0
YOUNGBLOOD BARRETT ENGINEERING AND CONSTRUCTION LLC,2,0,0,0,0,0,0,0,0,0
AFFORDABLE HOMES GULF COAST II LLC,2,2,0,0,0,0,0,0,0,0
ALUMNI PROPERTIES OF ALABAMA LLC,2,2,2,1,1,0,1,2,1,1
ASBURY GROUP LLC THE,2,1,1,0,0,0,1,1,0,1
BAILEY ENGINEERING INC BOBBY BAILEY,2,0,0,0,0,0,0,0,0,0
BARON HOSPITALITY LLC,2,2,1,0,0,0,0,1,0,1
BLACK WARRIOR SOLID WASTE DISPOSAL AUTH,2,0,0,0,0,0,0,0,0,0
BLACKSTONE CONSTRUCTION LLC,2,0,0,0,0,0,0,0,0,0
BRIMARK BUILDERS LA LLC,2,2,2,0,0,0,0,2,0,2
CARRIGAN HOLDINGS LLC,2,1,1,0,0,0,0,1,0,1
CHATTAHOOCHEE VALLEY COMMUNITY COLLEGE,2,0,0,0,0,0,0,0,0,0
CLIFT HOME PLACE LLC,2,0,0,0,0,0,0,0,0,0
COAST PROPERTIES LLC,2,1,1,0,0,0,0,1,0,1
CRUCIBLE CONSTRUCTION LLC,2,1,0,0,0,0,0,0,0,0
DAL PROPERTIES LLC,2,0,0,0,0,0,0,0,0,0
DASH EXPRESS FREDERICK LLC,2,1,0,0,0,0,0,0,1,0
DYE CONTRACTING LLC,2,1,1,0,0,0,0,1,0,1
EAST ATMORE SOLAR LLC,2,0,0,0,0,0,0,0,0,0
EAST MAG INVESTMENTS LLC,2,1,0,0,0,0,0,0,1,0
FITE BUILDING COMPANY LLC,2,1,1,0,0,0,0,1,0,1
FITE CONSTRUCTION COMPANY LLC,2,2,2,0,0,0,0,2,0,2
FLEET TRAILER AND EQUIPMENT LLC,2,2,1,0,0,0,1,1,0,1
HC PITMAN INC,2,2,2,0,0,0,0,2,0,2
HOOPER ENTERPRISES OF CULLMAN LLC,2,1,0,0,0,0,0,0,0,0
HOWLECO LLC,2,1,1,0,0,0,0,1,0,1
K VA T FOOD STORES INC,2,2,2,0,0,0,0,2,0,2
KASHMIR MALHI,2,0,0,0,0,0,0,0,0,0
LIMESTONE BUILDING GROUP,2,1,0,0,0,0,0,0,0,0
LIV DEVELOPMENT LLC,2,1,1,0,0,0,0,1,0,1
MCKINLEY HOMES,2,0,0,0,0,0,0,0,0,0
METAL RESEARCH INC,2,1,1,0,0,0,0,1,0,1
MIKE MOONEY CONSTRUCTION LLC,2,2,2,1,1,0,1,2,0,2
MKM HOLDINGS LLC,2,0,0,0,0,0,0,0,0,0
MONUMENTAL PARTNERS LLC,2,1,0,0,0,0,0,0,1,0
NOORUDIN DHARANI,2,1,1,1,1,0,1,1,1,0
NORRIS PAVING ASPHALT INC,2,2,2,0,1,0,1,2,0,2
NORTHEAST ALABAMA COMMUNITY COLLEGE,2,2,2,0,0,0,0,2,0,2
OVERLAND DEVELOPMENT LLC,2,1,1,0,0,0,0,1,1,0
P AND C CONSTRUCTION INC,2,2,2,0,0,0,0,2,0,2
PICKERING BUILDING AND RENOVATION LLC,2,2,2,0,0,0,0,2,0,2
POWERS INVESTMENTS LLC,2,1,0,0,0,0,0,0,0,0
PRIME PROPERTIES LLC,2,1,0,0,0,0,0,0,1,0
PRO BUILDING SYSTEMS,2,1,1,1,0,0,1,1,0,1
R3 INVESTMENTS LLC,2,1,1,0,0,0,0,1,0,1
RAMPY DESIGN BUILD LLC,2,2,1,0,0,0,1,1,2,0
SARDIS CITY TOWN OF,2,0,0,0,0,0,0,0,0,0
SCHAAD BROWN REAL ESTATE,2,2,2,0,1,0,1,2,0,2
SCHRIMSHER COMPANY,2,1,1,0,0,0,0,1,0,1
SHOALS COMMERCIAL LLC,2,1,0,0,0,0,0,0,1,0
SLM 100 LLC,2,1,1,1,0,0,1,0,1,0
SOLE PROPRIETOR,2,1,0,0,0,0,0,0,0,0
STUPENDOUS PARTNERS LLC,2,1,0,0,0,0,0,0,0,0
TPG HOMES,2,1,0,0,0,0,0,0,1,0
UNITED RENTALS INC,2,1,1,0,0,0,0,1,0,1
US DEPARTMENT OF ENERGY,2,1,1,0,0,0,0,1,0,1
WMG DEVELOPMENT,2,2,2,0,0,0,0,2,0,2
98 EXTERIORS LLC,2,1,1,1,0,0,0,1,1,0
ACB RESTORATION LLC,2,1,1,0,0,0,0,1,0,1
AUTO AIR OF ALABAMA INC,2,0,0,0,0,0,0,0,0,0
BARNETT JAMES LLC,2,0,0,0,0,0,0,0,0,0
BAYSIDE ACADEMY INC,2,0,0,0,0,0,0,0,0,0
BIG RIVER ELECTRIC INC,2,2,2,0,0,0,0,2,1,1
BRIDGEPORT CITY OF,2,0,0,0,0,0,0,0,0,0
BVP LLC,2,2,1,0,0,0,0,1,0,1
CENTURY COMMUNITIES OF TN LLC,2,1,1,0,0,0,0,1,0,1
CUTTING EDGE PROPERTIES LLC,2,1,0,0,0,0,0,0,0,0
CYPRESS BREAK LLC,2,1,1,0,0,0,0,1,0,1
DIAGEO AMERICAS SUPPLY INC,2,0,0,0,0,0,0,0,0,0
DOMINGUEZ DESIGN BUILD INC,2,0,0,0,0,0,0,0,0,0
DUTCH OIL COMPANY,2,1,1,0,0,0,0,1,0,1
ECLIPSE BRAND BUILDERS LLC,2,1,1,1,0,0,0,0,0,1
FRANK NORMENT HOMES LLC,2,0,0,0,0,0,0,0,0,0
GENREV PROPERTIES LLC,2,2,2,1,0,0,1,2,0,2
GPR SOUTH MADISON LLC,2,1,1,0,0,0,0,1,0,1
GTA VENTURES LLC,2,0,0,0,0,0,0,0,0,0
HENAGAR CITY OF,2,1,1,0,0,0,0,1,0,1
HOGAN INVESTMENT PROPERTIES LLC,2,1,0,0,0,0,0,0,0,0
HUDSON CONSTRUCTION INC,2,0,0,0,0,0,0,0,0,0
JN INVESTMENTS LLC,2,0,0,0,0,0,0,0,0,0
KALIBER MANAGEMENT LLC,2,0,0,0,0,0,0,0,0,0
KENDALL PROPERTIES USA,2,0,0,0,0,0,0,0,0,0
LAWRENCE COUNTY BOARD OF EDUCATION,2,2,2,0,0,0,0,2,0,2
LENDON LLC,2,0,0,0,0,0,0,0,0,0
LOXLEY CITY OF,2,0,0,0,0,0,0,0,0,0
MAPLEWOOD HOMES I LLC,2,1,0,0,0,0,0,0,0,0
MCWANE PLANT AND INDUSTRIAL LLC,2,2,2,1,1,1,1,1,0,2
MIKE EMFINGER,2,0,0,0,0,0,0,0,0,0
MILAM AND CO CONSTRUCTION INC,2,1,1,0,0,0,0,1,0,1
MONTGOMERY PUBLIC SCHOOLS,2,1,0,0,0,0,0,0,1,0
NOEM HOMES LLC,2,0,0,0,0,0,0,0,0,0
NORCO LLC,2,0,0,0,0,0,0,0,0,0
OAKS AT INDIAN CREEK BY DELUXETON LLC,2,0,0,0,0,0,0,0,0,0
OZARK CITY OF,2,0,0,0,0,0,0,0,0,0
RANDOLPH SCHOOL,2,1,1,0,0,0,0,1,0,1
RIVERSIDE MATERIALS INCORPORATED,2,0,0,0,0,0,0,0,0,0
RJ DEVELOPMENT,2,1,1,0,0,0,0,1,0,1
ROBERT BEVILL,2,1,0,0,0,0,0,0,1,0
ROBINS AND MORTON CORPORATION,2,1,0,0,0,0,0,0,0,0
SAMS AUTO IMPORTS LLC,2,2,0,0,0,0,0,0,0,0
SAMS PROPERTIES LLC,2,1,1,0,0,0,0,1,0,1
SHOALSBUILDER LLC,2,2,2,0,0,0,0,2,0,2
SPECIALTY TURF SUPPLY INC,2,0,0,0,0,0,0,0,0,0
STELLA JONES CORPORTATION,2,1,1,1,0,0,1,1,1,0
SYNERGY SPECIALTY CONSTRUCTION LLC,2,0,0,0,0,0,0,0,0,0
TAPESTRY DEVELOPMENT GROUP INC,2,1,1,0,0,0,0,1,1,0
TDR BUILDING LLC,2,0,0,0,0,0,0,0,0,0
THRAILKILL INC,2,0,0,0,0,0,0,0,0,0
TRENT THRASHER CONSTRUCTION LLC,2,0,0,0,0,0,0,0,0,0
TRIGREEN EQUIPMENT LLC,2,2,2,0,0,0,0,2,0,2
VOSSWOOD LLC,2,0,0,0,0,0,0,0,0,0
WHALEY CONSTRUCTION COMPANY INC,2,0,0,0,0,0,0,0,0,0
WILLOW POINT GOLF AND COUNTRY CLUB LLC,2,0,0,0,0,0,0,0,0,0
WM MOBILE BAY ENVIRONMENTAL CENTER INC,2,0,0,0,0,0,0,0,0,0
YOUNGBLOOD BARRETT CONSTRUCTION AND ENGINEERING LLC,2,0,0,0,0,0,0,0,0,0
BALL HEALTHCARE WEST MOBILE LLC,2,1,0,0,0,0,0,0,1,0
BBT ALATENN LLC,2,1,1,0,0,0,0,1,0,1
BLACK SHEEP ENTERPRISES LLC,2,0,0,0,0,0,0,0,0,0
BOSTICK CONSTRUCTION LLC,2,0,0,0,0,0,0,0,0,0
CAPITAL RIDGE HOMES INC,2,0,0,0,0,0,0,0,0,0
COOSA VALLEY ELECTRIC COOPERATIVE INC,2,0,0,0,0,0,0,0,0,0
CTS EXCAVATIONS,2,2,2,1,0,0,0,2,1,1
DALLAS COUNTY BOARD OF EDUCATION,2,0,0,0,0,0,0,0,0,0
FOOD CITY KVAT FOODS,2,1,1,0,0,0,0,1,0,1
H C PITMAN INC,2,1,1,0,0,0,0,1,0,1
HERNANDEZ UNIVERSAL CONSTRUCTION INC,2,2,2,0,0,0,0,2,0,2
HOME OIL CO INC,2,1,0,0,0,0,0,0,1,0
HUBBELL POWER SYSTEMS INC,2,0,0,0,0,0,0,0,0,0
KANHA DEVELOPERS LLC,2,2,2,0,0,0,0,2,0,2
LONGBRANCH SITE WORKS LLC,2,2,0,0,0,0,0,0,2,0
PARTEN SMITH INC,2,0,0,0,0,0,0,0,0,0
POWER PARTNERSHIP LLC,2,0,0,0,0,0,0,0,0,0
RAISING CANES RESTAURANTS LLC,2,1,1,1,1,0,0,1,0,1
REED PROPERTY INVESTMENTS LLC,2,1,0,0,0,0,0,0,0,0
RODNEY TITTLE,2,0,0,0,0,0,0,0,0,0
SHIRLEY VALENTINE LLC,2,0,0,0,0,0,0,0,0,0
SLATE BARGANIER BUILDING INC,2,0,0,0,0,0,0,0,0,0
SOLAR DEVELOPMENT GROUP LLC,2,0,0,0,0,0,0,0,0,0
SOUTHEASTERN CONSTRUCTION PARTNERS LLC,2,1,1,0,0,0,0,1,0,1
SOUTHERN SCAPES HOME DESIGN LLC,2,0,0,0,0,0,0,0,0,0
TAYLOR PROPERTIES LLC,2,0,0,0,0,0,0,0,0,0
TOLAND CONSTRUCTION LLC,2,1,0,0,0,0,0,0,0,0
WIESSNER ENTERPRISES LLC,2,0,0,0,0,0,0,0,0,0
BODACIOUS BUILDERS LLC,2,0,0,0,0,0,0,0,0,0
OAKMAN SOLAR LLC,2,0,0,0,0,0,0,0,0,0
1ST COMMUNITY BANK OF CENTRAL ALABAMA,1,0,0,0,0,0,0,0,0,0
52 WEST LLC,1,1,0,0,0,0,0,0,1,0
69 OLIVES LLC,1,1,0,0,0,0,0,0,0,0
A AND A PROPERTIES LLC,1,1,0,0,0,0,0,0,0,0
AARON J GUTHRIE,1,1,1,0,0,0,0,1,0,1
ADIR AML RECLAMATION PROJECT,1,1,1,0,0,0,0,1,0,1
ADVANCE TANK AND CONSTRUCTION,1,0,0,0,0,0,0,0,0,0
AGA LLC,1,1,1,1,1,0,1,1,1,0
ALABAMA DEPARTMENT OF HUMAN RESOURCES,1,0,0,0,0,0,0,0,0,0
ALABAMA DEPARTMENT OF LABOR,1,1,1,0,0,0,0,1,0,1
ALABAMA DEPARTMENT OF PUBLIC SAFETY,1,1,1,0,0,0,0,1,0,1
ALABAMA SCHOOL OF FINE ARTS FOUNDATION,1,0,0,0,0,0,0,0,0,0
ALAGASCO ENERGEN CORPORATION,1,1,1,0,0,0,0,1,0,1
ALFA WILSON JOINT VENTURE LLC,1,1,0,0,0,0,0,0,1,0
ALL DIMENSIONS DEVELOPMENT COMPANY LLC,1,1,1,1,0,0,0,1,1,0
ALPHA PSI FRATERNITY,1,0,0,0,0,0,0,0,0,0
ALPHAPET INC,1,1,1,0,0,0,0,1,0,1
ALTOONA TOWN OF,1,1,1,0,0,0,0,1,0,1
AMERICAN ASPHALT INC,1,1,1,0,0,0,1,1,0,1
AMERICAN CONTRACTORS GRADING AND PAVING,1,0,0,0,0,0,0,0,0,0
AMERICAN TOWERS LLC,1,1,1,0,0,0,0,1,0,1
AMERIFIRST BANK,1,1,0,0,0,0,0,0,1,0
ANGELO IAFRATE CONSTRUCTION COMPANY,1,1,0,0,0,0,0,0,0,0
ANJALI INC,1,1,1,0,0,0,0,1,0,1
APEX CONSTRUCTION SERVICES LLC,1,1,1,1,1,0,1,1,0,1
ARGUS CONSTRUCTION CORPORATION,1,0,0,0,0,0,0,0,0,0
ARLEY TOWN OF,1,0,0,0,0,0,0,0,0,0
ARTHUR BUILDERS LLC,1,1,0,0,0,0,0,0,1,0
ASH PROPERTIES INC,1,1,0,0,0,0,0,0,1,0
AUBURDAN INCORPORATED,1,1,0,0,0,0,0,0,0,0
AUBURDEN INCORPORATED,1,1,1,1,0,0,1,1,1,0
B H CRAIG CONSTRUCTION COMPANY INC,1,1,0,0,0,0,0,0,0,0
BANK TRUST INC,1,1,0,0,0,0,0,0,0,0
BARBER MARINA INC,1,1,1,0,0,0,0,1,0,1
BATSON COOK CO,1,1,1,1,0,0,0,0,0,1
BAY COMMUNITY CHURCH,1,1,0,0,0,0,0,0,0,0
BAYOU LA BATRE CITY OF UTILITIES BOARD,1,1,1,0,0,0,0,1,0,1
BELK TOWN OF,1,0,0,0,0,0,0,0,0,0
BHARAT DARJI,1,1,1,0,0,0,0,1,0,1
BIRMINGHAM REALTY COMPANY INC,1,1,1,0,0,0,1,1,0,1
BLACKWATER RESOURCES LLC,1,1,1,0,0,0,0,1,0,1
BLADOCK BUILDING COMPANY INC,1,1,1,1,1,0,0,0,1,0
BLUE DOOR BUILDING COMPANY LLC,1,1,0,0,0,0,0,0,0,0
BLUELINE RENTAL,1,1,1,1,0,1,0,1,1,0
BRECKENRIDGE GROUP AUBURN ALABAMA LLC,1,1,0,0,0,0,0,0,1,0
BRECKENRIDGE HOA,1,1,1,1,1,0,1,0,1,0
BRENT BARRANCO,1,0,0,0,0,0,0,0,0,0
BRIAN HAGLER CONSTRUCTION INC,1,0,0,0,0,0,0,0,0,0
BRIDGEWATER HOMEOWNERS ASSOCIATION,1,1,0,0,0,0,0,0,0,0
BROOKSHIRE DEVELOPMENT LLC,1,1,0,0,0,0,0,0,0,0
BROWN FORMAN COOPERAGE INC,1,1,0,0,0,0,0,0,0,0
BUCKNER BARRELS SALES CORP,1,1,1,0,0,0,0,1,0,1
BUNGE NORTH AMERICA INC,1,1,1,0,0,0,0,1,1,0
BURLINGTON NORTHERN SANTA FE RAILWAY CO,1,0,0,0,0,0,0,0,0,0
BURNS DIRT CONSTRUCTION INC,1,0,0,0,0,0,0,0,0,0
BUTLER CITY OF,1,1,0,0,0,0,0,0,0,0
BW TRUSSVILLE LLC,1,1,1,0,0,0,1,0,0,1
BYRON BOWER IV,1,1,1,0,0,0,0,1,0,1
C N BAILEY AND COMPANY INC,1,1,1,0,0,0,0,1,1,0
CABLE EAST INC,1,1,0,0,0,0,0,0,0,0
CAHABA VALLEY DEVELOPMENT CORPORATION,1,0,0,0,0,0,0,0,0,0
CAMPBELL B LANIER III,1,0,0,0,0,0,0,0,0,0
CAMPUS CREST DEVELOPMENT LLC,1,1,1,0,0,0,1,0,1,0
CAP HWY 31 LLC,1,1,1,0,0,0,0,1,0,1
CARTER AND CARTER CONSTRUCTION LLC,1,1,1,0,0,0,0,1,0,1
CARTER CONTRACTING,1,1,0,0,0,0,0,0,0,0
CASE CONSTRUCTION LLC,1,1,1,0,0,0,0,1,1,0
CASTLE ROCK INDUSTRIES II LLC,1,1,0,0,0,0,0,0,1,0
CATARANG PROPERTIES LLC,1,1,1,0,0,0,0,1,0,1
CCS OPERATING LLC,1,1,1,1,0,0,1,1,1,0
CENTRAL ALABAMA ASPHALT AND CONSTRUCTION,1,0,0,0,0,0,0,0,0,0
CHUCK VANCE,1,1,1,1,0,0,0,1,1,0
CHURCH OF THE HOLY SPIRIT CATHOLIC CHURC,1,1,1,0,0,0,0,1,0,1
CLEBURNE COUNTY PUBLIC BUILDING AUTHORIT,1,1,1,1,1,0,1,1,1,0
CNE OF PRATTVILLE LLC,1,1,1,1,0,0,1,0,1,0
COCKERHAM DEVELOPMENT LLC,1,1,1,0,0,0,0,1,0,1
COLBERT DEVELOPMENT CO LLC,1,1,1,0,0,0,0,1,0,1
CONSOLIDATED PIPE AND SUPPLY CO INC,1,0,0,0,0,0,0,0,0,0
CONSTANTINE CONSTRUCTORS INC,1,1,1,0,0,0,0,1,0,1
CONVENANT CLASSICAL SCHOOL AND DAYCARE,1,1,0,0,0,0,0,0,0,0
COOPERATIVE DISTR FOR NORTHEAST AL GAS,1,1,1,0,0,0,0,1,0,1
CORNERSTONE BUILDING CO INC,1,0,0,0,0,0,0,0,0,0
CORNERSTONE CHRISTIAN CHURCH INC,1,1,1,0,0,0,0,1,0,1
CORNERSTONE REVIVAL CENTER,1,1,1,1,0,0,1,1,1,0
COVENANT BAPTIST CHURCH,1,1,0,0,0,0,0,0,1,0
COVINGTON TIMBERLAND I AND II LLCS,1,1,0,0,0,0,0,0,0,0
COX FAMILY PROPERTIES 2 LLC,1,1,1,0,0,0,0,1,0,1
CP1 AL INC,1,1,1,0,1,1,1,1,0,1
CP2 AL INC,1,1,1,0,1,0,1,1,0,1
CRD OXMOOR RESIDENTIAL PROPERTIES LLC,1,1,1,1,1,0,1,0,1,0
CROSSPOINT CHURCH,1,1,1,0,0,0,0,1,0,1
CROSSROAD DEVELOPMENT LLC,1,1,1,0,0,0,0,1,0,1
CROSSROADS LLC,1,1,1,0,0,0,0,1,0,1
CULLMAN ALF GROUP LLC,1,0,0,0,0,0,0,0,0,0
CYPRESS LANDING LP,1,1,0,0,0,0,0,0,0,0
D AND P DAVIS LLC,1,1,1,0,0,0,0,1,0,1
D E ENTERPRISES LLC,1,1,1,0,1,0,1,0,1,0
DANDYS RV INC,1,1,1,0,0,0,1,1,1,0
DANIEL SENIOR LIVING OF INVERNESS II LLC,1,1,1,0,0,0,1,1,0,1
DAVID HICKS AND ASSOCIATES,1,1,1,0,0,0,1,1,1,0
DAVID LINDSEY,1,1,1,0,1,1,1,1,1,0
DAVID LINDSEY HOMES INC,1,1,1,0,0,0,1,1,1,0
DAVIDSON LAND DEVELPMENT LLC,1,1,1,0,0,0,0,1,1,0
DELTA CIVIL DEVELOPERS INC,1,1,0,0,0,0,0,0,0,0
DENBURY RESOURCES INC,1,1,1,0,0,0,1,0,1,0
DENSMORER EXCAVATING INC,1,1,1,0,0,0,0,1,0,1
DESIGN BUILD SOUTH LLC,1,1,1,0,0,0,0,1,0,1
DIALYSIS CLINIC INC,1,1,1,0,0,0,0,1,0,1
DISCOUNT BUILDING SUPPLY INC,1,1,1,0,0,0,0,1,0,1
DIXIE GREEN PELLETS I LLC,1,0,0,0,0,0,0,0,0,0
DOBBS NOLEN LLC,1,1,1,0,0,0,0,1,0,1
DONALD THOMAS,1,1,1,0,0,0,0,1,0,1
DR WAYNE MELVIN,1,1,0,0,0,0,0,0,0,0
DRI ARBOR LLC,1,1,1,0,0,0,1,0,1,0
DRI HOMES 2 LLC,1,1,1,0,0,0,1,0,0,1
DRIVE IN MINISTRIES,1,1,0,0,0,0,0,0,0,0
DUBOSE CONSTRUCTION CO INC,1,1,0,0,0,0,0,0,1,0
DUNN CONSTRUCTION COMPANY,1,0,0,0,0,0,0,0,0,0
DURBIN GROUP THE,1,1,1,1,1,0,1,1,0,1
EAGLES LANDING DEVELOPMENT LTD,1,1,0,0,0,0,0,0,0,0
EDDLEMAN ST CLAIR DEVELOPMENT INC,1,1,1,0,1,0,1,1,1,0
EDGAR HUGHSTON,1,1,1,1,0,0,1,0,1,0
EDGEWATER LAND LLC,1,1,1,0,0,0,1,1,1,0
EDWARDS COMMUNITIES CONSTRUCTION CO LLC,1,1,1,1,1,0,0,1,0,1
ELITE PETROLEUM GROUP LLC,1,0,0,0,0,0,0,0,0,0
ELKINS CONSTRUCTORS INC,1,0,0,0,0,0,0,0,0,0
ENTERPRISE LEASING CO SOUTH CENTRAL LLC,1,1,1,0,0,0,0,1,0,1
ESA SOUTH INC,1,1,1,0,0,0,0,1,0,1
ESTATES AT NORTHAMPTON LP THE,1,0,0,0,0,0,0,0,0,0
EVANGEL ASSEMBLY OF GOD,1,0,0,0,0,0,0,0,0,0
FAVERGRAY COMPANY,1,1,1,0,0,0,0,1,0,1
FIRST BAPTIST CHURCH OF ARAB,1,0,0,0,0,0,0,0,0,0
FIRST CHOICE PROPERTY DEVELOPMENT LLC,1,1,1,1,1,0,0,1,0,1
FIRST FINANCIAL BANK,1,0,0,0,0,0,0,0,0,0
FIVE STAR DEVELOPMENT LLC,1,0,0,0,0,0,0,0,0,0
FLINTCO LLC,1,1,0,0,0,0,0,0,0,0
FLORENCE HOUSING AUTHORITY,1,1,0,0,0,0,0,0,0,0
FNB BANK,1,1,1,0,1,0,1,1,1,0
FORDS MILL APARTMENTS LTD,1,1,0,0,0,0,0,0,1,0
FYFFE CONSTRUCTION COMPANY,1,0,0,0,0,0,0,0,0,0
G AND RK CONSULTING ASSOCIATES LLC,1,1,1,0,0,0,0,1,0,1
GADSDEN AL NO UNIT OF JEHOVAHS WITNESSES,1,1,1,1,0,0,1,0,0,1
GAILLARD BUILDERS INC,1,1,1,0,1,1,1,1,0,1
GATLIN PARTNERS LLC,1,1,1,0,0,0,0,1,0,1
GEK INC,1,1,1,0,0,0,0,1,0,1
GENERAL SHALE BRICK INC,1,0,0,0,0,0,0,0,0,0
GEORGE KNAPP CONSTRUCTION COMPANY,1,1,1,0,0,0,0,1,0,1
GLENN SPRINGS HOLDINGS INC,1,0,0,0,0,0,0,0,0,0
GLYNWOOD LLC,1,1,0,0,0,0,0,0,0,0
GRACE RIDGE LLC,1,1,0,0,0,0,0,0,0,0
GRAND RIDGE LLC,1,1,1,1,1,0,0,1,0,1
GREENSBORO CITY OF,1,1,1,0,0,0,1,1,0,1
GS LANDGROUP LLC,1,1,1,0,0,0,0,1,1,0
GULF HAULING AND CONSTRUCTION INC,1,1,0,0,0,0,0,0,0,0
H H G LTD,1,1,1,0,0,0,0,1,1,0
HABITAT FOR HUMANITY OF RUSSELL CO INC,1,1,1,0,0,0,1,1,0,1
HAL GREY LAND III,1,1,0,0,0,0,0,0,0,0
HAL TURNER,1,1,1,0,0,0,0,1,0,1
HALCYON DEVELOPMENT COMPANY LLC,1,1,1,0,0,0,0,1,0,1
HALL TAYLOR CONSTRUCTION CO INC,1,0,0,0,0,0,0,0,0,0
HALLSON MANOR LP,1,1,1,0,1,0,1,1,1,0
HARLEY MCGARTHA CONSTRUCTION INC,1,0,0,0,0,0,0,0,0,0
HARRELLS FERTILIZER INC,1,0,0,0,0,0,0,0,0,0
HARTSELLE CITY OF UTILITIES BD,1,1,1,0,0,0,0,1,0,1
HEAVY EQUIPMENT TRAINING ALABAMA LLC,1,1,0,0,0,0,0,0,0,0
HENSEL PHELPS CONSTRUCTION COMPANY,1,1,1,1,0,0,1,0,1,0
HENSLEY PROPERTIES,1,1,1,0,0,0,0,1,0,1
HERITAGE CONSTRUCTION COMPANY INC,1,1,0,0,0,0,0,0,0,0
HIGHLAND HILLS PHASE II LLC,1,1,1,1,1,1,1,1,1,0
HL PROPERTIES LLC,1,1,1,0,0,0,0,1,0,1
HOMEPLACE DEVELOPERS INC,1,1,1,0,0,0,1,1,1,0
HONEYWELL INTERNATIONAL INC,1,0,0,0,0,0,0,0,0,0
HRW SIMMONS LLC,1,0,0,0,0,0,0,0,0,0
HSV POWER CENTER LLC,1,1,1,0,0,0,0,1,0,1
HTC PROPERTIES LLC,1,1,0,0,0,0,0,0,1,0
HUNTSVILLE ATHLETIC CLUB INC,1,1,1,0,0,0,0,1,0,1
HYUNDAI MOTOR MANUFACTURING ALABAMA LLC,1,0,0,0,0,0,0,0,0,0
HYUNDAI POWER TRANSFORMERS USA INC,1,0,0,0,0,0,0,0,0,0
IDC INC,1,1,1,0,0,0,0,1,0,1
IKO SOUTHEAST INC,1,1,0,0,0,0,0,0,0,0
INTL ASSOC OF MACHINSTS AEROSPACE WORKER,1,1,1,1,0,0,1,0,1,0
IRBY CONSTRUCTION LLC,1,0,0,0,0,0,0,0,0,0
IRONDALE INDUSTRIAL CONTRACTORS INC,1,1,1,1,0,0,1,1,1,0
J M H DEVELOPMENT CO INC,1,1,1,0,0,0,1,1,1,0
J M JACKSON CHEVROLET BUICK INC,1,1,1,1,0,1,1,0,1,0
JACKIES INTERNATIONAL INC,1,1,1,0,0,0,0,1,1,0
JACKSON COUNTY INVESTMENTS LLC,1,1,1,0,0,0,0,1,0,1
JACKSON HOSPITAL AND CLINIC INC,1,1,1,0,0,0,0,1,1,0
JAMES BLACKMON,1,1,1,1,0,0,1,1,1,0
JAMES GARRARD,1,1,1,0,0,0,0,1,0,1
JAMES H ADAMS AND SON CONST CO INC,1,0,0,0,0,0,0,0,0,0
JAMES HILL LLC,1,1,1,1,1,0,1,1,1,0
JERRY COLLIER,1,1,1,0,0,0,0,1,0,1
JOHN BAILEY,1,1,1,0,0,0,0,1,0,1
JOHNSON CONSTRUCTION AND DEVELOPMENT COR,1,1,1,0,1,0,1,0,1,0
KEVIN MILLER DEVELOPMENT INC,1,1,1,0,0,0,0,1,0,1
KILSON UHN,1,0,0,0,0,0,0,0,0,0
KIM L PETERS,1,1,1,0,0,0,0,1,1,0
KIMBRELL LLC,1,0,0,0,0,0,0,0,0,0
KIMCO REALTY CORPORATION,1,0,0,0,0,0,0,0,0,0
KING FISHER MARINA INC,1,1,1,0,0,0,1,1,0,1
KING HONDA CAR WORLD,1,1,1,1,1,0,1,0,1,0
KRATOS SRE INC,1,1,0,0,0,0,0,0,0,0
L W REDSTONE LLC,1,0,0,0,0,0,0,0,0,0
LABRADOR LLC,1,1,1,0,1,0,1,1,1,0
LAKESIDE STEEL CORPORATION,1,0,0,0,0,0,0,0,0,0
LAUDERDALE HOMES INC,1,1,1,0,0,0,1,1,0,1
LAURA JOHNSON,1,0,0,0,0,0,0,0,0,0
LEE BUILDERS,1,1,0,0,0,0,0,0,0,0
LILLIAN KIRKLEY,1,0,0,0,0,0,0,0,0,0
M AND S DEVELOPMENT,1,1,1,0,0,0,0,1,0,1
MARTIN CONSTRUCTION,1,1,1,0,0,0,0,1,0,1
MARTIN ROCHA,1,1,1,0,0,0,0,1,1,0
MATHEWS DEVELOPMENT LLC,1,1,1,0,1,0,1,1,1,0
MATTHEW WOOD,1,0,0,0,0,0,0,0,0,0
MAYS CONSTRUCTION CO,1,1,1,0,0,0,0,1,0,1
MCCALLA PARTNERS LLC,1,1,1,1,1,1,1,0,0,1
MCDONALD BROTHERS CONSTRUCTION,1,0,0,0,0,0,0,0,0,0
MCWANE INC,1,1,1,0,0,0,0,1,0,1
MEGLESI LLC,1,1,0,0,0,0,0,0,0,0
METROGROUP DEVELOPMENT II LLC,1,0,0,0,0,0,0,0,0,0
MGFD LIVINGSTON LLC,1,1,1,0,0,0,0,1,0,1
MICHAEL LAPEYROUSE,1,1,0,0,0,0,0,0,0,0
MILLER AND MILLER INC,1,1,0,0,0,0,0,0,0,0
MILLTRACE RUN LLC,1,1,1,1,0,0,1,1,1,0
MITCHELL BROTHERS CONTRACTORS INC,1,1,1,1,1,0,1,1,1,0
MODULAR TRENDS TECHNOLOGY LLC,1,1,0,0,0,0,0,0,1,0
MOUNT VERNON TOWN OF,1,1,1,0,0,0,0,1,0,1
MPT OF 69TH STREET LLC AIRCRAFT HANGAR,1,0,0,0,0,0,0,0,0,0
NATIONAL SALVAGE AND SERVICE CORP,1,0,0,0,0,0,0,0,0,0
NETWORK LLC,1,1,1,0,0,0,0,1,0,1
NEW LIFE BAPTIST CHURCH INC,1,1,1,0,0,0,0,1,0,1
NEW PARK DEVELOPMENT COMPANY LLC,1,1,1,0,1,0,0,1,1,0
NEWELL ROAD BUILDERS INC,1,1,1,0,0,0,0,1,0,1
NEXT CHAPTER MOBILE I LLC,1,1,1,0,0,0,0,1,1,0
NORTHWOOD ESTATES LLC,1,1,1,0,0,0,1,1,0,1
OAKLEY LAND CO LLC,1,1,1,0,0,0,0,1,0,1
OLD LINE WATER AUTHORITY,1,0,0,0,0,0,0,0,0,0
OLIVER TRAILS LLC,1,1,1,1,0,0,1,1,1,0
OSA GARDEN LLC,1,1,1,0,0,0,0,1,0,1
OYLER LLC,1,1,1,0,0,0,0,1,0,1
PALMER DEVELOPMENT LLC,1,1,1,0,0,0,0,1,0,1
PASS LLC,1,1,1,0,1,1,1,1,1,0
PATHWAY HOMES SL LLC,1,1,1,1,0,0,1,1,1,0
PERCH CREEK PRESERVE INC,1,0,0,0,0,0,0,0,0,0
PETE FARRIOR,1,1,0,0,0,0,0,0,0,0
PHENIX CITY PLACE APARTMENTS LLC,1,1,1,0,0,0,0,1,0,1
PHILLIP AND KIMBERLY JONES,1,1,0,0,0,0,0,0,0,0
PIEDMONT CITY OF,1,1,1,1,0,0,1,1,1,0
PINE VIEW CROSSING PHASE II LP,1,0,0,0,0,0,0,0,0,0
POINT WILLIAM DEVELOPMENT CO,1,1,0,0,0,0,0,0,1,0
POLYPLEX USA LLC,1,1,0,0,0,0,0,0,0,0
PRICHARD HOUSING CORPORATION II,1,0,0,0,0,0,0,0,0,0
PRODISEE PANTRY INC,1,1,1,0,0,0,0,1,0,1
PROPST DEVELOPMENT SARALAND LLC,1,1,1,0,0,0,0,1,0,1
R E GRILLS CONSTRUCTION CO INC,1,0,0,0,0,0,0,0,0,0
RANDY BECK,1,1,0,0,0,0,0,0,0,0
RAS LLC,1,1,1,0,0,0,1,1,1,0
RBC BANK,1,1,1,1,0,0,0,1,1,0
REIDCO GENERAL CONTRACTING,1,1,1,0,0,0,0,1,0,1
REM LLC,1,1,1,0,0,0,0,1,1,0
RENASANT BANK,1,1,1,1,1,0,1,1,1,0
REPTON TOWN OF,1,1,1,1,0,0,1,1,0,1
REYNOLDS INC,1,1,0,0,0,0,0,0,0,0
RICHARD COBERN,1,0,0,0,0,0,0,0,0,0
RIDGE CREST PROPERTIES LLC,1,0,0,0,0,0,0,0,0,0
RIVER FOUNDATION INC THE,1,1,1,0,0,0,0,1,0,1
RIVERSIDE DEVELOPMENT LLC,1,1,1,0,0,0,0,1,0,1
ROBERT BALDWIN,1,1,1,0,1,0,0,1,1,0
ROBERT DAVIE,1,1,1,0,0,0,0,1,0,1
ROBINSON EXCAVATING,1,1,1,0,0,0,0,1,1,0
RONALD SIMPSON,1,1,1,1,0,0,1,1,0,1
RUSHING SPRINGS BAPTIST CHURCH,1,1,1,1,0,0,1,1,1,0
RUSSELL COUNTY LLC,1,1,1,0,0,0,0,1,1,0
RUSSELL LANDS DEVELOPMENT INC,1,1,0,0,0,0,0,0,1,0
S AND B LAND DEVELOPMENT LLC,1,1,0,0,0,0,0,0,1,0
S AND H CONSTRUCTION LLC,1,1,1,0,0,0,0,1,0,1
S ROLIN INC,1,0,0,0,0,0,0,0,0,0
SADDLEBACK V LLC,1,1,1,1,0,0,1,0,0,1
SADDLEWOOD ESTATES HOMEOWNERS ASSOCATION,1,1,1,0,0,0,0,1,0,1
SAG ENTERPRISES LLC,1,0,0,0,0,0,0,0,0,0
SAIIA CONSTRUCTION LLC,1,1,1,1,0,0,1,0,0,1
SAND MOUNTAIN TOYOTA,1,1,0,0,0,0,0,0,1,0
SDW INC,1,1,1,1,0,0,1,1,0,1
SEDGEFIELD FAIRHOPE LLC,1,1,1,1,1,1,0,1,1,0
SEHK REAL ESTATE HOLDINGS LLC,1,1,1,0,0,0,1,0,1,0
SEOYON E HWA MANUFACTURING AUBURN INC,1,1,0,0,0,0,0,0,0,0
SHADES MOUNTAIN BAPTIST CHURCH,1,1,1,0,0,0,0,1,0,1
SHAKIR MEGHANI,1,1,0,0,0,0,0,0,0,0
SHANNON STROBEL AND WEAVER CONST AND ENG,1,1,1,0,1,0,0,1,1,0
SHOULDER THE,1,1,1,0,0,0,0,1,0,1
SIMS MOBILE HOME PARK LLC,1,1,1,0,0,0,0,1,0,1
SIZEMORE APARTMENTS LLC,1,1,0,0,0,0,0,0,0,0
SKY IS THE LIMIT HOMES LLC,1,1,1,0,1,1,1,0,1,0
SLOCOMB FD LLC,1,1,1,0,0,0,0,1,0,1
SNUG HARBOR LLC,1,0,0,0,0,0,0,0,0,0
SOUTH VINEMONT TOWN OF,1,1,1,0,0,0,0,1,1,0
SOUTHERN NUCLEAR OPERATING COMPANY,1,1,0,0,0,0,0,0,0,0
SPLAWN CONSTRUCTION INC,1,1,1,0,0,0,0,1,0,1
SPRING INVESTMENTS LLC,1,1,1,1,1,0,1,1,1,0
ST MATTHEWS MISSIONARY BAPTIST CHURCH,1,1,1,0,0,0,0,1,1,0
ST PATRICK CATHOLIC CHURCH,1,1,0,0,0,0,0,0,0,0
STARFISH INC,1,1,1,0,0,0,0,1,0,1
STARS AND STRIPES 3V LLC,1,1,1,0,0,0,0,1,0,1
STEELE WAREHOUSE COMPANY,1,1,1,0,0,0,0,1,0,1
STEPPING STONE UNITED METHODIST CHURCH,1,1,1,0,0,0,0,1,0,1
STONE BROOK LLC,1,1,1,1,1,1,1,1,1,0
STONEGATE DEVELOPMENT LLC,1,1,1,1,1,1,1,1,1,0
STRICKLER ENTERPRISES,1,1,1,0,1,1,0,1,0,1
STRINGFELLOW MEMORIAL HOSPITAL,1,1,1,0,0,0,0,1,0,1
SULLIVAN VILLAGE APARTMENTS LTD,1,0,0,0,0,0,0,0,0,0
SUMMERS BROWN,1,1,0,0,0,0,0,0,0,0
SUNBELT I2HA LLC,1,1,0,0,0,0,0,0,0,0
SUNSET CONTRACTING,1,1,1,0,0,0,0,1,0,1
SYLACAUGA CITY OF UTILITIES BOARD,1,0,0,0,0,0,0,0,0,0
TAMARACK HOMES INC,1,1,1,1,0,0,1,1,1,0
TARGET CORPORATION,1,0,0,0,0,0,0,0,0,0
TARTAN PINES DEVELOPMENT CO INC,1,1,1,0,0,0,0,1,0,1
TAYLOR TOWN OF,1,1,0,0,0,0,0,0,0,0
TENSAW LAND AND TIMBER COMPANY INC,1,0,0,0,0,0,0,0,0,0
THIRD AVE WEST DG LLC,1,1,1,0,0,0,0,1,0,1
THOMAS S LIMERICK,1,0,0,0,0,0,0,0,0,0
TIM BUTTS,1,0,0,0,0,0,0,0,0,0
TIM DOWNS CONSTRUCTION,1,1,0,0,0,0,0,0,0,0
TIMOTHY MOORE,1,1,0,0,0,0,0,0,0,0
TOM BEATY,1,1,0,0,0,0,0,0,0,0
TORRINGTON PLACE HOMEOWNERS ASSOCIATION,1,1,0,0,0,0,0,0,0,0
TRAWICK CONTRACTORS INC,1,1,1,1,1,1,1,1,1,0
TRIANA LAKES LLC,1,1,0,0,0,0,0,0,0,0
TRILLION CORPORATION,1,0,0,0,0,0,0,0,0,0
TRUSSVILLE SPRINGS LLC,1,1,1,1,1,0,1,1,1,0
TRUSTMARK CONSTRUCTION CORP,1,1,0,0,0,0,0,0,1,0
TURKEY CREEK DEVELOPMENT LLC,1,1,1,0,0,0,1,1,0,1
TURNER INDUSTRIAL GROUP LLC,1,1,1,0,0,0,0,1,0,1
TUSCALOOSA HOUSING AUTHORITY,1,1,1,0,1,0,1,1,1,0
U S CONSTRUCTION SYSTEMS LLC,1,1,1,0,0,0,0,1,0,1
U S TOWER CORPORATION,1,1,1,0,0,0,1,1,0,1
UNIVERSAL PIPELINE LLC,1,0,0,0,0,0,0,0,0,0
UNIVERSITY OF MOBILE,1,1,0,0,0,0,0,0,0,0
VALLEY BEND LLC,1,1,1,0,0,0,0,1,0,1
VANCE WILLIAMSON,1,1,1,0,0,0,0,1,0,1
VAUGHN ROAD LLC,1,1,0,0,0,0,0,0,0,0
VERNON CITY OF WATER WORKS AND SEWER BD,1,0,0,0,0,0,0,0,0,0
VICTORY CHRISTIAN FELLOWSHIP,1,1,1,1,1,0,1,1,1,0
W G YATE SONS CONSTRUCTION,1,0,0,0,0,0,0,0,0,0
WADLEY TOWN OF,1,1,1,0,0,0,0,1,0,1
WADSWORTH OIL CO OF CLANTON INC,1,1,1,1,1,0,1,1,1,0
WALLACE AND FERGUSON GENERAL CONTRACTOR,1,1,1,0,0,0,0,1,0,1
WATER WORKS LLC,1,1,0,0,0,0,0,0,1,0
WAYNE HUNT,1,1,1,0,0,0,0,1,0,1
WEATHERLY RIDGE LLC,1,1,1,1,1,0,1,1,1,0
WEDGEWORTH CONSTRUCTION CO INC,1,1,1,1,1,0,1,0,1,0
WEDOWEE TOWN OF WATER SEWER AND GAS BOARD,1,0,0,0,0,0,0,0,0,0
WEEKS CONSTRUCTION COMPANY INC,1,1,1,0,0,0,0,1,1,0
WHATLEY CONSTRUCTION COMPANY,1,1,1,0,0,0,0,1,0,1
WHITING TURNER CONTRACTING COMPANY THE,1,1,1,1,0,1,1,0,1,0
WILLCONSCO INC,1,1,1,0,0,0,0,1,0,1
WILLIAM LUNSFORD AND WATER B PRICE,1,1,1,1,1,0,1,1,0,1
WILLOW POINT PHASE 14 INC,1,1,1,0,0,0,0,1,0,1
WINDSOR HILL MANAGEMENT INC,1,1,1,0,0,0,0,1,0,1
WIREGRASS FOUNDATION INC,1,1,0,0,0,0,0,0,0,0
WOODMONT PROPERTIES LLC,1,1,1,1,1,1,1,1,1,0
WOODSIDE MOBILE LLC BY ARLINGTON PROPERTIES INC,1,1,1,1,0,1,1,1,1,0
WRIGHT BROTHERS CONSTRUCTION CO,1,0,0,0,0,0,0,0,0,0
WYNROSE INC,1,1,1,1,1,0,0,1,1,0
Y B DEVELOPMENT LLC,1,1,0,0,0,0,0,0,1,0
YOUNG FOLSOM,1,1,1,0,0,0,0,1,0,1
ABERNANT FIRE AND RESCUE DISTRICT,1,1,1,1,0,0,1,1,0,1
ACTON LAND COMPANY LLC,1,1,1,1,1,0,1,1,1,0
AGAPE MINISTRIES INC,1,1,1,0,0,0,0,1,1,0
AJLOUNY INVESTMENTS LLC,1,1,1,0,0,0,0,1,0,1
ALABAMA BAPTIST STATE BOARD OF MISSIONS,1,1,1,0,0,0,0,1,0,1
ALABAMA GREEN LUBRICANTS LLC,1,1,1,0,0,0,0,1,0,1
ALABAMA HERITAGE HOMES INC,1,1,1,0,0,0,0,1,1,0
ALABAMA TRUCK AND EQUIPMENT INC,1,1,1,1,0,0,1,1,1,0
ALIANT BANK AN ALABAMA BANKING CORPORATION,1,0,0,0,0,0,0,0,0,0
ALTA POINTE HEALTH SYSTEM INC,1,0,0,0,0,0,0,0,0,0
ALTADENA VALLEY PRESBYTERIAN CHURCH,1,1,1,1,0,0,1,1,0,1
ALTON SAULS,1,0,0,0,0,0,0,0,0,0
AMERICAN CONCRETE SUPPLY,1,1,1,0,0,1,0,1,1,0
AMERICAN PATRIOT CONSTRUCTION INC,1,1,1,0,0,0,1,1,0,1
AMERICAN VILLAGE LIBERTY FOUNDATION,1,1,0,0,0,0,0,0,0,0
ANNISTON CITY OF WATER WORKS SEWER BD,1,0,0,0,0,0,0,0,0,0
ANTHONY CAMPBELL,1,1,1,0,0,0,0,1,0,1
ARGO AND SONS LLC,1,1,1,1,1,0,1,0,0,1
ARMSTRONG WORLD INDUSTRIES INC,1,1,0,0,0,0,0,0,0,0
ASCENT HOSPITALITY MGMT CO LLC,1,1,1,1,0,0,0,1,1,0
ASLAN HALLMARK,1,1,0,0,0,0,0,0,0,0
ASPEN RIDGE LLC,1,1,0,0,0,0,0,0,0,0
ASSEM MAAROUF,1,1,1,0,0,0,0,1,0,1
AUBURN INVESTMENT PARTNERS LLC,1,1,1,0,0,0,1,1,0,1
AUBURN ROAD LLC,1,1,0,0,0,0,0,0,1,0
AUC DEVELOPMANT GROUP LLC,1,1,1,0,0,1,1,1,1,0
AUTOMOTIVE TECHNOLOGY SERVICE,1,1,1,1,0,0,1,1,0,1
AUTUMN LAKES DEVELOPMENT LLC,1,1,1,0,0,0,1,0,1,0
AVON SQUARE TOWNHOMES LTD,1,1,0,0,0,0,0,0,0,0
AW S LLC,1,1,1,0,0,0,0,1,0,1
B AND G GASTON A JOINT VENTURE,1,0,0,0,0,0,0,0,0,0
B AND P LLC,1,1,1,0,0,0,0,1,1,0
BA 101 LLC,1,1,1,0,0,0,0,1,1,0
BAILEY CONSTRUCTION,1,1,1,0,1,0,0,1,0,1
BARBER AND BARBER PROPERTIES LLC,1,0,0,0,0,0,0,0,0,0
BARBER COMPANIES,1,1,1,0,0,0,0,1,0,1
BAWT LLC,1,1,1,0,1,0,0,0,0,1
BCSI,1,1,1,0,0,0,0,1,0,1
BEAVER CREEK LAND COMPANY LLC,1,1,1,0,0,1,1,0,1,0
BELL WEATHER PROPERTIES LLC,1,1,1,0,0,1,1,1,1,0
BELLE VISTA DEVELOPERS LLC,1,1,1,0,0,0,0,1,0,1
BENSON DEVELOPMENT INC,1,1,0,0,0,0,0,0,1,0
BERMCO ALUMINUM,1,1,1,0,0,0,0,1,0,1
BEST VALUE INC,1,1,1,0,0,0,1,0,1,0
BETHEL BAPT CHURCH OF PRATT CITY AL INC,1,1,1,0,0,0,0,1,0,1
BEULAH PROPERTIES LLC,1,1,1,0,1,1,1,1,1,0
BIRMINGHAM INVESTMENT REALTY INC,1,0,0,0,0,0,0,0,0,0
BLACKRIDGE PARTNERS LLC,1,1,1,1,1,1,1,1,1,0
BLEVINS PROPERTY LLC,1,1,0,0,0,0,0,0,1,0
BLUE RAIN EXPRESS CAR WASH LLC,1,0,0,0,0,0,0,0,0,0
BLUE TECH FUELS LLC,1,1,0,0,0,0,0,0,0,0
BNSF RAILWAY COMPANY,1,0,0,0,0,0,0,0,0,0
BOAZ CITY OF GAS BOARD,1,1,0,0,0,0,0,0,0,0
BOB SMITH CONSTRUCTION INC,1,1,1,0,0,0,0,1,0,1
BOBBY COLEY,1,1,1,0,0,0,1,0,0,1
BOLIGEE PROPERTIES LLC,1,0,0,0,0,0,0,0,0,0
BOWATER TIMBER 1 LLC,1,1,0,0,0,0,0,0,0,0
BOYS AND GIRLS CLUB OF CENTRAL AL INC,1,1,1,1,1,1,1,1,0,1
BRADBERRY POINTE LP,1,1,1,0,0,0,1,0,0,1
BRADLEY CONSTRUCTION CO INC,1,1,1,1,1,0,1,1,1,0
BRANCH BANK AND TRUST COMPANY,1,1,0,0,0,0,0,0,1,0
BREWER HOMES LLC,1,1,1,0,0,0,0,1,0,1
BRIAN LEDBETTER,1,1,1,0,0,0,0,1,0,1
BRIANS AUTO CENTER LLC,1,1,0,0,0,0,0,0,0,0
BRICE BUILDING COMPANY LLC,1,1,1,0,0,0,0,1,0,1
BROWN AND MEERS HOMES LLC,1,1,1,0,0,0,0,1,1,0
BRUCE MCLEAN,1,0,0,0,0,0,0,0,0,0
BRYAN RAY,1,1,0,0,0,0,0,0,1,0
BRYANT BANK,1,1,1,0,1,0,1,0,1,0
BUDDY TATE LLC,1,1,1,0,0,0,0,1,0,1
BUILDERS GROUP DEVELOPMENT,1,1,1,0,0,0,0,1,0,1
BURKES MECHANICAL INC,1,1,0,0,0,0,0,0,1,0
BURNS AND BURNS INC,1,0,0,0,0,0,0,0,0,0
BUTCH CHANDLER,1,1,1,1,1,0,0,1,0,1
BUTLER TELEPHONE COMPANY INC,1,1,0,0,0,0,0,0,0,0
BWC ALABAMA LLC CHICKASAW,1,1,0,0,0,0,0,0,0,0
C D MOODY CONSTRUCTION CO INC,1,1,0,0,0,0,0,0,0,0
CAPITAL BILLIARDS INC,1,1,1,0,0,0,0,1,0,1
CARCEL AND G CONSTRUCTIONS LLC,1,1,1,0,0,0,1,1,0,1
CARDINAL SOUTHEAST INC,1,0,0,0,0,0,0,0,0,0
CARROLL DANIEL CONSTRUCTION CO INC,1,1,0,0,0,0,0,0,0,0
CARSENN CONSTRUCTION CO INC,1,1,0,0,0,0,0,0,1,0
CBEL JONES FARMS SOUTHWEST LLC,1,1,1,0,0,0,0,1,1,0
CECIL GIBSON,1,0,0,0,0,0,0,0,0,0
CHAD BROOKS,1,1,0,0,0,0,0,0,0,0
CHAPEL HILL LLC,1,1,1,1,1,0,0,0,1,0
CHARLES WENDELL MEAD,1,1,1,0,0,0,0,1,0,1
CHEDDARS CASUAL CAFE INC,1,1,0,0,0,0,0,0,1,0
CHELSEA PRESERVE INC,1,1,1,0,1,0,1,1,0,1
CHEROKEE COUNTY COMMISSION,1,0,0,0,0,0,0,0,0,0
CHESSER DEVELOPMENT LLC,1,1,0,0,0,0,0,0,1,0
CHESSER PLANTATION LLC,1,0,0,0,0,0,0,0,0,0
CHOICE FABRICATORS INC,1,1,1,0,0,0,0,1,0,1
CHRISTIAN COMMUNITY CHURCH,1,1,0,0,0,0,0,0,0,0
CHUGACH WORLD SERVICES INC,1,0,0,0,0,0,0,0,0,0
CHURCH OF JESUS CHRIST OF LATTER DAY SAINTS,1,1,1,0,0,0,0,1,1,0
CIRCA DEVELOPMANT LLC,1,1,1,0,1,1,1,0,1,0
CIRCLE CITY TELECOM INC,1,0,0,0,0,0,0,0,0,0
CLAYTON TOWN OF,1,1,0,0,0,0,0,0,1,0
CLEAR CHANNEL RADIO,1,1,1,0,0,0,0,1,0,1
CLEGG LAND CO LTD,1,0,0,0,0,0,0,0,0,0
CLEVELAND BROTHERS CONSTRUCTION CO LLC,1,1,0,0,0,0,0,0,0,0
CNL ALEX CITY LLC,1,1,1,0,0,0,0,1,0,1
COCHRAN INVESTMENTS INC,1,1,0,0,0,0,0,0,0,0
COFFEEVILLE TOWN OF WATER WORKS BOARD,1,1,0,0,0,0,0,0,0,0
COLUMBUS DEVELOPMENT INC,1,1,1,0,0,0,0,1,1,0
COMMUNITY BANK NATIONAL ASSOCIATION,1,1,0,0,0,0,0,0,0,0
CONSTRUCTION ENTERPRISES INC,1,1,1,1,1,0,1,1,1,0
COOPER MARINE AND TIMBERLANDS CORP,1,1,0,0,0,0,0,0,0,0
COOSA VILLAGE APARTMENTS LTD,1,0,0,0,0,0,0,0,0,0
COP ABBEVILLE LLC,1,1,1,1,1,1,1,1,1,0
CORVIAS CAMPUS LIVING DOTHAN LLC,1,1,0,0,0,0,0,0,1,0
COTTAGES AT HARBOR POINT LLC,1,1,1,0,0,0,0,1,1,0
COVE PROPERTIES LLC,1,1,1,0,0,0,1,0,0,1
CRACKER BARREL OLD COUNTRY STORE INC,1,1,1,0,0,0,0,1,0,1
CRAFT AND ASSOCIATES INC,1,1,1,0,0,0,0,1,0,1
CRAIG SINCLAIR BUILDERS INC,1,1,1,0,0,0,1,1,0,1
CREEKSIDE LLC,1,1,1,1,0,0,1,1,1,0
CREEKSTONE LP,1,1,0,0,0,0,0,0,1,0
CRIMSON SHORES LLC,1,0,0,0,0,0,0,0,0,0
CROWDER CONSTRUCTION COMPANY,1,0,0,0,0,0,0,0,0,0
CUNNINGHAM LIMP DEVELOPMENT COMPANY INC,1,0,0,0,0,0,0,0,0,0
CYPRESS EDGE LLC,1,1,0,0,0,0,0,0,1,0
CYPRESS SPANISH FORT 1 LP,1,1,0,0,0,0,0,0,0,0
D A EDWARDS AND COMPANY INC,1,1,1,0,0,0,0,1,0,1
D L DAVIS PROPERTIES,1,1,0,0,0,0,0,0,0,0
D P PROPERTIES LLC,1,1,0,0,0,0,0,0,1,0
D3 LLC,1,1,0,0,0,0,0,0,0,0
DACK MIDTOWN LLC,1,0,0,0,0,0,0,0,0,0
DAKOTA V PROPERTIES LLC,1,1,1,0,0,0,0,1,0,1
DAL LLC,1,1,1,0,0,0,0,1,0,1
DAN HAMMOCK,1,1,0,0,0,0,0,0,0,0
DARMAWAN LUDIRDJA,1,1,1,1,0,0,1,1,0,1
DAVE MARTIN DEVELOPMENT INC,1,1,1,0,0,0,0,1,0,1
DAVID GOODWIN,1,1,0,0,0,0,0,0,0,0
DEKALB COUNTY COMMISSION,1,1,0,0,0,0,0,0,1,0
DELONEY CONSTRUCTION INC,1,1,1,0,0,0,0,1,0,1
DELTA LAND COMPANY,1,1,1,0,1,0,1,1,1,0
DESTRY SMITH,1,1,1,0,0,0,0,1,0,1
DISCOUNT FOODS INC,1,1,1,0,0,0,0,1,0,1
DJD INVESTMENTS LLC,1,0,0,0,0,0,0,0,0,0
DMIH LLC,1,1,1,1,1,1,0,1,1,0
DONALD STANSBERRY,1,1,1,0,0,0,0,1,1,0
DONALD WILKS,1,1,1,0,0,0,0,1,0,1
DOTHAN SPE LLC,1,1,0,0,0,0,0,0,1,0
DOUG CANNON,1,1,1,0,0,0,0,1,1,0
DUNNAVANT COMMERICIAL LLC,1,1,1,0,1,0,0,1,0,1
DWAYNE SMITH,1,1,1,0,1,0,1,1,1,0
E J BUILDERS INC,1,1,1,0,0,1,1,0,0,1
EAGLES WINGS INC,1,1,1,1,0,0,1,1,1,0
EASTLAND SHORES LLC,1,1,1,0,0,0,0,1,0,1
EBSCO DEVELOPMENT CO INC,1,1,1,1,1,0,1,1,1,0
ECLECTIC TOWN OF WATER WORKS AND SEWER B,1,1,1,0,0,0,0,1,0,1
EFI AUTOMOTIVE,1,1,0,0,0,0,0,0,0,0
EGS LLC,1,1,1,0,0,0,0,1,1,0
EMERALD RIDGE LLC,1,1,1,1,1,0,1,1,1,0
ENCO CONSTRUCTION CO INC,1,1,1,1,1,1,1,0,1,0
ENOVAPREMIER OF ALABAMA LLC,1,1,0,0,0,0,0,0,0,0
ENVIRONMENTAL LANDFILL INC,1,0,0,0,0,0,0,0,0,0
EPSILON ALPHA CHAP DELTA TAU DELTA HOUSE,1,1,0,0,0,0,0,0,0,0
EVAN SMITH,1,1,1,0,0,0,0,1,0,1
EXXON MOBIL CORPORATION,1,1,0,0,0,0,0,0,0,0
EZRA BAPTIST CHURCH,1,1,1,1,0,1,1,1,0,1
FAIRFIELD COMPANY PARTNERSHIP,1,1,0,0,0,0,0,0,0,0
FAIRHOPE RIDGE LLC,1,1,1,1,0,1,1,1,0,1
FHP LLC,1,0,0,0,0,0,0,0,0,0
FIBERGLASS UNLIMITED INC,1,1,1,0,0,0,0,1,0,1
FIGMENT 360 LLC,1,1,1,0,0,0,0,1,0,1
FIRESTONE COMPLETE AUTO CARE,1,1,1,0,0,0,0,1,0,1
FIRST BAPTIST CHURCH OF TRUSSVILLE,1,1,1,1,0,0,0,1,0,1
FIRST METHODIST CHURCH OF ASHFORD,1,1,0,0,0,0,0,0,0,0
FLATS AT COLEBRIDGE LTD THE,1,0,0,0,0,0,0,0,0,0
FORD MOTOR COMPANY,1,1,1,0,0,0,0,1,0,1
FORESIGHT DEVELOPMENT LLC,1,1,1,1,1,0,1,1,1,0
FORTNER CONSTRUCTION INC,1,1,1,0,0,0,0,1,0,1
FOUR STAR LAND VENTURES LLC,1,1,1,0,0,0,0,1,0,1
FOX RUN APARTMENT HOMES LLC,1,1,0,0,0,0,0,0,0,0
FRANCESCO VEZZONI,1,1,1,1,0,0,1,0,1,0
FRANKLIN COUNTY BOARD OF EDUCATION,1,1,1,0,0,0,0,1,0,1
FRANKLIN L P,1,1,1,0,0,0,0,1,1,0
FRAVERT SERVICES INC,1,0,0,0,0,0,0,0,0,0
FREEDOM FELLOWSHIP CHURCH,1,0,0,0,0,0,0,0,0,0
FULTON TOWN OF,1,0,0,0,0,0,0,0,0,0
G AND H HOLDINGS LLC,1,1,0,0,0,0,0,0,0,0
G AND S PROPERTIES LLC,1,0,0,0,0,0,0,0,0,0
G R MANUFACTURING INC,1,0,0,0,0,0,0,0,0,0
GALANCO LAND CO INC,1,1,1,1,1,1,1,1,1,0
GARDENS AT WELLINGTON LTD THE,1,1,0,0,0,0,0,0,0,0
GARRETT ENTERPRISES LLC,1,0,0,0,0,0,0,0,0,0
GARY PRICE,1,1,1,0,0,0,0,1,0,1
GARY WEST,1,0,0,0,0,0,0,0,0,0
GD COPPER USA INC,1,1,1,0,0,0,0,1,0,1
GEER PROPERTIES INC,1,0,0,0,0,0,0,0,0,0
GENE COOK,1,1,0,0,0,0,0,0,0,0
GEO SPECIALTY CHEMICALS INC,1,0,0,0,0,0,0,0,0,0
GEORDAN COMMUNITIES INC,1,1,1,1,1,1,1,1,0,1
GEORGE CAGLE,1,1,1,1,0,1,1,1,1,0
GHK DEVELOPMENT,1,1,1,0,0,0,0,1,0,1
GILLIS CONSTRUCTION INC,1,0,0,0,0,0,0,0,0,0
GLENCOE WATER AND SEWER BOARD,1,1,1,0,0,0,0,1,0,1
GORDY CONSTRUCTION COMPANY,1,1,1,0,0,0,0,1,0,1
GRAND RESERVE MGM LLC THE,1,1,0,0,0,0,0,0,1,0
GRAYSTONE ESTATES LLC,1,1,0,0,0,0,0,0,1,0
GREATER EBENEZAR MISSIONARY BAPTIST CHUR,1,0,0,0,0,0,0,0,0,0
GREYSTONE PLACE LP,1,1,1,0,0,0,1,1,1,0
GROVE LLC THE,1,1,1,0,0,0,0,1,0,1
GUIDE ONE TAYLOR BALL CONSTRUCTION SERVI,1,1,0,0,0,0,0,0,0,0
H A EDWARDS INSURANCE AGENCY,1,1,1,1,0,0,1,1,0,1
HABITAT FOR HUMANITY OF GREATER BIRMINGH,1,1,1,0,1,0,1,0,0,1
HALLMARK PHENIX LP,1,1,1,0,0,0,0,1,0,1
HALLMARK SELMA LP,1,1,1,0,0,0,0,1,0,1
HAREN CONSTRUCTION COMPANY INC,1,0,0,0,0,0,0,0,0,0
HARLEY DAVIDSON OF DOTHAN INC,1,1,1,0,0,0,1,1,1,0
HARRIS STOVAL,1,1,1,0,0,0,0,1,0,1
HARTSELLE CITY OF BOARD OF EDUCATION,1,1,1,0,0,0,0,1,0,1
HARVEST SPRINGS LLC,1,1,1,0,0,0,0,1,0,1
HASNAIN MEGHANI,1,1,1,0,0,0,0,1,0,1
HATHAWAY CONSTRUCTION SERVICES INC,1,1,1,1,1,1,1,0,1,0
HAYASHI TELEMPU NORTH AMERICA HTNA,1,1,1,0,0,0,0,1,0,1
HEARTHSTONE,1,1,1,0,1,0,1,1,1,0
HEIGHTS LLC,1,1,1,0,1,0,0,1,0,1
HEMPHILL CONSTRUCTION CO,1,1,1,1,1,1,0,1,1,0
HEMPHILL CONSTRUCTION CO INC,1,0,0,0,0,0,0,0,0,0
HEMPHILL CONSTRUCTION COMPANY,1,1,1,0,0,0,0,1,0,1
HENRY FRAZIER,1,1,1,1,0,1,0,1,0,1
HENSLEY PROPERTIES LLC,1,1,1,1,0,0,1,0,1,0
HERITAGE PLANTATION INC,1,1,0,0,0,0,0,0,1,0
HERITAGE PLASTICS INC,1,1,0,0,0,0,0,0,0,0
HIBBETTS SPORTING GOODS INC,1,1,1,0,0,0,0,1,0,1
HIDDEN MEADOWS DEVELOPMENT LLC,1,1,1,1,0,0,1,1,0,1
HIGHLAND LAKES DEVELOPMENT LTD,1,1,1,1,1,1,1,1,1,0
HIGHWAY 78 ASSOCIATES INC,1,1,1,0,0,0,0,1,0,1
HINKLE ENTERPRISES LLC,1,1,0,0,0,0,0,0,0,0
HM SOUTHEAST CEMENT LLC,1,0,0,0,0,0,0,0,0,0
HMC LLC,1,1,1,1,0,0,1,1,1,0
HOLIDAY DEVELOPMENT STATE PARK LLC,1,1,1,1,0,1,0,1,0,1
HOMEWORKS OF ALABAMA INC,1,0,0,0,0,0,0,0,0,0
HUGHES PLUMBING AND UTILITY CONTRACTORS,1,1,1,0,0,0,0,1,1,0
HUNTSVILLE CITY BOARD OF EDUCATION,1,1,1,0,0,0,0,1,0,1
I 65 CULLMAN TITLEHOLDER LLC,1,1,1,0,0,0,1,1,0,1
INDUSTRIAL CONTAINER SERVICES LLC,1,0,0,0,0,0,0,0,0,0
INTERGRAPH CORPORATION,1,1,1,0,0,0,0,1,0,1
INTERSTATE PROPERTIES PARTNERSHIP,1,1,1,0,0,0,0,1,0,1
ISBELL LAND COMPANY LLC,1,1,1,0,0,0,0,1,0,1
IVY CREEK,1,1,0,0,0,0,0,0,1,0
J A FIELDEN CO INC,1,0,0,0,0,0,0,0,0,0
J HENDERSON PROPERTIES LLC,1,1,1,1,1,1,1,1,1,0
JAD PROPERTIES INC,1,1,1,0,0,0,0,1,0,1
JAMES BUNT,1,1,1,1,0,0,1,1,1,0
JAMESTOWN VILLAS LLC,1,1,1,1,0,0,1,1,1,0
JBL PROPERTIES LTD,1,1,1,1,1,1,0,1,1,0
JDE INVESTMENTS,1,1,1,0,0,0,0,1,0,1
JEFF LINDSAY COMMUNITIES INC,1,1,0,0,0,0,0,0,1,0
JEFF LINDSEY COMMUNITIES INC,1,1,0,0,0,0,0,0,1,0
JEFF PAPE,1,1,1,0,0,0,0,1,0,1
JEFF UTSEY,1,1,0,0,0,0,0,0,0,0
JEFFERSON COUNTY DEPARTMENT OF HEALTH,1,1,1,0,1,0,1,1,1,0
JIM AND SELENA VAUGHN,1,1,1,0,0,0,0,1,0,1
JIMMY CRUSE,1,1,1,0,0,0,0,1,0,1
JJL INC,1,1,1,0,0,0,0,1,0,1
JOAH METAL AND STEEL SUPPLY CORP,1,1,0,0,0,0,0,0,0,0
JOE KEENUM EXCAVATION AND CONSTRUCTION I,1,0,0,0,0,0,0,0,0,0
JOHN D STALLWORTH JR,1,1,1,0,0,0,0,1,0,1
JOHN G WYATT LLC,1,1,0,0,0,0,0,0,0,0
JOHN HOWARD COMPANIES,1,1,1,0,0,0,0,1,0,1
JOHN KONTOS,1,1,1,0,0,0,0,1,0,1
JOHN OR JAN ELROD,1,0,0,0,0,0,0,0,0,0
JOHN SPARKS,1,1,1,0,0,0,0,1,0,1
JOHN THERRELL,1,1,1,0,1,0,0,0,0,1
JOHN THOMPSON,1,1,0,0,0,0,0,0,0,0
JOHN W ROOKER AND ASSOCIATES,1,1,1,0,0,0,0,1,0,1
JOHN W ROOKER AND ASSOCIATES INC,1,1,1,0,0,0,0,1,0,1
JOHN WIELAND COMMUNITIES LLC,1,1,0,0,0,0,0,0,0,0
JONES LLC,1,1,1,0,0,0,0,1,0,1
JTK GROUP LLC,1,1,1,0,0,0,0,1,1,0
K C NUMMY INC,1,1,1,0,0,0,0,1,0,1
KEITH GRIFFIN,1,1,1,0,0,0,0,1,0,1
KELLY COMPANY LLC,1,1,1,0,0,0,0,1,0,1
KEN MORRISSETTE,1,1,0,0,0,0,0,0,0,0
KENNEFICK CONSTRUCTION INC,1,1,0,0,0,0,0,0,0,0
KENTUCKY COOPERAGE LP LTD,1,0,0,0,0,0,0,0,0,0
KEVIN SLOAN,1,0,0,0,0,0,0,0,0,0
KEYSTONE BANK,1,1,1,0,0,0,0,1,0,1
KIA OF AUBURN,1,1,0,0,0,0,0,0,0,0
KILLEN TRUE VALUE INC,1,1,1,0,0,0,0,1,0,1
KNIGHT GROUP LLC THE,1,1,1,0,1,0,1,1,1,0
KTH LEESBURG PRODUCTS LLC,1,0,0,0,0,0,0,0,0,0
LAGASSE CONSTRUCTION COMPANY INC LLC,1,0,0,0,0,0,0,0,0,0
LAKE MARTIN AREA ECONOMIC DEV ALLIANCE,1,0,0,0,0,0,0,0,0,0
LAKEWOOD BAPTIST CHURCH,1,1,1,1,0,0,1,0,1,0
LAND GROUP THE LLC,1,1,1,0,0,0,0,1,0,1
LANDMARK CORPORATION OF FLORIDA,1,1,0,0,0,0,0,0,1,0
LAUDERDALE COUNTY BOARD OF EDUCATION,1,1,1,0,0,0,1,0,0,1
LAUREN JILL VEST,1,0,0,0,0,0,0,0,0,0
LDB INC,1,1,1,0,1,0,1,0,1,0
LEEDS CITY OF WATER WORKS BOARD,1,1,0,0,0,0,0,0,0,0
LEEDS RETAIL CENTER LLC,1,1,0,0,0,0,0,0,0,0
LEGACY COMMUNITY FEDERAL CREDIT UNION,1,1,0,0,0,0,0,0,0,0
LEGACY POINT DEVELOPMENT LLC,1,0,0,0,0,0,0,0,0,0
LGS INNOVATIONS LLC,1,0,0,0,0,0,0,0,0,0
LIBERTY DESIGN AND CONSTRUCTION CO INC,1,1,0,0,0,0,0,0,1,0
LIBERTY EXPRESS INC,1,1,0,0,0,0,0,0,1,0
LIFE TIME FITNESS INC,1,1,1,1,0,0,1,1,1,0
LIFESOUTH,1,1,1,1,0,0,1,1,1,0
LIFESTYLE DEVELOPMENTS LLC,1,1,0,0,0,0,0,0,0,0
LINCOLN TERMINAL COMPANY LLC,1,1,1,1,0,1,1,0,0,1
LINDE GAS NORTH AMERICA LLC,1,0,0,0,0,0,0,0,0,0
LLC THE,1,1,0,0,0,0,0,0,1,0
LOWNDES COUNTY WATER AUTHORITY,1,1,0,0,0,0,0,0,0,0
LYNN HOLLADAY,1,1,1,0,0,0,0,1,1,0
M V ONEAL LLC,1,1,0,0,0,0,0,0,0,0
MADISON MOB LLC,1,1,0,0,0,0,0,0,1,0
MAGNOLIA RIDGE LLC,1,1,0,0,0,0,0,0,0,0
MANDERSON CONSTRUCTION CO INC,1,1,1,1,1,0,0,1,0,1
MAPLE RIDGE DEVELOPMENT LLC,1,1,1,0,0,0,0,1,0,1
MARY HEARN,1,1,0,0,0,0,0,0,0,0
MATSU ALABAMA INC,1,0,0,0,0,0,0,0,0,0
MCCRORY BUILDING COMPANY INC,1,1,1,1,1,0,1,1,0,1
MCKELVEY CHEVROLET CORP,1,1,0,0,0,0,0,0,0,0
MCKINNON NISSAN LLC,1,1,1,1,0,0,1,0,0,1
MCLEAN ENTERPRISES LLC,1,1,0,0,0,0,0,0,0,0
MCQUEEN PARTNERS LLC,1,1,1,1,1,1,1,0,1,0
MEADOW RIDGE LLC,1,1,0,0,0,0,0,0,0,0
MELVIN WORKMAN,1,1,1,0,1,0,1,1,1,0
MERRY CORNER LLC,1,1,0,0,0,0,0,0,1,0
METRO BANK,1,0,0,0,0,0,0,0,0,0
MEYER REAL ESTATE INC,1,1,1,0,0,0,0,1,0,1
MICHAEL S KELLEY,1,1,1,0,0,0,0,1,0,1
MIKE CARROLL,1,0,0,0,0,0,0,0,0,0
MIKE LORRENS,1,0,0,0,0,0,0,0,0,0
MILES COLLEGE,1,1,1,0,0,1,0,1,1,0
MILL POND ESTATES LLC,1,1,1,1,0,0,1,0,1,0
MITCHELL HOMES INC,1,1,0,0,0,0,0,0,1,0
MOBILE COUNTY WATER SEWER AND FPA,1,1,1,0,0,0,0,1,0,1
MOBILE GAS SERVICE CORP,1,1,1,0,0,0,0,1,0,1
MONTGOMERY INDUSTRIES INC,1,0,0,0,0,0,0,0,0,0
MOODY INVESTMENT CORP,1,1,1,0,0,0,0,1,1,0
MOODY TIRE SERVICE INC,1,1,0,0,0,0,0,0,1,0
MORGAN CONTRACTING INC,1,1,1,0,0,0,0,1,0,1
MORIN REPAIR SERVICE,1,1,0,0,0,0,0,0,0,0
MORROW CONSTRUCTION CO INC,1,1,1,1,1,0,1,1,0,1
MREC PLACEMAKERS VOP LLC,1,1,0,0,0,0,0,0,0,0
MRT LLC,1,1,1,0,0,0,0,1,0,1
NATIVE AMERICAN SERVICES CORPORATION,1,0,0,0,0,0,0,0,0,0
NET LEASE ALLIANCE LLC,1,1,1,1,0,0,1,0,1,0
NEW HOPE MISSIONARY BAPTIST CHURCH,1,1,1,0,0,0,1,0,0,1
NEW WATERS LLC,1,1,1,0,0,0,0,1,1,0
NEWMAN TECHNOLOGY OF ALABAMA INC,1,1,1,0,0,0,0,1,0,1
NORFOLK SOUTHERN RAILWAY CO,1,1,1,1,0,0,1,0,0,1
NORTH DEAN DENTAL DR MICHAEL OBRIEN,1,1,0,0,0,0,0,0,1,0
NORTHEAST ITAWAMBA WATER ASSOCIATION,1,1,1,0,0,0,0,1,0,1
NOTTINGHAM LLC,1,1,1,1,1,0,1,0,1,0
NUCOR STEEL BIRMINGHAM INC,1,0,0,0,0,0,0,0,0,0
OAK MOUNTAIN BUSINESS PARK LLC,1,1,1,0,1,1,1,1,1,0
OGA,1,1,1,0,0,0,0,1,0,1
OMEGA BUILDERS LLC,1,1,1,1,1,1,1,0,1,0
ON SITE SOLUTIONS LLC,1,1,1,0,0,0,0,1,0,1
ONEONTA CHURCH OF CHRIST,1,1,1,0,0,0,0,1,0,1
OPELIKA INVESTMENT LLC,1,1,1,0,0,0,0,1,0,1
OPUS DESIGN BUILD LLC,1,1,1,1,1,0,1,1,1,0
ORANGE DEVELOPMENT INC,1,1,1,0,0,0,0,1,0,1
ORCHARD ASSEMBLY OF GOD,1,1,1,0,0,0,0,1,0,1
OREILLY AUTOMOTIVE INC,1,1,1,0,0,0,0,1,0,1
OSWICHEE ST JOHN AME CHURCH,1,1,1,1,0,0,1,1,1,0
OUTOKUMPU STAINLESS USA LLC,1,0,0,0,0,0,0,0,0,0
OXFORD OP BTS LLC,1,1,1,0,0,0,0,1,0,1
P AND D LLC,1,1,1,0,1,0,1,1,0,1
PAMELA GAY MCCALPIN MOORE,1,0,0,0,0,0,0,0,0,0
PANDA REST AURANT GROUP INC,1,1,1,0,0,0,0,1,0,1
PARKER BUILDING SERVICES INC CO,1,1,0,0,0,0,0,0,0,0
PARKLAKE I LLC,1,1,1,0,0,0,0,1,0,1
PATRICIA WEED HOLLIS,1,1,1,0,0,0,0,1,0,1
PAULA LOWERY,1,1,1,0,0,0,0,1,0,1
PCI GAMING AUTHORITY,1,0,0,0,0,0,0,0,0,0
PEARCE CONSTRUCTION CO INC,1,0,0,0,0,0,0,0,0,0
PEDIATRIC AND ADOLESCENT DENTISTRY,1,1,1,0,0,0,0,1,0,1
PELHAM 157 LLC,1,1,1,0,0,0,0,1,1,0
PENINSULA AT GOOSE POND HOME OWNERS ASSO,1,1,1,0,0,0,0,1,1,0
PETER GREISINGER,1,1,1,1,0,0,0,1,0,1
PHD HOTELS INC,1,1,0,0,0,0,0,0,0,0
PHENIX GIRARD BANK,1,1,1,0,1,0,1,1,1,0
PHIL CAMPBELL WATERWORKS AND SEWER BOARD,1,0,0,0,0,0,0,0,0,0
PICKENS COUNTY BOARD OF EDUCATION,1,0,0,0,0,0,0,0,0,0
PICKERING BUILDING AND RENOVATIONS LLC,1,1,1,0,0,1,0,1,0,1
PIERCE HARDY LIMITED PARTNERSHIP,1,1,1,0,0,0,0,1,1,0
PINE HARBOR PROPERTIES INC,1,1,1,0,0,0,0,1,0,1
PLEASANT VALLEY PROPERTIES LLC,1,1,0,0,0,0,0,0,1,0
POINT UNIVERSITY,1,1,0,0,0,0,0,0,0,0
PR HUNTSVILLE LLC,1,0,0,0,0,0,0,0,0,0
PRICE HOME LLC,1,0,0,0,0,0,0,0,0,0
PRICHARD CITY OF WATER WORKS SEWER BD,1,0,0,0,0,0,0,0,0,0
PRIMESOUTH BANK,1,1,1,0,0,0,0,1,0,1
PRIMROSE SCHOOLS,1,1,1,0,0,0,0,1,0,1
R E HODGES LLC,1,1,1,1,0,0,1,1,1,0
R K REDDING CONSTRUCTION INC,1,0,0,0,0,0,0,0,0,0
RACON CONSTRUCTION,1,1,1,0,0,0,0,1,0,1
RANDOLPH COUNTY WATER SEWER AND FPA,1,1,1,0,0,0,0,1,0,1
RANDY ALDRIDGE,1,1,0,0,0,0,0,0,0,0
RANDY BISHOP,1,0,0,0,0,0,0,0,0,0
RBC DEVELOPMENT INC,1,1,1,1,1,1,1,0,1,0
REBECCA MASCARI COX,1,1,1,0,0,0,0,1,1,0
RECS ACADEMY LLC,1,1,1,1,1,0,1,1,1,0
REEVES CUSTOM HOMES INC,1,1,0,0,0,0,0,0,0,0
REGIONAL HEALTH SERVICES INC,1,1,1,1,0,0,1,1,0,1
RENFROE PROPERTY HOLDINGS LLC,1,1,1,0,0,0,0,1,0,1
RETREAT APARTMENTS OF MOBILE LLC,1,0,0,0,0,0,0,0,0,0
RG PROPERTIES LLC,1,1,0,0,0,0,0,0,0,0
RICE PUGH LLC,1,1,1,1,0,0,1,1,1,0
RICKY BREWER,1,1,1,1,0,0,1,1,1,0
RICKY ISBELL,1,1,0,0,0,0,0,0,1,0
RIDGECREST ESTATES LP,1,1,1,1,1,0,1,1,0,1
RIVERCHASE UNITED METHODIST CHURCH,1,1,1,1,0,0,1,1,0,1
RIVERSIDE TOWN OF,1,0,0,0,0,0,0,0,0,0
RIVERWOODS PROPERTIES LLC,1,1,1,1,1,0,1,0,1,0
ROBERT FLOYD,1,1,1,0,0,1,1,0,0,1
ROBERTSON BUILDERS LLC,1,1,0,0,0,0,0,0,1,0
RONNIE GILLEY PROPERTIES LLC,1,1,1,1,1,1,1,1,1,0
RUSERT COUSTOM HOMES LLC,1,1,1,1,1,1,1,1,1,0
RUSSELL CUSTOM HOMES LLC,1,1,0,0,0,0,0,0,0,0
RUSSELL PROPERTIES LLP,1,1,1,1,0,0,1,1,1,0
RUSTMARK LLC,1,1,1,1,1,0,1,0,0,1
RYAN RIDGE LLC,1,1,1,0,0,1,1,1,1,0
S AND S PROPERTIES LLC,1,1,1,0,0,0,1,0,0,1
S AND T CONTRACTORS LLC,1,0,0,0,0,0,0,0,1,0
SAE FRATERNITY,1,1,1,0,1,0,1,0,1,0
SAI HOSPITALITY INC,1,1,1,0,1,0,0,1,1,0
SAJID AHMED MD,1,1,1,0,0,0,0,1,1,0
SALISBURY DEVELOPMENT COMPANY LLC,1,1,1,0,0,0,0,1,0,1
SAM BOSWELL BUICK GMC,1,1,1,0,0,0,1,1,1,0
SARONI REAL ESTATES LLC,1,1,1,0,0,0,1,1,1,0
SAVANNAH WOODS 26 LLC,1,0,0,0,0,0,0,0,0,0
SCENIC OAKS DEVELOPMENT LLC,1,1,1,0,0,0,0,1,0,1
SCOTT STEPHENS,1,1,1,0,0,0,0,1,0,1
SEQUOIA LAND DEVELOPMENT CORP,1,1,0,0,0,0,0,0,1,0
SEVILLE PLACE LLC,1,1,1,0,0,0,0,1,0,1
SG PROPERTIES LLC,1,1,1,0,0,0,1,1,0,1
SHANNON LLC,1,1,1,1,0,0,1,1,1,0
SHANNON STROBEL AND WEAVER CON AND ENG,1,1,0,0,0,0,0,0,1,0
SHERMAN INDUSTRIES LLC,1,0,0,0,0,0,0,0,0,0
SHOWMAKER REALITY LLC,1,1,0,0,0,0,0,0,0,0
SHREE PARSWANATH LLC,1,1,1,0,0,0,0,1,0,1
SIGNATURES HOMES,1,0,0,0,0,0,0,0,0,0
SILVER CREEK LLC,1,1,1,0,0,0,0,1,0,1
SL AND J GENERAL CONTRACTOR LLC,1,1,0,0,0,0,0,0,0,0
SMITH FARMS LLC,1,0,0,0,0,0,0,0,0,0
SNAP LLC,1,1,1,0,0,0,0,1,0,1
SOUTH CHOCTAW ACADEMY,1,1,1,0,0,0,0,1,0,1
SOUTHEAST BUSINESS PARKS LLC,1,1,1,0,0,0,0,1,1,0
SOUTHERN CONTRACTORS LLC,1,1,1,0,1,1,1,1,1,0
SOUTHERN OAKS II LLC,1,1,1,1,0,0,1,0,0,1
SOUTHERN OAKS LLC,1,1,1,0,0,0,0,1,0,1
SOUTHERN WINGS TEN LLC,1,1,1,1,0,0,1,1,0,1
SOUTHFORK CONSTRUCTION INC,1,0,0,0,0,0,0,0,0,0
SOUTHMOUNT DEVELOPMENT COMPANY,1,1,1,1,0,0,1,1,1,0
SP MOBILE LLC,1,1,0,0,0,0,0,0,0,0
SPRING VALLEY LLC,1,1,1,1,0,1,1,1,1,0
ST CLAIR PUBLIC BUILDING AUTHORITY,1,0,0,0,0,0,0,0,0,0
STAND ROOFING CO,1,1,0,0,0,0,0,0,0,0
STANTON LANGLEY,1,0,0,0,0,0,0,0,0,0
STEELWOOD PROPERTIES LLC,1,1,1,1,0,0,0,1,1,0
STEPHENS BARRIOS LLC,1,1,1,0,0,0,0,1,0,1
STEPHENS CONSTRUCTION,1,1,0,0,0,0,0,0,1,0
STEPHENS CONSTRUCTION AND CONCRETE INC,1,1,0,0,0,0,0,0,0,0
STERLING CONSTRUCTION CORP,1,1,1,0,1,0,0,1,1,0
STINSON CONSTRUCTION COMPANY INC,1,1,0,0,0,0,0,0,0,0
STONECHASE LAND DEVELOPMENT INC,1,1,0,0,0,0,0,0,1,0
STONERIDGE HOMES LLC,1,0,0,0,0,0,0,0,0,0
STONEYBROOKE LLC,1,1,0,0,0,0,0,0,1,0
STRATFORD PLACE LLC,1,1,0,0,0,0,0,0,0,0
STRAUSS CO INC THE,1,1,1,0,0,0,0,1,0,1
STUART CONTRACTING INC,1,1,1,0,0,0,0,1,0,1
SUBWAY DEVELOPMENT INC,1,1,0,0,0,0,0,0,1,0
SUE YOUNG,1,1,1,1,1,0,1,1,1,0
SUMMIT LLC,1,1,1,1,1,0,1,1,1,0
SUNSOUTH BANK,1,1,1,0,0,0,0,1,0,1
SYNCHRONOUS INDUSTRIAL SERVICES INC,1,1,1,0,0,0,1,1,0,1
T D FARRELL CONSTRUCTION INC,1,1,0,0,0,0,0,0,0,0
TAMKO BUILDING PRODUCTS LLC,1,1,1,1,0,0,1,0,0,1
TANGLEWOOD CORPORATION,1,1,0,0,0,0,0,0,0,0
TANNEHILL DEVELOPMENT INC,1,1,1,0,1,0,1,1,0,1
TASUS CORPORATION ALABAMA,1,0,0,0,0,0,0,0,0,0
TAYLOR POINTE PROPERTIES INC,1,1,0,0,0,0,0,0,1,0
TECHNOLOGY RECYCLING CENTER,1,1,1,1,0,0,1,1,1,0
THOMASVILLE TRACTOR SUPPLY,1,1,1,0,0,0,0,1,1,0
THORNTON CONSTRUCTION INC,1,0,0,0,0,0,0,0,0,0
TIGER TOWN LTD,1,1,0,0,0,0,0,0,1,0
TIMBER DEVELOPMENT CORP,1,1,1,1,1,0,0,1,0,1
TMW CONTRACTORS LLC,1,1,0,0,0,0,0,0,1,0
TOBI GILKY,1,1,1,1,1,0,1,0,0,1
TONY PEARSON,1,0,0,0,0,0,0,0,0,0
TORAY COMPOSITE MATERIALS AMERICA INC,1,0,0,0,0,0,0,0,0,0
TOWNES OF NORTHRIVER DEVELOP COMPANY,1,1,1,1,1,0,1,1,1,0
TRANS WASTE SERVICES LLC,1,1,1,0,0,0,0,1,0,1
TRI COUNTY DEVELOPERS 2 LLC,1,1,1,0,0,0,0,1,1,0
TRICK CONSTRUCTION AND DEVELOPMENT LLC,1,0,0,0,0,0,0,0,0,0
TRINITY MEDICAL CENTER,1,0,0,0,0,0,0,0,0,0
TRIUNE BECK JOINT VENTURE V,1,1,1,1,1,0,1,1,0,1
TSS PROPERTIES LLC,1,1,1,0,0,0,0,1,0,1
TURNER CONSTRUCTION CO INC,1,1,0,0,0,0,0,0,0,0
TWICKENHAM PLACE PARTNERS LLC,1,1,1,0,0,0,0,1,0,1
UNION STATE BANK,1,1,1,0,1,0,1,0,0,1
UNIVERSITY GRANDE OF MOBILE LLC,1,1,0,0,0,0,0,0,0,0
URS GROUP INC,1,1,0,0,0,0,0,0,0,0
VAIL RUBBER WORKS INC,1,1,1,0,0,0,1,0,1,0
VALLEY AREA PROPERTIES LLC,1,0,0,0,0,0,0,0,0,0
VALLEY VIEW BAPTIST CHURCH,1,1,1,0,0,0,1,1,0,1
VANCE TOWN OF,1,1,0,0,0,0,0,0,0,0
VANGUARD CONTRACTORS LLC,1,0,0,0,0,0,0,0,0,0
VANITY FAIR JEANSWEAR,1,0,0,0,0,0,0,0,0,0
VICTOR VANCE,1,1,0,0,0,0,0,0,1,0
VILLAGE LLC THE,1,1,1,1,1,0,1,1,1,0
VILLAS AT CLOVERDALE LTD,1,1,0,0,0,0,0,0,0,0
VON MAUR INC,1,0,0,0,0,0,0,0,0,0
VULCAN INC,1,1,1,1,1,0,1,1,0,1
W AND R GROUP LLC,1,1,0,0,0,0,0,0,1,0
W G YATES AND SONS CONSTRUCTION CO,1,1,0,0,0,0,0,0,0,0
WADE HAYES,1,1,0,0,0,0,0,0,1,0
WALDEN LAND CO,1,1,1,0,1,0,0,1,1,0
WALDEN WOODS AT THE LAKE LLC,1,1,0,0,0,0,0,0,1,0
WALTER RUSSELL,1,1,0,0,0,0,0,0,0,0
WARR GRADING CONTRACTING INC,1,1,1,0,0,0,0,1,0,1
WATERCRESS DEVELOPMENT LLC,1,1,1,0,0,0,1,1,1,0
WATERFRONT RESCUE MISSION INC,1,1,0,0,0,0,0,0,0,0
WEAVER RENTALS LLC,1,1,1,0,0,0,0,1,1,0
WEST FREDERICK COMMONS LLC,1,1,0,0,0,0,0,0,0,0
WEST HUNTSVILLE CHURCH OF CHRIST,1,1,1,0,0,0,0,1,1,0
WEST PACE LLC,1,1,0,0,0,0,0,0,1,0
WESTBROOK FAMILY DEVELOPERS LLC,1,1,1,0,0,0,1,0,1,0
WESTLAKE DEVELOPMENT LLC,1,1,1,0,1,0,1,1,0,1
WHITE ROCK LLC,1,1,1,0,1,1,1,0,1,0
WILD TIMBER DEVELOPMENT LLC,1,1,1,1,1,0,1,1,1,0
WILLIAM S PITTMAN,1,1,1,0,0,0,0,1,1,0
WILLIAMS PRATTVILLE MOTELS INC,1,1,1,0,0,0,0,1,0,1
WILLOW RIDGE APARTMENTS LLC,1,1,1,1,0,0,1,0,1,0
WILSHIRE DEVELOPMENT HUNTSVILLE LLC,1,1,1,0,0,0,0,1,1,0
WINCHESTER LLC,1,1,1,1,1,0,1,1,1,0
WINGO LLC,1,1,0,0,0,0,0,0,0,0
WINSTON COUNTY COMMISSION,1,1,1,0,0,0,0,1,0,1
WOODLAND HILLS LTD,1,1,1,0,0,1,0,1,0,1
WORSHAM BROTHERS INC,1,1,1,0,0,0,0,1,1,0
WRC HOUSING II INC,1,1,0,0,0,0,0,0,0,0
YMCA,1,1,0,0,0,0,0,0,0,0
ZEDOT CONSTRUCTION INC,1,1,1,0,0,0,1,1,0,1
ZOO FOUNDATION INC THE,1,1,1,1,0,0,1,1,0,1
00282,1,0,0,0,0,0,0,0,0,0
06571,1,1,1,0,0,0,0,1,0,1
07823,1,1,1,0,0,0,1,0,1,0
A G DRE CO INC,1,1,1,1,0,1,1,1,1,0
ACC CDC ONE SIXTY ROSS LLC,1,0,0,0,0,0,0,0,0,0
ACCENT CONSTRUCTION MANAGEMENT,1,1,1,0,0,0,0,1,0,1
ACMJPM PROPERTIES LLC,1,0,0,0,0,0,0,0,0,0
ADVANCED TECHNICAL FINISHING LLC,1,1,1,0,0,0,0,1,0,1
AGFIRST FARM CREDIT BANK,1,0,0,0,0,0,0,0,0,0
AGH HOMES INC,1,1,1,0,0,0,0,1,0,1
AL HOPE HULL LLC,1,1,0,0,0,0,0,0,1,0
AL PILLON COMMUNITIES INC,1,0,0,0,0,0,0,0,0,0
ALABAMA BAPTIST STATE CONVENTION,1,1,0,0,0,0,0,0,1,0
ALABAMA GULF COAST RAILWAY LLC,1,1,0,0,0,0,0,0,0,0
ALABAMA STEEL TERMINAL LLC,1,0,0,0,0,0,0,0,0,0
ALABAMA SURF INC,1,1,1,0,0,0,1,1,0,1
ALBERTA CHURCH OF GOD,1,1,1,0,0,0,1,0,0,1
AMERICAN LEAKLESS COMPANY,1,1,1,0,0,0,0,1,1,0
AMERICAN TANK AND VESSEL INC,1,0,0,0,0,0,0,0,0,0
ANGELA LAW,1,1,1,0,0,0,0,1,1,0
AP MONTGOMERY LLC,1,1,1,1,0,1,1,1,1,0
APEX CONSTRUCTION,1,1,0,0,0,0,0,0,0,0
APR LLC,1,0,0,0,0,0,0,0,0,0
ARBORS DEVELOPMENT LLC,1,1,1,1,1,0,1,1,1,0
ARCO MURRAY NATIONAL CONSTRUCTION CO INC,1,1,1,0,0,0,0,1,0,1
ARGO BUILDING CO,1,1,1,0,0,0,1,1,0,1
ARROWHEAD RVP LLC,1,1,1,0,0,0,0,1,1,0
ATLAS ROOFING CORPORATION,1,0,0,0,0,0,0,0,0,0
B D WELCH CONSTRUCTION LLC,1,0,0,0,0,0,0,0,0,0
B F ENTERPRISES LLC,1,1,1,1,0,1,1,1,0,1
B W HOBSON CONSTRUCTION CO INC,1,1,0,0,0,0,0,0,1,0
BAGGETTE CONSTRUCTION COMPANY,1,1,1,0,0,0,0,1,0,1
BALL HEALTHCARE CHERRYHILL LLC,1,0,0,0,0,0,0,0,0,0
BALLARD BUILDERS INC,1,1,1,0,0,0,0,1,0,1
BAPS PROPERTIES LLC,1,1,1,0,1,1,1,0,1,0
BASF TRILON M PLANT,1,1,1,0,0,0,0,1,0,1
BDI RANGELINE LLC,1,1,1,1,1,0,1,1,1,0
BEASLEY AND COMPANY LLC,1,0,0,0,0,0,0,0,0,0
BEAZER EAST INC KOPPERS INC,1,0,0,0,0,0,0,0,0,0
BEEHIVE CONSTRUCTION LLC,1,1,1,0,0,0,0,1,0,1
BELTLINE CHURCH OF CHRIST,1,1,1,0,0,0,0,1,0,1
BENSON CONSTRUCTION CO INC,1,1,1,1,0,1,1,1,1,0
BES INC,1,1,0,0,0,0,0,0,0,0
BESSEMER FIRST PESBYTERIAN CHURCH,1,1,1,1,0,0,0,0,0,1
BEVERLYE HALL APARTMENTS LTD,1,1,1,0,0,0,1,1,0,1
BILLY RAY TAYLOR,1,1,0,0,0,0,0,0,1,0
BILLY WOMACK,1,1,1,0,0,0,0,1,0,1
BIRMINGHAM BOARD OF EDUCATION,1,0,0,0,0,0,0,0,0,0
BIRMINGHAM INVESTMENT PARTNERS LLC,1,1,1,0,1,0,1,1,1,0
BISHOP STATE COMMUNITY COLLEGE,1,1,1,1,1,0,1,0,0,1
BLAKE PROPERTIES LLC,1,1,1,0,0,0,0,1,0,1
BLOC GLOBAL SERVICES GROUP,1,0,0,0,0,0,0,0,0,0
BLOUNTSVILLE TOWN OF,1,1,1,0,0,0,0,1,0,1
BOBBY R CANNON LLC,1,1,0,0,0,0,0,0,0,0
BOJANGLES RESTAURANT INC,1,1,1,0,0,0,0,1,0,1
BOLD VENTURE LLC,1,1,0,0,0,0,0,0,0,0
BRAD COLE CONSTRUCTION CO INC,1,1,0,0,0,0,0,0,0,0
BRAD COLE CONSTRUCTION INC,1,1,1,0,0,0,0,1,0,1
BRANTLEY LAND LLC,1,1,0,0,0,0,0,0,0,0
BROCK SHADDIX,1,0,0,0,0,0,0,0,0,0
BROOKWOOD PARTNERS LLC,1,1,1,0,0,0,0,1,0,1
BRUCE BERRY,1,1,1,0,0,0,0,1,0,1
BUCKEYE TERMINALS LLC,1,0,0,0,0,0,0,0,0,0
BUILDERS GROUP INC,1,1,1,1,0,0,1,1,1,0
BUILDING CONCEPTS LLC,1,1,0,0,0,0,0,0,0,0
BUSTER MILES CHEVROLET INC,1,1,1,0,0,0,0,1,0,1
CAHABA SPORTS INC,1,0,0,0,0,0,0,0,0,0
CALHOUN DEVELOPMENT INC,1,1,1,1,0,0,1,0,1,0
CAMPUS CREST AT TUSCALOOSA LLC,1,1,1,0,0,0,1,1,0,1
CAPITAL PARK APARTMENTS LLC,1,1,1,0,1,0,1,1,1,0
CARMIKE CINEMAS INC,1,1,1,0,0,0,0,1,0,1
CARROLLS CREEK FIRE PROTECTION DISTRICT,1,0,0,0,0,0,0,0,0,0
CARY CREEK PARKWAY LLC,1,1,0,0,0,0,0,0,0,0
CBC INGS AMERICA INC,1,0,0,0,0,0,0,0,0,0
CENTRAL NORTH ALABAMA HEALTHCARE SERVICES INC,1,1,1,0,0,0,0,1,0,1
CHARLES DEAN GRIZZLE,1,1,1,0,0,0,0,1,0,1
CHARLES H CRAUSWELL JR,1,1,1,0,0,0,0,1,0,1
CHERI HENDERSON,1,1,1,0,0,0,1,1,1,0
CHERRY RIDGE VILLAGE LTD,1,0,0,0,0,0,0,0,0,0
CHJ PROPERTIES LLC,1,1,1,1,0,0,0,1,0,1
CHOCTAW INVESTMENTS LTD,1,1,1,0,0,0,0,1,0,1
CHRISTOPHER PE INC,1,1,1,0,0,0,1,0,0,1
CHURCH OF DOTHAN INC,1,1,0,0,0,0,0,0,1,0
CLARION COVE LTD,1,0,0,0,0,0,0,0,0,0
CLARK GAS COMPANY INC,1,1,1,0,0,0,0,1,0,1
CLARKE COUNTY COMMISSION,1,1,1,0,0,0,0,1,1,0
CLEARWATER CHRISTIAN CHURCH,1,1,1,0,0,0,0,1,1,0
CODEN UNITED METHODIST,1,1,1,0,0,0,0,1,0,1
COFFEEVILLE TOWN OF UTILITIES BOARD,1,0,0,0,0,0,0,0,0,0
COLBY RASMUS,1,1,0,0,0,0,0,0,1,0
COLLINS VENTURES INC,1,1,1,1,0,0,1,1,0,1
CONSTRUCTION SERVICES LLC,1,1,0,0,0,0,0,0,1,0
CORDOVA CITY OF WATER WORKS AND GAS BD,1,1,1,0,0,0,0,1,0,1
CORE INDUSTRIES,1,1,1,0,0,0,0,1,0,1
COTTAGES AT NEW WATER KB LLC,1,1,1,0,0,1,1,0,1,0
COVINGTON AND CO INC,1,1,1,0,1,0,0,1,0,1
CP 17 AL INC,1,1,0,0,0,0,0,0,0,0
CP 19 AL INC,1,1,1,1,0,0,1,1,0,1
CP 3 AL INC,1,1,1,0,0,0,0,1,0,1
CP 5 AL INC,1,1,1,1,0,1,1,1,0,1
CP 6 AL INC,1,1,1,1,0,0,1,0,1,0
CP 8 AL INC,1,1,1,0,0,0,0,1,0,1
CP 9 AL INC,1,1,0,0,0,0,0,0,0,0
CREEL COMPANY THE,1,1,0,0,0,0,0,0,0,0
CRESCENT LLC,1,1,0,0,0,0,0,0,0,0
CROWNE PARTNERS INC,1,0,0,0,0,0,0,0,0,0
CYPRESS CREEK PROPERTIES LLC,1,1,1,0,0,0,0,1,0,1
DAVID DUTTON,1,1,0,0,0,0,0,0,0,0
DBS CORPORATION,1,1,1,0,0,0,1,1,0,1
DCI INC,1,1,0,0,0,0,0,0,0,0
DDCU V LLC,1,1,0,0,0,0,0,0,0,0
DEER RIDGE II LTD,1,1,1,0,0,0,0,1,1,0
DEERFIELD CONSTRUCTION INC,1,1,0,0,0,0,0,0,0,0
DESHAZO CRANE COMPANY,1,1,1,1,0,0,1,1,0,1
DIANE PATE,1,1,1,1,1,0,1,1,1,0
DIEHL AEROSPACE INC,1,1,0,0,0,0,0,0,0,0
DON GARDNER,1,1,1,1,1,1,1,1,0,1
DOX ENTERPRISE LLC,1,1,1,0,0,0,0,1,0,1
DRM UTILITES LLC,1,0,0,0,0,0,0,0,0,0
DUCKETT HOLDINGS LLC,1,1,1,0,0,0,0,1,0,1
DURGA LLC,1,1,1,0,0,0,0,1,0,1
EARTH SPACES INC,1,1,1,1,1,0,1,0,1,0
EAST LAUDERDALE COUNTY WATER AND FPA,1,1,1,0,0,0,0,1,0,1
EAST LOWNDES WATER ASSOCIATION,1,0,0,0,0,0,0,0,0,0
EDDIE BRITTON,1,1,0,0,0,0,0,0,0,0
EDGEWATER SHORES LLC,1,1,1,0,0,0,0,1,0,1
ELECTROLUX HOME PRODUCTS INC,1,1,1,0,0,0,0,1,0,1
EMAK LLC,1,0,0,0,0,0,0,0,0,0
EPISCOPAL DIOCESE OF ALABAMA,1,1,1,0,0,0,0,1,0,1
EPWORTH METHODIST CHURCH,1,1,1,0,0,0,0,1,1,0
F C AND C LLC,1,1,1,1,0,1,1,1,1,0
FAIRVIEW TOWN OF,1,1,1,0,1,0,1,1,0,1
FAMILY SECURITY CREDIT UNION LLC,1,1,1,0,0,0,0,1,0,1
FEDEX GROUND,1,0,0,0,0,0,0,0,0,0
FIELDTOWN CROSSINGS LLC,1,1,1,1,0,0,1,1,1,0
FISH RIVER LLC,1,1,1,1,1,1,1,1,1,0
FRANK GLASS,1,1,0,0,0,0,0,0,1,0
FRENCH FARMS VILLAGE APARTMENTS LTD,1,1,0,0,0,0,0,0,0,0
GARRETT PAVING AND LANDSCAPING,1,1,1,0,0,0,1,1,0,1
GARY C BROWN,1,1,1,0,0,0,0,1,1,0
GATEWAY CONSTRUCTION COMPANY,1,1,1,1,1,0,1,1,1,0
GCOF RETREAT AT TIAWASEE LLC,1,1,1,1,1,1,1,1,0,1
GENSCO AIRCRAFT TIRE,1,1,1,0,0,0,0,1,0,1
GEORGE J FOSHEE,1,1,0,0,0,0,0,0,0,0
GESTAMP ALABAMA INC,1,1,1,0,0,0,0,1,0,1
GIBBONS HIGHWAY 14 LLC,1,1,0,0,0,0,0,0,1,0
GIL DYER,1,1,1,0,0,0,0,1,0,1
GILBERTO SANCHEZ,1,1,0,0,0,0,0,0,0,0
GILLESPIE CONSTRUCTIN LLC,1,1,1,0,0,0,0,1,0,1
GRACE BAPTIST CHURCH,1,1,1,0,0,0,0,1,0,1
GREAT AMERICAN PARK LLC THE,1,1,1,0,0,0,0,1,0,1
GREENE VALLEY INVESTMENTS LP,1,1,1,0,0,0,1,1,1,0
GREG FOWLER,1,1,1,0,0,0,0,1,0,1
GREGORY GIPSON,1,0,0,0,0,0,0,0,0,0
HACKLEBURG TOWN OF WATER AND SEWER BOARD,1,1,1,0,0,0,0,1,0,1
HALLS THEODORE WHOLESALE FLORIST INC,1,0,0,0,0,0,0,0,0,0
HARBAUGH AND SONS CONSTRUCTION COMPANY INC,1,1,1,0,0,0,0,1,0,1
HAYES HOME BUILDERS INC,1,0,0,0,0,0,0,0,0,0
HEALTHSOUTH CONSTRUCTION,1,1,0,0,0,0,0,0,0,0
HIDEAWAYS LLC,1,1,0,0,0,0,0,0,1,0
HIGHWAY 59 AUTOMART INC,1,1,1,1,0,1,1,1,1,0
HILLCREST PARTNERSHIP LLC,1,1,1,1,0,0,0,1,0,1
HOLY NAME OF JESUS CATHOLIC CHURCH,1,1,1,0,0,0,0,1,0,1
HOME CORP INC,1,1,1,0,0,0,0,1,0,1
HONOURS PENINSULA GOLF CLUB LLC,1,1,1,0,1,1,0,1,0,1
HOOVER INVESTMENT PARTNERS LLC,1,1,1,1,1,0,1,1,1,0
HOUSTON COMPANY THE,1,0,0,0,0,0,0,0,0,0
HUFHAM FARRIS CONTRACTORS LLC,1,1,0,0,0,0,0,0,0,0
HUGHES BROTHERS CONSTRUCTION LLC,1,1,0,0,0,0,0,0,0,0
HUNTSVILLE SENIOR SERVICES LLC,1,1,1,0,0,0,0,1,1,0
HURRICANE CREEK TRACE LTD,1,1,1,1,1,0,1,1,0,1
IMAGE HOTELS,1,1,1,0,0,0,0,1,1,0
IMPERIAL PROPERTIES,1,1,0,0,0,0,0,0,0,0
INDEPENDENT LIVING INVESTMENTS PRATT CIT,1,0,0,0,0,0,0,0,0,0
INTERCHANGE REALTY LLC,1,1,1,0,0,0,0,1,0,1
J AND A FINANCE LLC,1,1,0,0,0,0,0,0,1,0
J AND J LLC,1,1,1,0,0,0,0,1,1,0
J C BROWN CONSTRUCTION INC,1,1,1,0,1,1,1,0,1,0
J M WILKERSON CONSTRUCTION COMPANY INC,1,1,1,1,1,0,0,1,0,1
J SIMMONS PROPERTIES LLC,1,1,1,0,0,0,0,1,1,0
JACKS FAMILY RESTAURANT INC,1,1,0,0,0,0,0,0,0,0
JAMES M GILLIAM,1,1,1,0,0,0,0,1,0,1
JAMES R SMITH TRUCKING,1,1,1,0,0,0,0,1,0,1
JAMESTOWNE DEVELOPMENT INC,1,1,0,0,0,0,0,0,1,0
JAMIE PARKER,1,1,1,0,0,0,0,1,1,0
JERRY KIMBROUGH,1,0,0,0,0,0,0,0,0,0
JIM PARKER PROPERTIES LLC,1,0,0,0,0,0,0,0,0,0
JOE DAY,1,1,0,0,0,0,0,0,0,0
JOEY SMITHSON,1,0,0,0,0,0,0,0,0,0
JOHN A SMYTH III,1,0,0,0,0,0,0,0,0,0
JOHN DUMAS,1,1,1,0,0,0,0,1,0,1
JOHN GILLAND,1,1,0,0,0,0,0,0,0,0
JOHN R BELL,1,1,1,0,0,0,0,1,0,1
JOHNNY COOK,1,0,0,0,0,0,0,0,0,0
JONES WELDING COMPANY INC,1,1,0,0,0,0,0,0,1,0
JOSEPH INVESTMENTS LLC,1,1,1,0,0,0,1,0,1,0
JOSH ROSSUM,1,1,0,0,0,0,0,0,1,0
JRN INC,1,1,1,0,0,0,0,1,0,1
KB DEVELOPMENT LLC,1,0,0,0,0,0,0,0,0,0
KEEKO LP,1,1,1,0,0,0,0,1,0,1
KELLOG SNACKS,1,0,0,0,0,0,0,0,0,0
KELVIN CALLAHAN,1,1,1,1,0,0,0,1,1,0
KENNETH CHANDLER CONSTRUCTION INC,1,1,0,0,0,0,0,0,1,0
KENT WATERS,1,0,0,0,0,0,0,0,0,0
KIMBERLY A TIERNAN,1,0,0,0,0,0,0,0,0,0
KIMBROUGH COVE,1,1,1,0,0,0,0,1,0,1
KINGS MEMORIAL UMC INC,1,1,1,0,0,0,0,1,0,1
KIRBY CADDELL,1,1,0,0,0,0,0,0,0,0
L A DEVELOPMENT LLC,1,1,1,1,1,0,1,1,0,1
LAYNE HEAVY CIVIL INC,1,1,1,0,0,0,0,1,0,1
LITTRELL DEVELOPMENT INC,1,1,1,0,0,0,0,1,0,1
LYNN HAVEN DEVELOPMENT CORPORATION,1,1,1,1,0,0,1,1,1,0
LYNN PERSELL,1,1,1,0,0,0,0,1,1,0
M D PRICE BUILDER LLC,1,1,1,1,0,1,0,1,0,1
M NATAL CONTRACTOR INC,1,1,1,1,0,0,1,1,1,0
MACIEL RECOVERY AND RECYCLING LLC,1,1,1,0,0,0,1,0,0,1
MADISON MEDICAL 1 LLC,1,1,1,0,0,0,0,1,0,1
MALONEY CONSTRUCTION INC,1,1,1,1,0,0,0,1,0,1
MAPCO EXPRESS NTI INVESTMENTS,1,1,1,0,0,0,0,1,0,1
MARLENE MIXON,1,1,0,0,0,0,0,0,1,0
MCADAMS PROPERTIES LLC,1,1,1,1,0,0,1,1,1,0
MCWRIGHTS FERRY DEVELOPMENT LLC,1,1,1,1,1,0,1,1,0,1
MEANDERS CONSTRUCTION SERVICES INC,1,0,0,0,0,0,0,0,0,0
MENTAL HEALTHCARE OF CULLMAN,1,1,0,0,0,0,0,0,0,0
MERRILL STEWART,1,0,0,0,0,0,0,0,0,0
MIKE HILL,1,0,0,0,0,0,0,0,0,0
MIKE JOHNSON CONSTRUCTION INC,1,0,0,0,0,0,0,0,0,0
MIKE WALDO,1,1,1,0,0,0,0,1,0,1
MITCHELL CONTAINER SERVICES INC,1,1,1,0,0,0,0,1,0,1
MITCHELL HYUNDAI,1,1,1,0,0,0,1,1,0,1
MITCHELLS CONTRACTING SERVICE LLC,1,1,0,0,0,0,0,0,0,0
MITT LARY PARTENERS LLC,1,1,1,1,0,0,1,1,1,0
MLK AVE REDEVELOPMENT CORPORATION,1,1,1,0,0,0,0,1,0,1
MOBILE BAY DENTAL LLC,1,1,1,0,0,0,0,1,1,0
MOBILE COUNTY WATER SEWER AND FIRE PROTECTION AUTHORITY,1,0,0,0,0,0,0,0,0,0
MOBILE HOTEL PARTNERS LLC,1,1,1,0,1,0,1,1,0,1
MOODY COMMERCE PARK LLC,1,1,1,0,0,0,0,1,0,1
MORGAN ASHURST,1,1,1,1,0,1,0,1,0,1
MORGAN RUN DEVELOPMENT COMPANY INC,1,1,1,0,0,0,0,1,0,1
MOTLEY CONSTRUCTION COMPANY,1,0,0,0,0,0,0,0,0,0
MSC INC,1,1,1,0,0,0,0,1,0,1
NEW CASTLE DEVELOPMENT LLC,1,1,1,1,1,0,1,1,1,0
NEW LIFE PROPERTIES,1,1,0,0,0,0,0,0,0,0
NICK J PETERS III,1,0,0,0,0,0,0,0,0,0
OGR LLC,1,0,0,0,0,0,0,0,0,0
OLD STONE LLC,1,1,1,0,0,0,0,1,1,0
PARACEL CUSTOM HOME BUILDERS INC,1,1,1,1,1,1,1,1,1,0
PARALLAX BUILDING SYSTEMS,1,1,0,0,0,0,0,0,0,0
PARK AT OWA LLC THE,1,1,1,1,1,1,1,1,1,0
PARK LANE CONSTRUCTION LLC,1,1,0,0,0,0,0,0,1,0
PARKER PUGH,1,1,1,0,0,0,0,1,0,1
PAT HOWELL,1,1,1,1,1,1,0,1,1,0
PB ENTERPRISES LLC,1,1,0,0,0,0,0,0,0,0
PECO FOODS INC,1,0,0,0,0,0,0,0,0,0
PELL CITY INDUSTRIAL DEVELOPMENT BOARD,1,0,0,0,0,0,0,0,0,0
PERRY COUNTY COMMISSION,1,0,0,0,0,0,0,0,0,0
PEYTON PRICE CONSTRUCTION CO,1,1,1,0,0,0,0,1,0,1
PFEIFFER COMAPNY LLC,1,1,0,0,0,0,0,0,0,0
PHENIX CITY DOWNTOWN REDEV AUTH CITY OF,1,1,1,0,0,0,1,1,0,1
PHILLIP DOWNING,1,1,1,0,0,0,1,1,0,1
PICKENS COUNTY WATER AUTHORITY,1,0,0,0,0,0,0,0,0,0
PIEDMONT DEVELOPMENT OF ATLANTA LLC,1,1,1,0,0,0,0,1,0,1
PLAINS PIPELINE LLC,1,1,1,0,0,0,0,1,1,0
PLAINS PIPELINE LP,1,1,1,0,0,0,0,1,1,0
PREFERRED HEALTH SERVICES INC,1,1,1,1,1,0,1,1,1,0
PRIMAX PROPERTIES LLC,1,0,0,0,0,0,0,0,0,0
PRIMO PROFILES ALABAMA LLC,1,0,0,0,0,0,0,0,0,0
PRIORITY ONE LLC,1,1,1,1,0,0,1,1,0,1
PRITCHETT MOORE INC,1,1,1,0,0,0,1,1,1,0
PROGRESS BANK AND TRUST,1,1,1,0,0,0,0,1,0,1
PUMPHOUSE LLC,1,0,0,0,0,0,0,0,0,0
R AND A OYSTER CO INC,1,1,1,0,0,1,1,0,0,1
R AND D ENTERPRISES INC,1,1,1,0,0,0,0,1,0,1
R K ALLEN OIL CO INC,1,1,1,0,0,0,0,1,1,0
R L H CONSTRUCTION INC,1,1,1,0,0,0,0,1,0,1
RACO ALABAMA LLC,1,1,1,1,0,0,0,0,0,1
RACQUET CLUB GROUP INVESTMENTS LLC,1,1,1,0,0,0,1,1,1,0
RANDY GILBERT,1,1,1,0,0,0,0,1,0,1
RENAISSANCE INVESTMENTS LLC,1,1,1,0,0,0,0,1,0,1
RENASANT CORPORATION,1,1,0,0,0,0,0,0,0,0
REPOWER SOUTH MONTGOMERY LLC,1,1,1,1,0,0,0,1,0,1
RETTIGS AUTO BODY SHOP,1,1,1,0,0,0,0,1,0,1
RICKEY HARRISON,1,1,1,0,0,0,0,1,0,1
RICKY HOLLINGSWORTH EXCAVATING INC,1,0,0,0,0,0,0,0,0,0
RIDGECREST PROPERTIES LLC,1,1,0,0,0,0,0,0,0,0
RIDGEVIEW DEVELOPMENT LLC,1,1,1,0,1,0,1,0,1,0
RIVER TRACE VENTURES LLC,1,1,1,0,0,0,0,1,0,1
RL REGI LLC,1,1,0,0,0,0,0,0,1,0
RODNEY LOGAN,1,1,1,0,0,0,0,1,0,1
RODNEY PAYTON,1,0,0,0,0,0,0,0,0,0
RONALD PATTILLO,1,1,0,0,0,0,0,0,1,0
ROSS BRIDGE LAND HOLDINGS LLC,1,0,0,0,0,0,0,0,0,0
RUSSELL C CHESTANG CONSTRUCTION INC,1,0,0,0,0,0,0,0,0,0
S R CLOWDUS,1,1,1,1,0,0,1,0,0,1
S RAO YERUBANDI,1,1,1,0,0,0,0,1,1,0
SALON CONCEPTS,1,1,1,0,0,0,1,1,1,0
SAMSON CITY OF,1,1,0,0,0,0,0,0,0,0
SCOTTSBORO INDUSTRIAL DEVELOPMENT BOARD,1,1,1,0,0,0,1,1,0,1
SCP NEW LLC,1,0,0,0,0,0,0,0,0,0
SEAKAY CONSTRUCTION CORPORATION,1,1,1,0,1,0,0,1,1,0
SEALY PROPERTY DEVELOPMENT LLC,1,1,0,0,0,0,0,0,0,0
SEAN OBRIEN,1,1,1,0,0,0,0,1,0,1
SERENITY FUNERAL HOMES INC,1,1,1,0,0,0,0,1,0,1
SERVPRO OF BIRMINGHAM INC,1,1,1,1,0,0,1,1,1,0
SEUNGHAN KIM,1,1,0,0,0,0,0,0,0,0
SF APT 2012 LLC,1,1,1,1,0,0,1,1,0,1
SHAEFFER SPORTS,1,0,0,0,0,0,0,0,0,0
SHAW ENVIRONMENTAL INC,1,0,0,0,0,0,0,0,0,0
SHELBY FARMS LLC,1,1,1,1,1,1,1,1,1,0
SHEPHERDS COVE LTD,1,0,0,0,0,0,0,0,0,0
SHIRLEY BROTHERS EXCAVATING INC,1,1,1,0,0,0,1,1,1,0
SNB PROPERTIES LLC,1,1,1,1,0,1,1,1,0,1
SODECIA AUTOMOTIVE AUBURN LP,1,1,0,0,0,0,0,0,1,0
SOUTHEAST MEDICAL MCCALLA LLC,1,0,0,0,0,0,0,0,0,0
SOUTHERN PINE ELECTRIAL COOP,1,1,1,0,0,0,0,1,0,1
SOUTHERN STATES BANK,1,1,1,1,1,0,1,1,1,0
SOUTHWESTERN ACCEPTANCE CORPORATION,1,1,1,0,0,0,0,1,1,0
STEVE ATCHLEY,1,1,0,0,0,0,0,0,0,0
STEVE ODOM CONSTRUCTION INC,1,1,0,0,0,0,0,0,0,0
STEVEN HYPES CONSTRUCTION LLC,1,1,1,0,0,0,0,1,0,1
SUE WHITEHEAD,1,1,1,0,0,0,1,1,0,1
SUMMERLIN CONSTRUCTION CO INC,1,1,1,0,0,0,0,1,0,1
SUMMERVILLE DEVELOPMENT LLC,1,1,1,0,0,0,0,1,0,1
SUN SELF STORAGE INC,1,0,0,0,0,0,0,0,0,0
SURGICAL DERMATOLOGY GROUP,1,0,0,0,0,0,0,0,0,0
SYLVAN SPRINGS DG LLC,1,1,1,0,0,0,1,0,0,1
TBR LLC,1,1,1,1,1,0,1,1,1,0
TDG HIGHPOINT LLC,1,1,1,1,1,0,1,1,0,1
TEXAS ALLIANCE GROUP,1,0,0,0,0,0,0,0,0,0
THOMAS R TOWNS,1,1,0,0,0,0,0,0,1,0
THOMAS W HINTON,1,1,1,0,1,0,1,1,1,0
THOMASTON TOWN OF,1,0,0,0,0,0,0,0,0,0
THORNTON WELDING AND MACHINE INC,1,0,0,0,0,0,0,0,0,0
TIMBERS BY RAYLEIGH LTD THE,1,0,0,0,0,0,0,0,0,0
TODD CONSTRUCTION COMPANY,1,1,1,0,0,0,0,1,1,0
TOMBIGBEE ELECTRIC CO OP,1,1,0,0,0,0,0,0,0,0
TONY NALL,1,1,1,0,0,0,1,1,0,1
TRAFFORD DG LLC,1,0,0,0,0,0,0,0,0,0
TRANSFUELS LLC,1,1,1,1,0,0,0,0,0,1
TRI DEVELOPERS LLC,1,1,1,0,1,0,0,1,1,0
TRINITAS DEVELOPMENT LLC,1,1,1,1,1,0,0,0,1,0
TRINITY ANALYSIS AND DEVELOPMENT CORP,1,1,1,0,0,0,0,1,0,1
TRISSL DEVELOPMENT INC,1,1,1,0,0,0,0,1,0,1
TROY UNIVERSITY DOTHAN,1,1,1,0,0,0,0,1,0,1
TURTLE BAY LLC,1,1,1,1,0,0,0,1,0,1
TUSCALOOSA CREDIT UNION,1,0,0,0,0,0,0,0,0,0
TWENTY ONE SERVICES LLC,1,1,1,0,0,0,0,1,0,1
UMICORE CSM NA,1,1,0,0,0,0,0,0,0,0
US DEPARMENT OF VETERANS AFFAIRS,1,1,1,0,0,1,1,1,1,0
USAMERIBANK,1,1,1,0,0,1,1,1,0,1
VALLEY COMMERICAL CONSTRUCTION,1,1,1,0,0,0,0,1,0,1
VALLEY VISTA PROPERTIES,1,1,1,0,0,0,0,1,0,1
VALOR GROVE LTD,1,1,0,0,0,0,0,0,0,0
VICTORY HEADQUARTERS CHRISTIAN CENTER,1,1,1,1,0,0,0,1,0,1
VILLAS AT POINT CLEAR DEVELOPMENT CO LLC,1,1,1,1,1,1,1,1,0,1
VIRGINIA WRECKING INC,1,0,0,0,0,0,0,0,0,0
VOSLOH PROPERTIES LLC,1,1,1,1,0,0,1,1,0,1
W H BASS INC,1,1,1,0,0,0,1,1,0,1
W L PORT LAND SYSTEMS INC,1,1,1,0,0,0,0,1,0,1
WAL MART STORES INC,1,1,0,0,0,0,0,0,1,0
WALKER LLC,1,1,1,1,0,0,1,0,1,0
WALTER E ROSE,1,1,1,0,0,0,0,1,0,1
WARRIOR MET COAL MINING,1,1,1,0,0,0,0,1,0,1
WATERFORD FARMS APARTMENTS LTD,1,1,1,0,0,0,0,1,0,1
WAYNE GRISSOM,1,1,1,0,0,0,0,1,0,1
WEDOWEE MARINE INC,1,0,0,0,0,0,0,0,0,0
WELLINGTON DEVELOPMENT COMPNAY LLC,1,1,1,0,1,0,0,1,0,1
WESTERVELT REALTY INC,1,1,1,1,0,0,1,1,0,1
WESTVIEW CHURCH OF CHRIST,1,1,0,0,0,0,0,0,0,0
WHITE SPUNNER AND ASSOCIATES INC,1,1,1,1,1,1,1,1,0,1
WILBORN PARTNERS LLC,1,1,1,1,1,1,1,1,1,0
WILLIAM DOUGLAS ARNOLD,1,0,0,0,0,0,0,0,0,0
WILLIAM H ROGERS,1,1,1,0,0,0,0,1,1,0
WILLIAM J BRENNAN,1,1,1,0,0,0,0,1,0,1
WILLIAM M THOMAS,1,1,0,0,0,0,0,0,0,0
WILLIAMS BROWN INC,1,1,1,1,1,1,1,1,1,0
WINGIN IT LLC,1,1,0,0,0,0,0,0,0,0
WIREGRASS CONSTRUCTION,1,1,1,0,0,0,0,1,0,1
WITHERINGTON CONSTRUCTION COMPANY,1,1,1,0,0,0,0,1,0,1
WORSHIP CENTER CHRISTIAN CHURCH THE,1,1,1,0,0,0,0,1,0,1
WRS INFRASTRUCTURE AND ENVIRONMENT INC,1,0,0,0,0,0,0,0,0,0
WSC DISTINCTIVE BUILDERS LLC,1,1,1,0,0,0,0,1,0,1
WTI TRANSPORTS INC,1,0,0,0,0,0,0,0,0,0
07200,1,1,1,0,0,0,0,1,0,1
08560,1,1,1,0,0,0,0,1,0,1
139 PROPERTIES LLC,1,1,1,0,0,0,1,0,1,0
225 PROPERTIES,1,1,0,0,0,0,0,0,1,0
411 PROPERTIES LLC,1,1,1,0,0,0,0,1,0,1
84 WEST INC,1,0,0,0,0,0,0,0,0,0
A2D INC,1,1,1,0,0,0,0,1,0,1
AJSWC LLC,1,1,1,0,0,0,0,1,0,1
AKRA BUILDERS,1,1,1,0,0,0,0,1,0,1
ALABAMA AG CREDIT FLCA,1,1,0,0,0,0,0,0,0,0
ALABAMA RAILROAD AND CONSTRUCTION COMPANY LLC,1,1,0,0,0,0,0,0,0,0
ALAN PETE S FARRIOR,1,0,0,0,0,0,0,0,0,0
ALBERTVILLE INVESTMENT PARTNERS LLC,1,1,1,0,0,0,0,1,0,1
ALDI LLC,1,1,1,1,1,0,0,1,0,1
ALEXANDER CONTRACTING,1,0,0,0,0,0,0,0,0,0
ALUMNI DEVELOPMENT AND CONSTRUCTION,1,1,1,0,0,0,0,1,0,1
AMERICAS CAR MART INC,1,1,1,0,0,0,1,1,0,1
AMERICAS FREEDOM FUELS INC,1,1,1,0,0,0,0,1,0,1
ANDERSON CONSTRUCTION COMPANY INC,1,1,1,1,0,0,1,1,0,1
AOSSM PROPERTIES,1,0,0,0,0,0,0,0,0,0
ARC LIGHT LLC,1,1,1,1,0,0,0,1,0,1
ART LAMI HOMES INC,1,1,1,1,1,0,0,1,0,1
ASHVILLE CONGREGATION OF JEHOVAHS WITNESSES,1,0,0,0,0,0,0,0,0,0
ASSOCIATED PHARMACIES INC,1,1,1,0,0,0,0,1,0,1
ATLACO LLC,1,0,0,0,0,0,0,0,0,0
AUTO PRIDE SELF STORAGE INC,1,1,1,0,0,0,0,1,0,1
AUTOMAX LLC,1,1,0,0,0,0,0,0,1,0
BAIRD CONTRACTING INC,1,0,0,0,0,0,0,0,0,0
BALFOUR BEATTY CONSTRUCTION,1,0,0,0,0,0,0,0,0,0
BARRY D CAMPBELL,1,1,1,0,0,0,0,1,0,1
BAYER PROPERTIES LLC,1,0,0,0,0,0,0,0,0,0
BAYSHORE CONSTRUCTION CO INC,1,1,1,0,1,1,1,1,1,0
BEADLE LANE LLC,1,1,1,0,0,0,0,1,1,0
BEARD FAMILY PROPERTIES LP,1,1,0,0,0,0,0,0,0,0
BEN B GORDY CONSTRUCTION,1,1,0,0,0,0,0,0,1,0
BENJAMIN DEVANE,1,1,1,0,0,0,0,1,0,1
BENJAMINS LANDING LIMITED PARTNERSHIP,1,1,1,0,0,0,0,1,0,1
BEVERLY SPENCER,1,1,1,0,0,0,1,1,0,1
BILL ELMORE,1,1,1,1,0,1,0,1,0,1
BILL HEAD,1,1,1,0,0,0,0,1,0,1
BIRDSONG PEANUTS MCCULLOUGH LOCATION,1,1,1,0,0,0,0,1,0,1
BISHOP ROW,1,1,1,0,0,0,0,1,0,1
BLACKJACK HORTICULTURE,1,0,0,0,0,0,0,0,0,0
BLACKWATER LAND HOLDINGS LLC,1,1,1,0,0,0,0,1,0,1
BLACKWATER MANAGEMENT GROUP LLC,1,1,1,1,0,0,1,1,0,1
BLAIR BLOCK LLC,1,1,1,0,0,0,0,1,0,1
BLATTNER ENERGY INC,1,1,1,1,0,0,1,0,0,1
BLUE BELL CREAMERIES LP,1,1,1,0,0,0,0,1,0,1
BLUELINE RENTALS,1,1,1,0,0,0,0,1,0,1
BLUSCOPE BUILDINGS NORTH AMERICA INC,1,1,1,0,0,0,0,1,0,1
BO ATHENS LLC,1,0,0,0,0,0,0,0,0,0
BOBBY R CANNON,1,1,1,0,0,0,0,1,0,1
BOJANGLES RESTAURANTS HWY 431,1,1,1,1,0,0,0,1,1,0
BOOTH ENTERPRISES INC,1,1,1,0,0,0,0,1,0,1
BORDERLINE CONSTRUCTION COMPANY,1,0,0,0,0,0,0,0,0,0
BOYD CONSTRUCTION,1,1,1,0,0,0,0,1,0,1
BRIAN PRICE,1,0,0,0,0,0,0,0,0,0
BRIARWOOD CHRISTIAN SCHOOLS,1,0,0,0,0,0,0,0,0,0
BRILLIANT TOWN OF,1,1,1,0,0,0,0,1,0,1
BRISTLECONE LLC,1,0,0,0,0,0,0,0,0,0
BROWN TRUCKING INC,1,1,1,1,1,0,1,1,1,0
BRYAN AND KAREN ROMINE,1,0,0,0,0,0,0,0,0,0
BT GARDENDALE ASSOCIATES LLC,1,0,0,0,0,0,0,0,0,0
BUCO BUILDING CONTRACTORS INC,1,1,1,0,0,0,1,1,1,0
BUDDYS SAND AND GRAVEL INC,1,0,0,0,0,0,0,0,0,0
BUENA VISTA MEXICAN RESTAURANT,1,1,1,0,0,0,0,1,1,0
BUFFALO MARINE SERV 14 BAROID YD,1,1,1,0,0,0,0,1,0,1
BUILDERS GROUP OF WEST ALABAMA,1,1,0,0,0,0,0,0,0,0
BUILDING CHURCH THE,1,1,1,0,0,0,0,1,0,1
BURTON BUILDERS SUGAR TOWN MINE,1,1,1,0,0,0,0,1,0,1
C AND E SUPPLY LLC,1,0,0,0,0,0,0,0,0,0
C AND G PROPERTIES LLC,1,1,1,0,0,0,0,1,1,0
C AND H CONSTRUCTION SERVICES LLC,1,1,1,0,0,0,0,1,0,1
CABELAS WHOLESALE INC,1,1,1,0,0,0,0,1,0,1
CADENCE BANK,1,1,1,0,0,0,0,1,0,1
CAGLE AND LUSTER CONSTRUCTION INC,1,0,0,0,0,0,0,0,0,0
CAMPUS CREST DEVELOPMENT,1,1,0,0,0,0,0,0,0,0
CANAAN MISSIONARY BAPTIST CHURCH,1,1,1,0,0,0,0,1,0,1
CAR WASH EXPRESS 4 INC,1,1,1,0,0,0,0,1,0,1
CARBO CERAMICS INC,1,1,1,0,1,0,1,0,1,0
CARLTON INVESTMENTS,1,1,1,0,0,0,1,0,0,1
CARLTON INVESTMENTS INC,1,1,1,0,0,0,0,1,0,1
CAROLYN P ROGERS,1,1,1,0,0,0,0,1,0,1
CARSENN CONSTRUCTION COMPANY INC,1,1,1,0,0,1,1,0,1,0
CARTERS CONTRACTING SERVICES INC,1,0,0,0,0,0,0,0,0,0
CDI DEVELOPMENT SERVICES LLC,1,0,0,0,0,0,0,0,0,0
CGP WOODSQUARE LLC,1,1,1,0,0,0,0,1,0,1
CH HIGHLAND LLC,1,0,0,0,0,0,0,0,0,0
CHANDLER HOLDINGS LLC,1,1,1,0,0,0,0,1,1,0
CHAPEL LAKES TWO LLC,1,1,1,0,0,0,0,1,0,1
CHARLES RENFROE,1,1,1,0,0,0,0,1,0,1
CHARLIE MAROON,1,0,0,0,0,0,0,0,0,0
CHARTER LANDING INC,1,0,0,0,0,0,0,0,0,0
CHASE PARK CHURCH OF CHRIST,1,1,1,0,0,0,0,1,0,1
CLARK OIL CO INC,1,1,1,0,0,0,0,1,1,0
CLARK THEATRES INC,1,1,1,0,0,0,0,1,0,1
CLAYTON GROUP INC THE,1,1,1,0,0,0,0,1,0,1
CLAYTON PROPERTIES INC,1,1,1,1,1,0,0,1,1,0
CLINTMISS LLC,1,1,1,0,0,0,0,1,0,1
COBBLESTONE VILLAGE APARTMENTS LTD,1,0,0,0,0,0,0,0,0,0
COLLEGE HILL BAPTIST CHURCH,1,1,1,0,0,0,0,1,0,1
COLONNADE AT EASTERN SHORE LLC,1,1,1,1,1,0,1,1,1,0
COLUMBUS FENCE COMPANY LLC,1,0,0,0,0,0,0,0,0,0
COMMUNITY BANK COAST,1,1,1,0,0,0,0,1,0,1
CONCORD ELEMENTARY SCHOOL,1,1,1,1,1,1,1,1,0,1
CONSOLIDATED REAL ESTATE HOLDINGS INC,1,1,1,0,0,0,0,1,0,1
CORNERSTONE COMMUNITIES LLC,1,1,0,0,0,0,0,0,1,0
COUNTY LINE RD AND I565 SANITARY SEWER,1,0,0,0,0,0,0,0,0,0
CP 12 AL INC,1,0,0,0,0,0,0,0,0,0
CP 16 AL LLC,1,1,1,0,0,0,0,1,0,1
CP 18 AL LLC,1,1,1,0,0,0,0,1,0,1
CP 20 AL LLC,1,1,1,0,0,0,0,1,0,1
CP 21 AL LLC,1,1,1,0,0,0,0,1,0,1
CP 7 AL INC,1,1,1,1,1,1,1,1,0,1
CP14 AL INC,1,1,1,0,0,0,0,1,0,1
CP15 AL INC,1,1,1,0,0,0,0,1,0,1
CRAIG AND LYNN FERGUSON,1,1,0,0,0,0,0,0,1,0
CUSTOM DEVELOPERS II LLC,1,1,1,0,0,0,0,1,0,1
D C OIL COMPANY INC,1,1,1,0,0,0,1,0,0,1
DAVID DOWNEY HOMES LLC,1,1,0,0,0,0,0,0,1,0
DAVID SESSIONS,1,1,1,0,0,0,0,1,0,1
DBI PROPERTIES LLC,1,1,1,0,0,0,0,1,0,1
DECLAN YEARWOOD,1,1,1,0,0,0,0,1,0,1
DEERFOOT MEMORIAL FUNERAL HOME LLC,1,0,0,0,0,0,0,0,0,0
DENNIS HARKER,1,0,0,0,0,0,0,0,0,0
DEPT OF VET AFFAIRS NAT CEMETERY ADMINISTRATION,1,1,1,0,0,0,0,1,0,1
DEVELOPMENT CONSULTING,1,1,1,0,0,0,0,1,0,1
DEWAYNE GUILEY,1,1,1,0,0,0,0,1,0,1
DILTINA DEVELOPMENT,1,1,1,0,0,0,0,1,0,1
DOLPHIN STORAGE LLC,1,1,1,0,0,0,0,1,0,1
DON SPURLIN CONSTRUCTION INC,1,1,1,0,0,0,0,1,0,1
DON WILLIAMS DEVELOPMENT INC,1,1,1,0,0,0,0,1,1,0
DOTHAN CITY OF 2014 TRANSMISSION MAIN,1,0,0,0,0,0,0,0,0,0
DOTHAN VOLKSWAGEN,1,1,0,0,0,0,0,0,1,0
DOTHANS GUN CLUB INC,1,1,1,0,0,0,0,1,1,0
DR ERIC HEMBERG,1,1,0,0,0,0,0,0,1,0
DYVIS INTERNATIONAL 1 INC,1,1,1,0,0,0,0,1,1,0
EAST ALABAMA PAVING CO INC,1,0,0,0,0,0,0,0,0,0
EBSCO INDUSTRIES INC,1,0,0,0,0,0,0,0,0,0
EDDIE SPENCER,1,1,1,0,0,0,0,1,0,1
EDGAR HUGHSTON BLDR PRESERVE,1,0,0,0,0,0,0,0,0,0
EDNA LUMBER COMPANY INC ATKINSON AND ASSOCIATES BUILDERS,1,1,1,1,1,1,1,1,1,0
EMERGENCY LIGHTING BY HAYNES,1,1,1,0,0,0,0,1,0,1
ENERGY SMART HOMES LLC,1,1,1,0,0,0,0,1,0,1
ENERSYS,1,0,0,0,0,0,0,0,0,0
ERGON ASPHALT AND EMULSIONS INC,1,1,1,0,0,0,0,1,0,1
ERIC AND MARIA REUTEBUCH,1,1,0,0,0,0,0,0,0,0
EVA ALBRITTON,1,0,0,0,0,0,0,0,0,0
F AND F CONSTRUCTION CO INC,1,0,0,0,0,0,0,0,0,0
F AND M BANK AND TRUST COMPANY,1,0,0,0,0,0,0,0,0,0
FAIRFIELD FINANCIAL LLC,1,0,0,0,0,0,0,0,0,0
FAULKNER STATE COMMUNITY COLLEGE,1,1,1,1,0,0,0,1,0,1
FAYETTE COUNTY COMMISSION,1,0,0,0,0,0,0,0,0,0
FIRETHORNE DEVELOPMENT LLC,1,1,1,1,1,0,1,1,0,1
FLAGSTONE DEVELOPMENT,1,1,0,0,0,0,0,0,1,0
FOLEY PROPERTY INVESTMENTS LLC,1,1,1,1,0,0,1,1,1,0
FORSYTHE AND LONG ENGINEERING INC,1,1,1,0,0,0,0,1,0,1
FORTY THREE INVESTMENTS LLC,1,1,1,1,0,0,1,1,1,0
GAMBRO RENAL PRODUCTS INC,1,1,0,0,0,0,0,0,0,0
GARDENDALE NEW CASTLE DG LLC,1,0,0,0,0,0,0,0,0,0
GARNER AUTO SALES,1,1,1,0,0,0,0,1,0,1
GARY WALKER,1,0,0,0,0,0,0,0,0,0
GAVEL DOWN INVESTMENTS LLC,1,1,1,0,0,0,0,1,0,1
GBT REALTY,1,1,0,0,0,0,0,0,0,0
GEORGE OSBORNE,1,1,1,0,0,0,0,1,1,0
GILS AUTO SALES INC,1,1,0,0,0,0,0,0,1,0
GLM MIDFIELD LLC,1,0,0,0,0,0,0,0,0,0
GOLDEN CORRAL CORP,1,1,1,0,0,0,0,1,0,1
GOOD HOPE CONTRACTING CO INC,1,1,1,0,0,0,0,1,0,1
GRAND RESERVE AT PELHAM LLC THE,1,0,0,0,0,0,0,0,0,0
GRAND RIVER CLINIC PARTNERS LLC,1,0,0,0,0,0,0,0,0,0
GREENS AT AUBURN ALP THE,1,1,1,0,0,0,1,0,1,0
GROOMS ALUMINUM PROCESSING LLC,1,1,1,0,0,0,0,1,0,1
GULF EQUIPMENT CORP,1,0,0,0,0,0,0,0,0,0
GULF STATE PIPELINE COMPANY LP,1,0,0,0,0,0,0,0,0,0
GULF STATES CONFERENCE ASSOCIATION OF SEVENTH DAY ADVENTISTS INC,1,1,0,0,0,0,0,0,0,0
GUNTERSVILLE ELECTRIC BOARD CITY OF,1,1,1,0,0,0,0,1,0,1
GURGANUS AND SONS,1,0,0,0,0,0,0,0,0,0
H AND N CONSTRUCTION,1,1,0,0,0,0,0,0,1,0
HACKLEBURG GROCERY STORE,1,1,1,1,0,0,0,0,1,0
HALLMARK BUILDERS,1,1,0,0,0,0,0,0,0,0
HANA CAPITAL INVESTMENTS LLC,1,1,0,0,0,0,0,0,0,0
HANTAL ALABAMA CORPORATION,1,0,0,0,0,0,0,0,0,0
HARDIN GRACE INVESTMENTS LLC,1,1,1,0,0,0,0,1,0,1
HAROLD HALE,1,1,0,0,0,0,0,0,0,0
HARRISON CONST CO LAMOREAUX SITE DEMO,1,0,0,0,0,0,0,0,0,0
HASTINGS FARMS LLC,1,0,0,0,0,0,0,0,0,0
HCP GLADSTONE LLC,1,0,0,0,0,0,0,0,0,0
HCP PUMPS OF AMERICA INC,1,1,1,1,0,0,1,1,0,1
HERITAGE BAG COMPANY,1,0,0,0,0,0,0,0,0,0
HHV LLC,1,1,1,0,0,0,0,1,0,1
HIGH TIDE INVESTMENT GROUP LLC,1,1,1,0,0,0,0,1,0,1
HIGHSTREET LLC,1,1,1,1,0,0,1,0,1,0
HIGHWAY 54 ACRES,1,0,0,0,0,0,0,0,0,0
HILL THREE LLC,1,1,0,0,0,0,0,0,0,0
HOME BUILDERS ASSOCIATION OF ALABAMA,1,0,0,0,0,0,0,0,0,0
HORIZON CONSTRUCTION COMPANY,1,1,1,1,1,1,1,1,0,1
HUB CITY HOLDINGS LLC,1,1,1,1,0,1,0,1,0,1
HUDMAN CONSTRUCTION,1,0,0,0,0,0,0,0,0,0
HUGHSTON CLINIC DOTHAN,1,1,0,0,0,0,0,0,0,0
HUMMINGBIRD LANDING LP,1,1,1,1,1,0,1,1,1,0
INNOVATIVE PLASTICS INC,1,1,1,0,0,0,1,1,0,1
INTEGRITY CABINETS LLC,1,0,0,0,0,0,0,0,0,0
INTERSTATE PROPERTIES LLC,1,1,0,0,0,0,0,0,1,0
J B HOOVER NORTHERN TOOL AND EQUIPMENT IV LLC,1,1,1,0,0,0,0,1,0,1
JACKIE LOONEY,1,0,0,0,0,0,0,0,0,0
JAMES E BOTKIN,1,1,1,0,0,0,0,1,0,1
JAMES ELLIS,1,1,1,1,0,1,1,1,1,0
JAMES H LONG,1,1,1,0,0,0,0,1,0,1
JASON FORBUS FORWOOD INVESTMENTS LLC,1,0,0,0,0,0,0,0,0,0
JASON STIDHAM SALES INC,1,1,1,0,0,0,0,1,0,1
JASPER FIRST CHURCH OF THE NAZARENE,1,1,1,0,0,0,0,1,0,1
JEFF COPELAND BUILDERS INC,1,1,1,0,0,0,1,1,0,1
JEFF RD RESIDENTIAL DEVELOPMENT,1,1,1,0,0,0,0,1,0,1
JERRY KELLY,1,1,1,0,0,1,1,1,1,0
JIM HENDERSON,1,1,0,0,0,0,0,0,1,0
JJ AND M PROPERTIES LLC,1,1,1,1,0,0,1,1,1,0
JOAH METALS AND STEEL SUPPLY CORPORATION,1,1,1,0,1,0,1,0,1,0
JOE KEENUM EXCAVATION AND CONSTRUCTION INC,1,0,0,0,0,0,0,0,0,0
JOHN LITTLETON,1,1,1,1,0,0,1,0,0,1
JOSEPH D DICK,1,1,0,0,0,0,0,0,1,0
JVL LABORATORIES INC,1,1,1,0,0,0,0,1,0,1
JX NIPPON OIL AND ENERGY USA INC,1,0,0,0,0,0,0,0,0,0
KADCO LLC,1,1,1,0,0,0,1,1,1,0
KAIVEL INC,1,1,1,0,0,0,0,1,0,1
KEN BETTINI,1,1,1,0,0,0,1,1,0,1
KENNELAND LLC,1,1,1,1,0,0,1,0,1,0
KESSLER COMPANIES THE,1,1,1,0,0,0,0,1,1,0
KEVIN CORUM,1,1,1,0,0,0,0,1,0,1
KINDER MORGAN INC,1,0,0,0,0,0,0,0,0,0
KOUL PROPERTIES INC,1,0,0,0,0,0,0,0,0,0
KROGER COMPANY THE,1,1,0,0,0,0,0,0,0,0
L G DOTHAN LLC,1,1,1,0,0,0,0,1,0,1
LARRY IRBY,1,1,1,0,0,0,0,1,0,1
LAUDERDALE CHRISTIAN NURSING HOME,1,1,1,0,0,0,0,1,0,1
LEESBURG TOWN OF,1,0,0,0,0,0,0,0,0,0
LEIGHTON BAPTIST CHURCH,1,1,1,1,0,0,1,1,0,1
LEND LEASE,1,0,0,0,0,0,0,0,0,0
LEO A KAMEL,1,1,1,1,1,1,0,0,1,0
LEONARD L RITTER EARTHWORK,1,0,0,0,0,0,0,0,0,0
LETICIA MAGALLANES GONZALEX,1,1,1,0,1,0,0,1,1,0
LIBERTY BANK INC,1,1,1,0,0,0,0,1,0,1
LILLIAN VOLUNTEER FIRE DEPARTMENT INC,1,1,1,1,0,0,0,1,0,1
LIMBAUGH TOYOTA INC,1,1,1,1,0,0,0,0,0,1
LIMESTONE CREEK DEVELOPERS LLC,1,1,1,0,0,0,0,1,0,1
LINCOLNSHIRE AT SPANN FARM LLC,1,1,1,0,0,0,0,1,0,1
LOCKARD MOBILE HOLDINGS LLC,1,1,0,0,0,0,0,0,1,0
LOGOS BAPTIST CHURCH INC,1,1,0,0,0,0,0,0,0,0
MALUFF FAMILY PROPERTIES,1,1,1,0,0,0,0,1,0,1
MARLON WATERS,1,1,1,0,0,0,0,1,1,0
MARSH BRIDGES LLC,1,1,1,1,1,1,1,1,1,0
MARSHALL AND ASSOCIATES,1,0,0,0,0,0,0,0,0,0
MARTINDALE PROPERTIES LLC,1,1,1,0,1,1,1,0,1,0
MCCRANEY FARMS LLC,1,0,0,0,0,0,0,0,0,0
MCGILL CROSSING ESTATES,1,1,1,1,0,0,1,1,1,0
MCKENZIE VILLAGE LLC,1,1,1,1,1,1,1,1,0,1
MED HELP 280,1,0,0,0,0,0,0,0,0,0
MEDICAL WEST,1,1,1,1,1,0,1,1,1,0
METRO MINI STORAGE,1,0,0,0,0,0,0,0,0,0
MICHAEL CHAMBLESS,1,1,1,0,1,0,0,1,0,1
MICHAEL MILAM,1,1,1,1,0,0,1,1,0,1
MIDLAND VALLEYDALE LLC,1,1,1,0,0,0,0,1,0,1
MILLARD MARITIME LLC,1,1,0,0,0,0,0,0,0,0
MILO HAMBURGERS,1,1,1,0,0,0,0,1,0,1
MMPM INC,1,1,1,0,0,0,0,1,0,1
MOBILE HERTZ,1,1,0,0,0,0,0,0,0,0
MOSS ROCK BUILDING COMPANY INC,1,0,0,0,0,0,0,0,0,0
NEAL DEPIANO,1,1,1,1,0,0,1,0,0,1
NEAP LLC,1,1,1,0,0,0,0,1,0,1
NEAREN CONSTRUCTION CO INC,1,0,0,0,0,0,0,0,0,0
NEW VISION HOMEBUILDERS LLC,1,1,0,0,0,0,0,0,0,0
NHS MANAGEMENT LLC,1,1,1,0,1,0,0,1,1,0
NJK LLC,1,0,0,0,0,0,0,0,0,0
NORTH FLORIDA WOODLANDS,1,0,0,0,0,0,0,0,0,0
NORTHSTAR ENGINEERING SERVICES INC,1,1,1,0,0,0,0,1,0,1
NUWAY PROPERTIES LLC,1,1,0,0,0,0,0,0,0,0
OAK MOUNTAIN FUNERAL HOME LLC,1,1,1,0,0,0,0,1,0,1
OCA LLC,1,1,0,0,0,0,0,0,0,0
OKS INVESTMENTS LLC,1,1,0,0,0,0,0,0,0,0
ORANGE BEACH RV INVESTMENTS,1,0,0,0,0,0,0,0,0,0
ORANGE HILL MUSCLE SHOALS LLC,1,1,1,0,0,0,0,1,0,1
P R KAKANI,1,0,0,0,0,0,0,0,0,0
PALMER CAR COMPANIES INC,1,1,1,0,0,0,0,1,0,1
PAPPAS RESTAURANTS INC,1,0,0,0,0,0,0,0,0,0
PARA PAVILION SITE,1,1,1,1,0,0,1,1,1,0
PARKSIDE RESIDENCES LLC,1,0,0,0,0,0,0,0,0,0
PARNELL INC,1,1,1,1,0,0,1,0,0,1
PARRS INC,1,1,1,0,0,0,0,1,0,1
PATMOS INVESTMENTS LLC,1,1,1,0,0,0,1,1,0,1
PAUL PRICKETT,1,1,1,1,0,0,0,1,1,0
PB PRATTVILLE LLC,1,1,1,0,1,0,0,0,0,1
PENTECOSTALS OF PHENIX CITY THE,1,1,1,0,0,0,0,1,0,1
PEOPLES SOUTH BANK,1,1,1,0,0,0,0,1,1,0
PF MOON AND COMPANY INC,1,0,0,0,0,0,0,0,0,0
PLG INVESTMENTS LLC,1,1,1,0,0,0,0,1,0,1
PORTER ROAD AND WOODS COVER ROAD,1,1,1,0,0,0,0,1,0,1
POUNDERS AND ASSOCIATES INC,1,1,1,0,0,0,0,1,0,1
PR CONTRACTORS LLC,1,1,0,0,0,0,0,0,1,0
PRATTVILLE CLINIC PARTNERS LLC,1,0,0,0,0,0,0,0,0,0
PREMIER DEVELOPMENT PARTNERS LLC,1,1,1,0,1,0,1,0,1,0
PRESTIGIOUS HOMES,1,1,1,0,0,0,0,1,0,1
PRICHARD CITY OF,1,1,1,0,0,0,0,1,0,1
PROJECT BUILDERS APPLEBEES CHELSEA,1,0,0,0,0,0,0,0,0,0
PUBLIX MARKET PLACE,1,1,1,0,0,0,0,1,0,1
RACO AL LLC,1,1,1,1,1,1,0,1,0,1
RAM AUBURN HOSPITALITY LLC,1,0,0,0,0,0,0,0,0,0
RCP MERCHANTS WALK LLC,1,1,1,0,0,0,0,1,1,0
RED MOUNTAIN PARK,1,1,1,0,0,0,0,1,0,1
REDSTONE HOSPITALITY LLC,1,0,0,0,0,0,0,0,0,0
REGIONS FINANCIAL CORPORATION,1,1,1,0,0,0,0,1,0,1
RENAL REAL ESTATE OF ANNISTON LLC,1,1,0,0,0,0,0,0,0,0
RESERVE AT SPRING CREEK THE,1,1,1,0,0,0,0,1,0,1
RESUB LOT 1 BROWNS MEADOW,1,1,1,0,0,0,0,1,1,0
RICHARD DAIGNEAULT,1,1,1,0,0,1,1,0,1,0
RICHARD MINI STORAGE LLC,1,0,0,0,0,0,0,0,0,0
RIVER CITY DEVELOPMENT LLC,1,1,1,1,0,0,0,1,0,1
RIVERS LANDING SUBDIVISION,1,1,1,0,0,0,0,1,1,0
ROBERSON EXCAVATION INC,1,1,0,0,0,0,0,0,0,0
ROBERT B BARRETT,1,1,0,0,0,0,0,0,0,0
ROBINS AND MORTON GENERAL CONSTRACTORS,1,0,0,0,0,0,0,0,0,0
RODNEY WHITTEN,1,0,0,0,0,0,0,0,0,0
ROGER SANFORD,1,1,0,0,0,0,0,0,1,0
ROSA GARDENS LLP,1,1,1,0,0,0,1,1,0,1
ROSS BARNETT,1,1,1,0,0,0,0,1,0,1
S AND J CONSTRUCTION,1,1,0,0,0,0,0,0,1,0
S AND S DISCOUNT TIRE INC,1,1,0,0,0,0,0,0,1,0
SAM BOSWELL MOTORS INC,1,1,1,0,0,0,0,1,0,1
SANDRA DAVIS,1,1,0,0,0,0,0,0,1,0
SANT MAHANT LLC,1,1,1,0,0,0,0,1,0,1
SAVOY PROPERTIES INC,1,1,0,0,0,0,0,0,0,0
SCIENCE AND ENGINEERING SERVICES LLC,1,1,1,0,0,0,0,1,0,1
SCOTT ODEN,1,1,1,0,0,0,0,1,1,0
SCOTTSBORO WATER SEWER AND GAS BOARD,1,1,1,0,0,0,0,1,0,1
SCOTTSBORO WATER SEWER SND GAS BOARD,1,1,1,0,0,0,0,1,0,1
SEARCY FUNERAL HOME INC,1,1,0,0,0,0,0,0,1,0
SEOHAN AUTO USA INC,1,0,0,0,0,0,0,0,0,0
SESIN ENGINEERING LLC,1,1,1,1,0,1,1,1,1,0
SHADOW MOUNTAIN DEVELOPMENT LLC,1,1,1,0,0,0,0,1,0,1
SHEFFIELD HOUSING AUTHORITY,1,1,1,0,0,0,0,1,0,1
SHERI WHITE,1,1,0,0,0,0,0,0,1,0
SHOALS EXTRUSION,1,1,1,0,0,0,0,1,0,1
SHREE SHAYONA LLC,1,1,1,0,0,0,1,1,0,1
SKIPPERS GENERAL CONTRACTORS INC,1,1,1,0,1,1,1,1,0,1
SNEAD AGRICULTURAL SUPPLY AND SERVICES INC,1,1,1,0,0,0,0,1,0,1
SOBCON CONCRETE INC,1,0,0,0,0,0,0,0,0,0
SOUTHEASTERN SEALOCATING INC,1,0,0,0,0,0,0,0,0,0
SOUTHLAND HAULERS,1,1,1,0,0,0,0,1,0,1
SPANN FAM DENTISTRY WILL WHITE,1,1,1,0,0,0,0,1,0,1
SPRINGFIELD INVESTMENTS LLC,1,1,1,0,0,0,0,1,0,1
ST BUNN CONSTRUCTION CO INC,1,1,1,1,0,0,1,1,0,1
ST THERESA CATHOLIC CHURCH,1,1,1,0,0,0,0,1,0,1
STAR AVIATION,1,1,0,0,0,0,0,0,0,0
STERLING OPERATIONS INC,1,1,1,0,0,0,0,1,0,1
STEVE LAWRENCE,1,0,0,0,0,0,0,0,0,0
STEVEN L WALLS,1,1,1,0,0,0,0,1,0,1
STEVENS PROPERTIES LLC,1,1,0,0,0,0,0,0,1,0
STEWART PERRY CO INC THE,1,1,0,0,0,0,0,0,0,0
STILLWATER HOLDINGS 2014 INC,1,1,1,1,0,1,0,1,1,0
STIVERS CHRYSLER DODGE JEEP RAM,1,1,0,0,0,0,0,0,0,0
STORM RESISTANT SYSTEMS LLC,1,1,0,0,0,0,0,0,0,0
SUMMERFORD TRUCK LINES INC,1,1,1,0,0,0,0,1,0,1
SUPREME LOVE MISSIONARY BAPTIST CHURCH,1,1,1,0,0,0,0,1,0,1
T AND G PROPERTIES LLC,1,1,1,0,0,0,0,1,0,1
T MOBILE USA INC,1,1,1,1,1,0,1,0,1,0
TACALA GEORGIA CORP,1,1,1,1,0,0,0,1,1,0
TAMMY EATON,1,1,1,0,0,0,0,1,1,0
TAMMY REGEVIG,1,0,0,0,0,0,0,0,0,0
TBG CLARKSTON LLC,1,1,0,0,0,0,0,0,0,0
TCI ARCHITECTS ENGINEERS CONTRACTOR INC,1,0,0,0,0,0,0,0,0,0
TCW DEVELOPMENT LLC,1,0,0,0,0,0,0,0,0,0
TED WILSON,1,1,1,0,0,0,0,1,0,1
TERRA OPELIKA LLC,1,1,0,0,0,0,0,0,0,0
THERMO KING INC,1,1,0,0,0,0,0,0,0,0
THREE PREET INC,1,1,1,0,0,0,0,1,0,1
TICE CONSTRUCTION INC,1,1,1,0,0,0,1,1,1,0
TIM RAY,1,1,1,0,0,0,0,1,0,1
TK LLC,1,0,0,0,0,0,0,0,0,0
TODD PALMER,1,1,1,1,0,0,1,1,1,0
TONY CALLAWAY,1,0,0,0,0,0,0,0,0,0
TRADITIONS BANK CULLMAN ALABAMA LLC,1,1,1,0,0,0,0,1,0,1
TRIAD PROPERTIES CORPORATION,1,1,1,0,0,0,0,1,0,1
TRICE CONSTRUCTION INC,1,1,1,0,0,0,0,1,0,1
TRUMAN HOMES LLC,1,1,1,0,0,0,0,1,0,1
UNDERWOOD BAPTIST CHURCH,1,1,1,0,0,0,0,1,0,1
UNITED CONSULTING LTD,1,0,0,0,0,0,0,0,0,0
UNIVERSAL DEVELOPMENT CORPORATION,1,1,1,1,0,0,0,0,1,0
US POWER SYSTEMS GROUP,1,1,1,0,0,0,0,1,0,1
VANDIVER CHURCH OF GOD,1,1,1,1,0,1,1,0,1,0
VEC VALLEY ELECTRIC INC,1,0,0,0,0,0,0,0,0,0
VESTAVIA INVESTMENT PARTNERS LLC,1,0,0,0,0,0,0,0,0,0
VETA CHRISTY,1,0,0,0,0,0,0,0,0,0
VIASANT LLC FRMR RED DIAMOND COAL MINE MSW SITE,1,0,0,0,0,0,0,0,0,0
VILLAGE AT HIGHLAND LAKES LLC,1,1,1,1,1,0,1,1,0,1
WARRIOR RANCH FIREARMS TRAINING CENTER,1,1,1,0,0,0,1,1,0,1
WEST BLOUNT PARK BOARD,1,1,1,0,0,0,0,1,1,0
WILLIAMS GAS PIPLINE CO LLC,1,0,0,0,0,0,0,0,0,0
WINDWOOD JASPER HOTEL LLC,1,1,1,1,0,0,1,1,1,0
WMJSHR INVESTMENT LLC,1,1,1,0,0,0,1,1,0,1
WOODLAWN REDEVELOPMENT I LP,1,0,0,0,0,0,0,0,0,0
WRIGHT BROTHERS CONSTRUCTION CO INC,1,1,1,0,0,0,1,1,0,1
YELLOW CREEK VOLUNTEER FIRE DEPARTMENT INC,1,0,0,0,0,0,0,0,0,0
ZEBS LLC,1,1,0,0,0,0,0,0,0,0
ZILKHA BIOMASS SELMA LLC,1,0,0,0,0,0,0,0,0,0
2371 PLANTATION PLACE,1,1,1,0,0,0,0,1,1,0
3 G CONSTRUCTION LLC,1,1,1,0,0,0,0,1,1,0
3D BOOTHANDLE SIX LL,1,1,0,0,0,0,0,0,0,0
3D BOOTHHANDLE SIX LLC,1,1,1,1,1,1,1,0,0,1
3D HOMESCAPES LLC,1,1,0,0,0,0,0,0,1,0
A G GASTON CONSTRUCTION INC,1,1,1,0,0,0,0,1,0,1
ADVANCED DENTAL COMFORT,1,1,1,0,0,0,0,1,0,1
AIRPORT IND PK INFRASTRUCTURE PROJ,1,1,1,1,0,0,1,1,0,1
ALABAMA SOUTHERN RAILROAD LLC,1,0,0,0,0,0,0,0,0,0
ALAN WHITSETT,1,1,1,1,0,0,1,1,1,0
ALBERTVILLE NEW RETAIL STORE,1,1,1,0,0,0,0,1,0,1
ALDI FOODS INC,1,1,1,0,0,0,1,1,0,1
ALEXANDER VILLAGE APARTMENTS LTD,1,1,1,0,0,0,0,1,1,0
ALIANT BANK MILL CREEK,1,0,0,0,0,0,0,0,0,0
ALJOUNY INVESTMENTS LLC,1,0,0,0,0,0,0,0,0,0
ALL CRANE RENTAL OF ALABAMA LLC,1,1,0,0,0,0,0,0,0,0
AMELIA LAKES PARTNERS LLC,1,1,0,0,0,0,0,0,0,0
AMEREX CORPORATION,1,0,0,0,0,0,0,0,0,0
ANTONIO PERSON,1,1,1,0,0,0,0,1,1,0
ARBOURS AT PIERCE CREEK LLC,1,1,1,0,0,0,0,1,1,0
ARGO BUILDING INC,1,0,0,0,0,0,0,0,0,0
ARLINGTON RENTALS INC,1,0,0,0,0,0,0,0,0,0
ASAHI KASEI PLASTICS NORTH AMERICA,1,1,0,0,0,0,0,0,0,0
ASI CONSTRUCTORS INC,1,1,0,0,0,0,0,0,0,0
ASPEN DENTAL MANAGEMENT INC,1,0,0,0,0,0,0,0,0,0
AU PEBBLE HILL BLDG RENOV AND NEW ADD,1,0,0,0,0,0,0,0,0,0
AUTAUGA CO ENGINEERING DEPT,1,1,0,0,0,0,0,0,1,0
BACAR CONSTRUCTORS INC,1,1,1,0,0,0,1,1,1,0
BAILEY HARRIS CONSTRUCTION COMPANY,1,1,0,0,0,0,0,0,0,0
BAIRD CONTRACTING COMPANY,1,1,0,0,0,0,0,0,1,0
BARBOUR COUNTY COMMISSION,1,0,0,0,0,0,0,0,0,0
BARON PROPERTIES LLC,1,1,1,1,1,0,1,1,1,0
BARRY MONROEVILLE EVERGREEN 115KV,1,0,0,0,0,0,0,0,0,0
BASF CORPORATION,1,1,0,0,0,0,0,0,0,0
BAY SHORE OIL,1,1,1,0,0,0,0,1,0,1
BEAR CREEK TOWN OF,1,1,1,0,0,0,0,1,0,1
BEBOS,1,1,1,0,0,0,0,1,0,1
BELFOREST POINT,1,1,1,1,0,0,0,1,0,1
BELL CONT RIVER OAKS LOT 55,1,1,0,0,0,0,0,0,0,0
BELL GROVE ESTATES INC,1,1,1,1,0,0,0,1,0,1
BHATE ENGINEERING CORPORTATION,1,0,0,0,0,0,0,0,0,0
BILL PRATHER,1,0,0,0,0,0,0,0,0,0
BILLY RAY BOYD,1,1,1,0,0,0,1,1,0,1
BIRMINGHAM ENGINEERING AND CONSTRUCTION CONSULTANTS,1,0,0,0,0,0,0,0,0,0
BIRMINGHAM NO BELTLINE STA 1845 TO 1920,1,0,0,0,0,0,0,0,0,0
BIRMINGHAM PARKING AUTHORITY CITY OF,1,0,0,0,0,0,0,0,0,0
BLUE CREEK DEVELOPMENT INC,1,1,0,0,0,0,0,0,1,0
BLUE LAKES LLC,1,0,0,0,0,0,0,0,0,0
BLUE RIDGE NEW RETAIL STORE,1,1,1,0,0,0,0,1,0,1
BOLT CONSTRUCTION,1,0,0,0,0,0,0,0,0,0
BOMOSADA BHM CONSTRUCTION LLC,1,0,0,0,0,0,0,0,0,0
BPG QSR LLC,1,1,1,0,0,0,0,1,0,1
BR 549 LLC,1,1,1,1,0,1,0,1,1,0
BRAND REAL ESTATE LLC,1,0,0,0,0,0,0,0,0,0
BRECON CIRCLE SANITARY SEWER RELOCATION,1,0,0,0,0,0,0,0,0,0
BRISTOL CLAIRMONT PARTNERS LLC,1,1,1,0,0,0,0,1,0,1
BROOKDALE PROPERTIES LLC,1,1,0,0,0,0,0,0,0,0
BROOKWOOD FED HOAR CONST,1,0,0,0,0,0,0,0,0,0
BRYAN PHARMACY INC,1,1,0,0,0,0,0,0,1,0
BUILDING AND EARTH SCIENCES INC,1,0,0,0,0,0,0,0,0,0
BUTCH WELCH CONSTRUCTION CO INC,1,1,1,0,0,0,0,1,0,1
C AND R FEED AND SEED,1,1,1,0,0,0,0,1,0,1
C S ENGINEERING INC,1,1,1,0,0,0,0,1,0,1
CAHABA PARK PRESBYTERIAN CHURCH,1,0,0,0,0,0,0,0,0,0
CAHABA TIMBER CO INC,1,0,0,0,0,0,0,0,0,0
CALEB FULLER,1,0,0,0,0,0,0,0,0,0
CALGARY DEVLOPMENT LLC,1,1,1,0,0,0,1,1,1,0
CAMELLIA MET MINING LLC,1,0,0,0,0,0,0,0,0,0
CASTLEBERRY TOWN OF,1,0,0,0,0,0,0,0,0,0
CB DEVELOPERS INC,1,1,0,0,0,0,0,0,0,0
CDG ENGINEERS AND ASSOCIATES INC,1,1,1,0,0,0,0,1,0,1
CEDAR CREST DRAINAGE STRUC PROJ,1,0,0,0,0,0,0,0,0,0
CENTRAL WATER WORKS INC,1,0,0,0,0,0,0,0,0,0
CENTURY AUTOMOTIVE GROUP,1,1,1,1,0,0,0,1,0,1
CGP JASPER MF LLC,1,1,1,0,0,0,0,1,0,1
CH ACQUISITIONS LLC,1,1,0,0,0,0,0,0,1,0
CHAD AMMONS,1,1,1,1,0,1,1,1,1,0
CHARLES D HILL,1,1,0,0,0,0,0,0,1,0
CHOCTAW COUNTY BD OF EDUCATION,1,0,0,0,0,0,0,0,0,0
CHOKSI INC,1,1,1,0,0,0,0,1,0,1
CHRIST THE KING CATHOLIC CHURCH,1,1,1,1,1,0,1,1,0,1
CHUCKS MARINA INC,1,1,1,0,0,0,0,1,0,1
CHURCH AT CHELSEA WESTOVER THE,1,1,1,1,0,0,1,1,1,0
CLANTON CITY OF WATER GAS AND SEWER BD,1,0,0,0,0,0,0,0,0,0
CLAYCO CONSTRUCTION COMPANY,1,1,0,0,0,0,0,0,0,0
CLAYTON 47 INVESTMENTS LLC,1,0,0,0,0,0,0,0,0,0
CLEMENT GROUP THE,1,0,0,0,0,0,0,0,0,0
CLINTON LLC,1,1,1,0,0,0,0,1,0,1
CMD COMMUNITIES LLC,1,1,0,0,0,0,0,0,1,0
COLLEGE PARK BAPTIST CHURCH,1,1,1,0,0,1,0,1,1,0
COMM LINE INSTALL ATT PROJ 9410080,1,0,0,0,0,0,0,0,0,0
COMMERCIAL RENOVATORS INC,1,1,1,1,1,0,0,1,0,1
COMMUNICATION LINE INSTALL ATT PROJ A000BK7,1,0,0,0,0,0,0,0,0,0
COMMUNICATION LINE INSTALL PROJECT 9572693,1,0,0,0,0,0,0,0,0,0
COMPLETE TIRE AND SERVICE,1,1,1,0,0,0,0,1,0,1
COOKS MUSEUM,1,1,1,0,0,0,0,1,1,0
COOKS SAW MANUFACTURING LLC,1,1,1,0,0,0,0,1,1,0
COOSA COUNTY COMMISSION,1,0,0,0,0,0,0,0,0,0
CORAL INDUSTRIES INC,1,0,0,0,0,0,0,0,0,0
CORNERSTONE CHURCH LLC,1,1,0,0,0,0,0,0,0,0
COTTONWOOD CREEK LLC,1,1,1,0,0,1,1,0,1,0
COVENANT HOMES INC,1,0,0,0,0,0,0,0,0,0
COWART HOSPITALITY SERVICES LLC,1,1,1,1,0,0,0,1,0,1
CP 13 AL INC,1,1,1,0,0,0,0,1,0,1
CRAIG FIELDER,1,1,1,1,0,0,0,1,1,0
CRAIG HUNT,1,1,1,0,0,0,0,1,0,1
CREATIVE MONTESSORI SCHOOL,1,1,1,0,0,0,0,1,0,1
CREATIVE STRUCTURES INC,1,0,0,0,0,0,0,0,0,0
CREEKVIEW VILLAGE LTD,1,1,0,0,0,0,0,0,0,0
CROP PRODUCTION SERVICES 1513,1,0,0,0,0,0,0,0,0,0
CROSSING INVESTMENT CO LLC THE,1,1,1,0,0,0,0,1,0,1
CSFCO NEW FAB SHOP,1,1,1,0,0,0,0,1,0,1
CSX TRANSPORATION INC,1,0,0,0,0,0,0,0,0,0
CSXT TRANSPORATION INC,1,0,0,0,0,0,0,0,0,0
CULLMAN VERIZON LLC,1,0,0,0,0,0,0,0,0,0
CUMBEST PROPERTIES INC,1,1,0,0,0,0,0,0,0,0
CYPRESS ACQUISITIONS GROCERY 5062,1,0,0,0,0,0,0,0,0,0
CYPRESS TRACE,1,1,1,1,0,0,1,1,0,1
D E GENERAL LLC,1,1,0,0,0,0,0,0,0,0
D L ACTON,1,1,1,1,1,1,1,1,0,1
DAN EUTO,1,1,1,0,0,0,0,1,0,1
DANIEL BURNHAM,1,0,0,0,0,0,0,0,0,0
DAPHNE COMMERCIAL CENTER LLC,1,1,1,0,0,0,0,1,0,1
DARDEN INC,1,0,0,0,0,0,0,0,0,0
DEAN ALFORD CONSTRUCTION,1,1,1,1,1,1,1,1,0,1
DENBURY ONSHORE LLC,1,0,0,0,0,0,0,0,0,0
DERRICK RAGLAND,1,1,1,0,0,0,0,1,0,1
DIXIE FORKLIFT AND EQUIPMENT OF ALABAMA,1,1,1,0,0,0,0,1,0,1
DMJV LLC,1,1,1,0,0,0,0,1,0,1
DOLLAR GENERAL FOSTERS,1,0,0,0,0,0,0,0,0,0
DOTHAN GAS MAIN RELOCATION,1,0,0,0,0,0,0,0,0,0
DOTHAN WAREHOUSE LLC,1,1,1,0,0,0,0,1,0,1
DQ RESTAURANT CULLMAN,1,1,1,0,0,0,0,1,0,1
DR HORTON AT LEXINGTON,1,0,0,0,0,0,0,0,0,0
DRAKOS FAMILY PARTNERSHIP,1,1,1,0,0,0,0,1,0,1
DUCKETT HOLDINGS DUCKETT POINT,1,1,1,0,0,0,0,1,0,1
DYMAC CONTRACTING INC,1,0,0,0,0,0,0,0,0,0
E AND W REALTY LLC,1,0,0,0,0,0,0,0,0,0
EA S AND S ASSETS LLC,1,1,1,0,0,0,0,1,0,1
EASTERN SHORE ASSOCIATES LLC,1,1,1,1,1,0,0,1,0,1
EASTERN SHORE OFFICE INVESTMENTS LLC,1,1,1,1,0,1,0,1,0,1
EDDLEMAN PROPERTIES INC,1,1,1,0,0,0,0,1,0,1
EFFICIENT ENERGY OF TENNESSEE,1,1,1,0,0,0,0,1,1,0
ELKINS 2000 IRREVOCABLE GRANDCHILDREN TRUST,1,1,1,0,1,1,1,1,1,0
EMANUEL CHRISTIAN SCHOOL,1,1,0,0,0,0,0,0,0,0
EMMANUEL BAPTIST CHURCH,1,1,0,0,0,0,0,0,1,0
ENTERPRISE KIA,1,1,1,0,0,0,1,1,1,0
ERWIN MARINE PROPERTIES LLC,1,1,1,0,0,0,0,1,0,1
EVERGREEN SALES CENTER,1,1,1,1,0,0,0,1,0,1
FAMILY SAVINGS,1,1,1,0,0,0,0,1,0,1
FEDEX FREIGHT EAST INC PCA,1,1,0,0,0,0,0,0,0,0
FEDEX GROUND PACKAGE SYSTEM,1,0,0,0,0,0,0,0,0,0
FIELDSTOWN CROSSING PHASE I,1,1,1,0,0,0,0,1,0,1
FIRST BAPTIST CHURCH BAYOU LA BATRE,1,1,1,0,0,0,0,1,0,1
FIRST BAPTIST CHURCH TILLMANS CORNER,1,1,0,0,0,0,0,0,0,0
FLINT RIVER LP,1,1,1,1,0,0,0,1,1,0
FORTUNA ST CHARLES DEVELPMENT LLC,1,1,1,1,1,1,1,1,0,1
FOSHEE DESIGN AND CONSTRUCTION LLC,1,1,1,1,0,1,1,1,1,0
FOSTER RALPH FIRE PROTECTION DISTRICT,1,0,0,0,0,0,0,0,0,0
FRANCIS A BRYANT AND SONS INC,1,1,0,0,0,0,0,0,0,0
FRANK JONES F JONES REALTY,1,0,0,0,0,0,0,0,0,0
FREE LIFE WORSHIP CENTER,1,0,0,0,0,0,0,0,0,0
FROSTHOLM CONSTRUCTION,1,1,1,0,0,1,0,1,1,0
FT MCCLELLAN EXHIBIT 1,1,1,1,1,0,0,1,1,1,0
FT MCCLELLAN EXHIBIT 2,1,1,0,0,0,0,0,0,0,0
GARDEN DISTRICT INC THE,1,1,0,0,0,0,0,0,1,0
GARRARD CONSTRUCTION GROUP,1,1,0,0,0,0,0,0,0,0
GARRISON STEEL FABRICATORS INC,1,1,1,0,0,0,0,1,0,1
GATEWAY DEVELOPMENT LLC,1,1,1,1,1,1,1,1,0,1
GATEWAY GULF SHORES LLC,1,1,1,1,1,1,1,1,1,0
GEORGETOWN CONSTRUCTION LLC,1,1,1,0,0,0,0,1,0,1
GIGI AND HOUSTON LOTT,1,1,1,1,1,0,0,1,0,1
GILBERTOWN TOWN OF UTILITIES BOARD,1,0,0,0,0,0,0,0,0,0
GLASGOW CONSTRUCTION INC,1,0,0,0,0,0,0,0,0,0
GLENLAKES REALTY COMPANY LLC,1,1,1,1,1,0,1,1,0,1
GLIDEWELL SPECIALTIES FOUNDRY CO INC,1,1,1,0,0,0,1,0,0,1
GRACE POINTE LTD,1,1,0,0,0,0,0,0,1,0
GREENE PRAIRIE AQUAFARM LLC,1,0,0,0,0,0,0,0,0,0
GROCERY STORE AND GAS STATION,1,1,1,1,0,0,1,1,0,1
GSM STEEL AND MECHANICAL CONTRACTORS,1,1,1,1,1,1,1,1,1,0
GULFWAY PLAZA LLC,1,0,0,0,0,0,0,0,0,0
GUOULD CONSTRUCTION CO INC,1,1,0,0,0,0,0,0,1,0
H COUNCILL TRENHOLM STATE TECH COLLEGE,1,1,0,0,0,0,0,0,1,0
HALL TAYLOR CONSTRUCTION COMPANY,1,0,0,0,0,0,0,0,0,0
HALLS RV INC,1,1,1,0,0,0,0,1,0,1
HAMPTON INN GULF SHORES,1,1,1,1,0,0,0,1,1,0
HARMON ENGINEERING AND CONTRACTING CO INC,1,0,0,0,0,0,0,0,0,0
HARMONY HOSPITALITY LLC,1,1,0,0,0,0,0,0,0,0
HAZAMA ANDO CORPORATION,1,1,1,0,0,0,0,1,0,1
HENRY DAM GULF STATES STEEL 115KV TL,1,0,0,0,0,0,0,0,0,0
HENRY LAMBERTH,1,1,0,0,0,0,0,0,0,0
HICKS AUTO REPAIR AND SALES,1,1,1,0,0,0,0,1,0,1
HIGHLANDS AT POINT CLEAR LLC THE,1,1,1,1,0,1,0,0,0,1
HILLCREST CHURCH OF CHRIST,1,0,0,0,0,0,0,0,0,0
HILTON GARDEN INN EASTCHASE,1,1,0,0,0,0,0,0,0,0
HIM SELF STORAGE,1,1,1,0,0,0,1,1,1,0
HOLLADAY CONSTRUCTION GROUP LLC,1,0,0,0,0,0,0,0,0,0
HOUSTON JENKINS,1,0,0,0,0,0,0,0,0,0
HRC DECATUR LLC,1,1,1,0,0,0,0,1,0,1
HSC HWY 181 LLC,1,1,1,1,0,1,0,1,0,1
HUGHES FUNERAL HOME AND CREMATORY,1,1,1,1,0,0,1,1,0,1
HYDRAULIC CRANE SPECIALISTS INC,1,1,0,0,0,0,0,0,1,0
I 359 EAST INC,1,1,0,0,0,0,0,0,0,0
IMMACULATE CONCEPTION CHURCH,1,0,0,0,0,0,0,0,0,0
IMS DEVELOPMENT LLC,1,1,1,1,1,0,0,1,1,0
INTEGRITY DEVELOPMENT,1,1,1,0,0,0,0,1,1,0
IPG PHOTONICS CORP,1,1,1,1,1,1,1,1,0,1
ISAACSON FAMILY ENTERPRISES,1,1,1,0,0,0,0,1,1,0
J AND M CAPTIAL INVESTMENTS LLC,1,1,1,0,0,0,0,1,0,1
J C HOLLEY DEVELOPMENT LLC,1,1,1,0,0,0,1,0,1,0
J L DEVELOPMENT LLC,1,0,0,0,0,0,0,0,0,0
J M WILLIAMS CONTRACTORS,1,1,1,0,0,0,0,1,0,1
J R ADAMS LLC,1,0,0,0,0,0,0,0,0,0
JA LETT CONSTRUCTION CO INC AUBURN UNIVERSITY FACILITIES MANAGEMENT,1,1,0,0,0,0,0,0,0,0
JACK FAMILY RESTAURANT PRATTVILLE,1,1,1,0,0,0,0,1,0,1
JACK S FAMILY RESTAURANT NORTHPORT,1,0,0,0,0,0,0,0,0,0
JACKS FAMILY RESTAURANTS LLC,1,1,1,0,0,0,0,1,0,1
JACKSONVILLE PUB SAFETY AND JUSTICE CTR,1,1,1,1,1,1,1,0,1,0
JAMES F LITTMAN,1,1,0,0,0,0,0,0,1,0
JAMES L HOLLIS,1,0,0,0,0,0,0,0,0,0
JANET WATSON,1,0,0,0,0,0,0,0,0,0
JAY VALEZ,1,1,1,0,0,0,0,1,0,1
JDG INVESTMENTS,1,1,1,0,0,0,0,1,0,1
JEFF PARKER,1,1,1,0,0,0,0,1,0,1
JEFFERSON COUNTY SHERIFF DEPARTMENT,1,1,1,0,0,0,1,0,0,1
JERRY CHRISTOPHER BLACK,1,1,1,0,0,0,0,1,0,1
JODY JOHNSTON ESTATE,1,1,1,1,0,0,1,0,1,0
JOHN M LASSITER JR,1,1,1,1,1,0,0,1,0,1
JOHN W FRANKLIN CONSTRUCTION CO INC,1,0,0,0,0,0,0,0,0,0
JON BUTLER,1,1,1,0,0,0,0,1,0,1
JONES CONSTRUCTION INC GENERAL CONTRACTORS,1,1,0,0,0,0,0,0,0,0
JOSEPH ARRINGTON,1,1,1,1,0,1,0,0,1,0
KEITH DEVELOPMENT LLC,1,1,1,0,0,0,0,1,0,1
KELLY PITTMAN,1,1,1,0,0,0,0,1,1,0
KENNETH STEPHENS,1,1,1,1,0,0,1,0,1,0
KENSINGTON RAINBOW CITY LLC,1,0,0,0,0,0,0,0,0,0
KENT CONSOLIDATED CONSTRUCTION INC,1,1,1,0,0,0,0,1,0,1
KOCH FOODS OF ALABAMA LLC,1,1,1,0,0,0,0,1,0,1
KRISPY KREME,1,1,0,0,0,0,0,0,0,0
KRISPY KREME DOUGHNUT CORPORATION,1,1,1,0,0,0,0,1,0,1
KW PLASTICS RECYCLING DIVISION,1,1,1,1,0,0,1,1,0,1
L H WATERS,1,1,1,0,0,0,0,1,1,0
LAK INVESTMENTS LLC,1,1,1,1,0,1,1,0,0,1
LAKESHORE RIDGE LLC,1,1,1,1,1,1,1,0,1,0
LAMAR COUNTY WATER AND FIRE PROTECTION AUTHORITY INC,1,0,0,0,0,0,0,0,0,0
LANCE POPE,1,1,1,0,0,0,1,1,1,0
LARRY MORRIS PROPERTY,1,1,1,0,0,0,0,1,1,0
LAWRENCE CO ROAD DEPT CR 150,1,1,1,0,0,0,0,1,0,1
LEDGES THE,1,0,0,0,0,0,0,0,0,0
LEGACY CHAPEL HOLDINGS LLC,1,1,1,0,0,0,0,1,0,1
LENOX PARK LP,1,1,1,0,0,0,0,1,0,1
LIFE CENTER THE,1,1,1,1,0,0,0,1,0,1
LIFEWAY MINISTRIES,1,1,0,0,0,0,0,0,0,0
LINCOLN AVE SEWER REPLACEMENT,1,0,0,0,0,0,0,0,0,0
LONG LEWIS FORD OF THE SHOALS,1,1,1,0,0,0,0,1,0,1
LOS ARCOS LLC,1,1,1,0,0,0,0,1,0,1
LOT 95 THE RIDGE PHASE II,1,1,0,0,0,0,0,0,0,0
LOXLEY TRIANGLE LLC,1,1,1,0,0,0,0,1,0,1
M L HEARN COMPANY,1,1,1,0,0,0,0,1,0,1
MADISON ADVANCE LLC,1,1,1,0,0,0,0,1,0,1
MANNING PARTNERS LLC,1,0,0,0,0,0,0,0,0,0
MANSA FDL LLC,1,1,1,0,0,0,0,1,0,1
MAP ALABASTER GROC AND GAS,1,0,0,0,0,0,0,0,0,0
MAP BAILEY COVE LLC,1,1,1,0,0,0,0,1,0,1
MAP MOBILE GOVT LLC,1,1,1,0,0,0,0,1,0,1
MAP MOBILE PASCAGOULA LLC,1,1,1,0,0,0,0,1,0,1
MAPCO MOORES MILL RD,1,1,1,0,0,0,0,1,0,1
MAPLESVILLE CAPACITOR STATION RS,1,0,0,0,0,0,0,0,0,0
MARSHALL COUNTY GAS DISTRICT,1,1,1,0,0,0,0,1,0,1
MARX MANAGEMENT CO LLC,1,0,0,0,0,0,0,0,0,0
MAWSS PHASE 3 OFFICES WHITE SPUNNER,1,1,1,0,0,0,0,1,0,1
MCDONALD CONSTRUCTION,1,1,0,0,0,0,0,0,0,0
MCGEE CONSTRUCTION INC,1,1,1,0,0,0,0,1,0,1
MCGILL TOOLEN HIGH SCHOOL,1,1,0,0,0,0,0,0,0,0
MCKENZIE TOWN OF,1,1,0,0,0,0,0,0,1,0
MCVKELVEY CHEVROLET CORPORATION,1,1,1,0,0,1,1,1,1,0
METHODIST HOMES OF AL AND NW FLORIDA,1,0,0,0,0,0,0,0,0,0
MICHAEL B JOHNSON,1,1,0,0,0,0,0,0,0,0
MICHAEL SPARKS,1,1,1,1,0,0,0,1,1,0
MICHAEL STEPHEN PIERCE,1,0,0,0,0,0,0,0,0,0
MIDSOUTH PAVING GREENVILLE ASPHALT PLANT,1,1,1,1,0,1,1,0,0,1
MILES FROST POULTRY HOUSES,1,0,0,0,0,0,0,0,0,0
MILLER RAILROAD YARD PROJECT,1,1,1,0,0,0,1,0,0,1
MITCHELLS CONTRACTING SERVICES LLC,1,0,0,0,0,0,0,0,0,0
MON CRE TELEPHONE COOPERATIVE INC,1,0,0,0,0,0,0,0,0,0
MONTEVALLO PARK RESIDENTIAL COMMUNITY,1,0,0,0,0,0,0,0,0,0
MONTGOMERY EAST INC,1,1,1,0,1,0,1,0,1,0
MONTGOMERY EQUITIES LLC,1,1,1,0,0,0,0,1,0,1
MORGAN COUNTY BOARD OF EDUCATION,1,1,1,0,0,0,0,1,1,0
MOUNT OLIVE MISSIONARY BAPTIST CHURCH,1,1,0,0,0,0,0,0,1,0
MOUNTAINVIEW BAPTIST CHURCH,1,0,0,0,0,0,0,0,0,0
MRI FACILITY LLC,1,1,1,0,0,0,1,1,1,0
MRT SITE IMPROVEMENTS,1,1,0,0,0,0,0,0,0,0
MSI PREPARATION SITE,1,1,1,0,0,0,0,1,0,1
MT ZION PRIMITIVE BAPTIST CHURCH,1,0,0,0,0,0,0,0,0,0
MURPHY USA INC,1,1,1,0,0,0,0,1,1,0
MUTUAL SAVINGS CREDIT UNION,1,1,1,1,1,0,1,1,1,0
N THOMASVILLE SUNNY SOUTH 115KV,1,0,0,0,0,0,0,0,0,0
NEAL POPE S FARM,1,1,1,0,0,0,1,0,1,0
NEW GOLF FACILITY FOR TROY UNIVERSITY,1,1,1,0,1,1,0,1,0,1
NEW HOME BAPTIST CHURCH,1,1,1,0,0,0,0,1,0,1
NEW KITTY STONE ELEMENTARY SCHOOL,1,1,1,1,1,0,1,0,1,0
NEWCASTLE CONSTRUCTION,1,1,1,0,0,0,0,1,0,1
NEWELL ANDERSON,1,1,1,0,0,0,0,1,1,0
NEWELL BUSH INC,1,1,1,1,0,1,1,1,1,0
NICKI HILL PROPERTIES LLC,1,1,0,0,0,0,0,0,0,0
NICKOLAS A KLARMAN,1,1,1,1,0,0,0,1,0,1
NORTH ALABAMA DEVELOPMENT GROUP LLC,1,1,1,0,0,0,0,1,0,1
NORTH MONTGOMERY MATERIAL LLC,1,1,1,1,0,0,1,0,1,0
NORTH OF HARPER AVENUE LLC,1,1,0,0,0,0,0,0,1,0
NORTHEAST ORTHOPEDIC PROPERTIES LLC,1,1,1,0,0,0,0,1,0,1
NORTHPORT CORNERS LLC,1,1,1,0,0,0,1,1,1,0
NORVELL DOTHAN LLC,1,1,0,0,0,0,0,0,0,0
OASIS CHURCH INTERNATIONAL INC,1,1,1,0,0,0,0,1,0,1
OLYMPIA CONSTRUCTION CO INC,1,1,1,0,0,0,0,1,0,1
ON GUARD SELF STORAGE BOYD TUCKER LLC,1,1,1,0,0,0,0,1,1,0
OWENS CROSS ROADS CHURCH OF CHRIST,1,0,0,0,0,0,0,0,0,0
OXFORD FIRE STATION,1,1,1,0,1,1,1,0,1,0
OXFORD PHARMACEUTICALS LLC,1,1,1,0,0,1,1,0,0,1
OXTON COURT AT WATERFORD PLACE LLC,1,1,0,0,0,0,0,0,0,0
PARADISE PARTNERS LLC,1,0,0,0,0,0,0,0,0,0
PARKER BROTHERS CULLMAN LLC,1,1,1,0,0,0,0,1,0,1
PARKERSONS AL LLC,1,1,0,0,0,0,0,0,1,0
PAUL LOFTIN,1,1,1,1,1,1,1,1,0,1
PCH INVESTMENT LLC,1,1,0,0,0,0,0,0,0,0
PEACHTREE HOTEL GROUP LLC,1,1,0,0,0,0,0,0,1,0
PEAT RESIDENCE,1,1,0,0,0,0,0,0,1,0
PERRY HILL CROSSING LLC,1,1,0,0,0,0,0,0,1,0
PHOENIX FABRICATORS AND ERECTORS INC,1,1,1,0,0,0,1,1,0,1
PLACEMAKERS OAKLAND SPRINGS LLC,1,1,1,0,0,0,0,1,1,0
PLANA LLC,1,1,1,0,0,0,0,1,0,1
PLEASANT HILL UNITED METHODIST CHURCH,1,0,0,0,0,0,0,0,0,0
POARCH CREEK MONTOGMERY CASINO BB KINGS,1,0,0,0,0,0,0,0,0,0
POINT CLEAR HOLDINGS RESORTS AND HOTELS,1,1,1,1,0,1,1,1,0,1
POLESTAR AL PHENIX CITY CRAWFORD LLC,1,1,1,1,0,1,1,0,1,0
POLYMER INDUSTRIES,1,0,0,0,0,0,0,0,0,0
PRESTIGE DEVELOPMENT INC,1,1,1,1,0,1,0,1,0,1
PRICE CONSTRUCTION COMPANY,1,1,1,0,0,0,0,1,0,1
PROPOSED NEW OFFICE BLDG FOR D C GAS,1,1,0,0,0,0,0,0,0,0
PROVIDENCE REALTY PARTNERS LLC,1,1,1,0,0,0,0,1,0,1
PROVISION INVESTMENTS LLC,1,1,1,1,0,1,1,1,1,0
PRUETT PLACE LLC,1,1,1,0,0,0,0,1,0,1
QUALITY OF LIFE HEALTH SERVICES INC,1,1,0,0,0,0,0,0,0,0
R AND G PROPERTIES INC,1,1,1,0,0,0,0,1,1,0
RAINBOW CITY LAND LLC,1,1,1,0,0,0,0,1,0,1
RAJGURU HOTEL LLC,1,1,0,0,0,0,0,0,0,0
RAM EUFAULA HOSPITALITY LLC,1,1,0,0,0,0,0,0,1,0
REDSTONE GATEWAY 2100 LLC,1,0,0,0,0,0,0,0,0,0
REGENCY MOTORS,1,1,0,0,0,0,0,0,1,0
REGGIE BELOTE,1,1,1,0,0,0,0,1,0,1
REMURIATE TECHNOLOGIES,1,0,0,0,0,0,0,0,0,0
RESOLUTE FOREST PRODUCTS US INC,1,0,0,0,0,0,0,0,0,0
REUNION POINTE LLC,1,1,1,0,1,0,0,0,1,0
RFW CONSTRUCTION GROUP,1,1,0,0,0,0,0,0,0,0
RHEMA ROCK MINISTRIES INC,1,1,1,0,0,0,0,1,0,1
RICHARD BUCHANAN,1,1,1,0,0,0,0,1,1,0
RICHARDS PLACE PHASE II,1,0,0,0,0,0,0,0,0,0
RIDGECREST RESIDENTIAL CONSTRUCTION,1,0,0,0,0,0,0,0,0,0
RIVER BEND SOLAR LLC,1,0,0,0,0,0,0,0,0,0
RIVERPOINT FIRST ASSEMBLY OF GOD,1,1,1,1,0,0,0,1,0,1
RIVERSIDE,1,1,1,0,1,0,1,1,0,1
ROAR MANAGEMENT GROUP,1,1,1,1,0,0,1,1,0,1
ROBERT MULLEN BUILDERS INC,1,1,1,0,0,1,0,0,0,1
ROBERTSDALE CHURCH OF CHRIST,1,1,1,1,0,1,0,1,0,1
ROCHESTER HILLS LP,1,1,0,0,0,0,0,0,0,0
ROMAR HOTELS INC,1,1,1,1,0,0,0,1,0,1
RONNIE GARNER,1,1,1,0,0,0,0,1,0,1
RONNIE KNOWLES,1,1,0,0,0,0,0,0,0,0
ROSEDALE COURTS PHASE III REDEVELOPMENT,1,1,1,1,1,0,1,1,0,1
ROWLAND DEVELOPMENT GROUP LLC,1,1,1,0,0,0,0,1,0,1
RSA BLDG 3791 REDSTONE,1,0,0,0,0,0,0,0,0,0
RYAN SHIRLEY COMPANY INC,1,0,0,0,0,0,0,0,0,0
RYLANDS UNDERGROUND SERVICES INC,1,1,1,1,0,0,0,0,1,0
S A LUCKIE BUILDER LLC,1,1,1,1,1,0,0,0,0,1
S AND J CONSTRUCTION CO INC,1,1,1,0,0,0,0,1,0,1
S AND W PROPERTY LLC,1,1,1,0,0,0,1,1,1,0
SALVATION ARMY CENTER OF HOPE,1,1,0,0,0,0,0,0,1,0
SAND MOUNTAIN ELECTRIC CO OP,1,1,1,0,0,0,0,1,0,1
SANDY FORD PROPERTY OWNERS ASSOCIATION,1,1,1,0,0,1,1,1,0,1
SCOTT MOUNTS,1,1,0,0,0,0,0,0,0,0
SEA PINES LLC,1,1,1,1,1,1,0,1,1,0
SEMBLER FLORIDA INC,1,1,1,0,0,0,0,1,1,0
SEVIER DABBS PROPERTIES LLC,1,1,1,0,0,0,0,1,1,0
SHARED SERVICES LLC,1,1,1,0,0,0,0,1,0,1
SHAW SPORTS TURF,1,1,1,0,0,0,0,1,0,1
SHILOH LTD,1,1,0,0,0,0,0,0,1,0
SHOALS MILL VILLAGE APTS,1,1,0,0,0,0,0,0,0,0
SHORTER DR MAIN ST TARA LEASING,1,1,0,0,0,0,0,0,0,0
SKIPPER PROPERTIES INC,1,1,1,0,0,1,1,1,1,0
SMILE MAKERS FAMILY AND COSMETIC DENTISTRY,1,1,1,0,0,0,0,1,0,1
SMITHS STATION CITY OF,1,1,1,0,0,0,0,1,0,1
SO UNION FIELD HOUSE AND DINING HALL,1,1,1,1,0,0,0,1,0,1
SOMERBY PLACE LP,1,1,0,0,0,0,0,0,0,0
SOUTH TUSCALOOSA ALBERTA SS 115KV TL,1,0,0,0,0,0,0,0,0,0
SOUTHEAST MEDICAL TRUSSVILLE LLC,1,0,0,0,0,0,0,0,0,0
SOUTHEASTERN CHEESE CORPORATION,1,0,0,0,0,0,0,0,0,0
SOUTHERN GROUP LLC,1,1,1,1,0,1,0,0,1,0
SOUTHPORT INDUSTRIAL ESTATE LLC,1,1,1,0,0,0,0,1,0,1
SOUTHWOOD COMPANY LLC,1,1,1,0,0,0,0,1,0,1
SPENRYCO INC,1,1,1,0,0,0,0,1,0,1
SPRINGHOUSE FARMS LLC,1,1,0,0,0,0,0,0,1,0
SPROUL BUILDING COMPANY INC,1,1,1,1,1,1,1,1,1,0
ST VINCENTS CHILTON CO HOSPITAL,1,1,1,0,0,0,0,1,0,1
STACY WILLIAMS JORDAN,1,1,1,0,0,0,0,1,0,1
STEELMONT LLC,1,1,1,0,1,0,1,1,1,0
STELLA JONES CORPORATION,1,1,1,1,1,0,1,0,1,0
STERLING GROUP LLC THE,1,0,0,0,0,0,0,0,0,0
STEVE SHERIDAN,1,1,1,0,0,0,0,1,0,1
STEWARD PERRY COMPANY INC THE,1,0,0,0,0,0,0,0,0,0
STEWARD PERRY COMPANY THE,1,0,0,0,0,0,0,0,0,0
STOCKTON PARTNERS LLC,1,1,1,0,1,0,0,1,1,0
STONE CREEK LLC,1,1,1,1,1,0,1,1,1,0
STONEBRIDGE 2016 LLC,1,1,1,1,1,1,0,1,1,0
STORY CONST BUFFALO WILD WINGS,1,1,1,0,0,0,0,1,0,1
STREAM MITIGATION ALABAMA LLC,1,1,1,0,0,0,0,1,0,1
STRUCTUAL BUILDERS INC,1,0,0,0,0,0,0,0,0,0
SUGARLOAF MEDICAL CLINIC,1,0,0,0,0,0,0,0,0,0
SUMMER LAKE POA,1,1,1,1,1,0,0,1,0,1
SUMMER RIDGE LLC,1,0,0,0,0,0,0,0,0,0
SUMMER SALT PLAZA LLC,1,1,0,0,0,0,0,0,0,0
SUNBELT G2BA LLC,1,0,0,0,0,0,0,0,0,0
SUNBELT PAPER PACKING,1,1,1,1,0,0,1,1,0,1
SUNNY KING OF BIRMINGHAM INC,1,1,1,1,1,0,1,0,0,1
SYLACAUGA CHILDERSBURG NEW RETAIL STORE,1,1,1,0,0,0,0,1,0,1
SYLACAUGA CITY OF,1,1,1,0,0,0,1,0,0,1
T TOWN HARLEY DAVIDSON,1,1,1,1,1,0,1,1,1,0
T W FRIERSON CONTRACTOR INC,1,1,1,0,0,0,0,1,0,1
TA OPERATING LLC,1,1,1,0,0,0,0,1,0,1
TALLASSEE WASTE DISPOSAL CENTER INC,1,1,1,1,0,1,1,0,1,0
TAMPA ENTERPRISE INC,1,1,1,0,0,0,0,1,1,0
TCW DEVELOPMENT LLLC,1,1,1,1,1,0,0,0,0,1
TEAM GUNTHER INC,1,1,1,1,1,1,0,1,0,1
TECHNIP USA INC,1,0,0,0,0,0,0,0,0,0
TEE ROAD LIMITED PARTNERSHIP,1,0,0,0,0,0,0,0,0,0
TERRY POOLS LLC,1,1,1,0,0,0,0,1,0,1
THOMAS M COWAN,1,1,1,1,0,0,1,1,1,0
THRIVE DEVELOPMENT PARTNERS,1,1,1,0,0,0,0,1,0,1
TIGER TOWN STORAGE LLC,1,1,0,0,0,0,0,0,0,0
TIMBER CREEK LOT 62 AND 72,1,1,0,0,0,0,0,0,0,0
TIMBERLAND CONSTRUCTION,1,1,0,0,0,0,0,0,1,0
TOM WEST COMPANY,1,1,0,0,0,0,0,0,0,0
TONY BALENTINE,1,0,0,0,0,0,0,0,0,0
TORO RIDGE LLC,1,1,1,1,1,1,1,1,1,0
TOULMIN HOMES,1,0,0,0,0,0,0,0,0,0
TRADITIONS OF ATHENS LLC,1,1,1,0,0,0,0,1,1,0
TREVOR V HUMPHREY,1,1,1,0,0,0,0,1,1,0
TRI CITY BAPTIST CHURCH,1,1,0,0,0,0,0,0,0,0
TRIANGLE STONEBRIDGE 2014 LLC,1,1,1,1,1,1,1,1,1,0
TRICK CONSTRUCTION AND DEVELOPMENT,1,0,0,0,0,0,0,0,0,0
TRIMAX PROPERTIES LLC,1,1,1,0,0,0,0,1,1,0
TROY UNI SORORITY HILL PARKING IMPROVE,1,1,0,0,0,0,0,0,0,0
TRULAND HOMES STONEGATE ESTATES,1,1,1,1,0,0,0,0,0,1
TWISTER 4672 LLC,1,1,0,0,0,0,0,0,0,0
TWISTER 4673 LLC,1,1,0,0,0,0,0,0,0,0
UA NEW CLASSROOM BLDG,1,1,1,0,0,0,0,1,0,1
UNITED RENTALS NORTH AMERICA INC,1,1,0,0,0,0,0,0,0,0
VEALS CUSTOM HOMES,1,1,1,0,0,0,0,1,0,1
VILLAS AT RESEARCH PARK LLC THE,1,1,0,0,0,0,0,0,1,0
WAHOO PLAZA SUBDIVISION,1,1,1,1,0,0,1,1,0,1
WALKER WADDELL INVESTMENTS INC,1,1,1,0,0,0,0,1,1,0
WALLER BUILDERS LLC,1,1,1,0,0,1,0,0,1,0
WARRIOR TRACTOR AND EQUIPMENT,1,1,1,1,1,0,1,0,1,0
WATERS BROTHERS CONSTRUCTION INC,1,1,1,0,0,0,0,1,1,0
WCMC LAKELAND,1,1,1,1,1,1,1,1,0,1
WEATHERLY COMMERCIAL CENTER LLC,1,0,0,0,0,0,0,0,0,0
WEBCON LLC,1,0,0,0,0,0,0,0,0,0
WEDGWORTH CONSTRUCTION COMPANY INC,1,1,1,0,0,0,0,1,0,1
WEEKS CONSTRUCTION CO INC,1,0,0,0,0,0,0,0,0,0
WELCH LOT 94,1,0,0,0,0,0,0,0,0,0
WEST POINT VOLUNTEER FIRE DEPARTMENT INC,1,1,1,0,0,0,0,1,0,1
WHARF ENTERTAINMENT LLC,1,1,1,1,0,1,0,1,0,1
WHITE SPUNNER CONST MCGOWIN SD,1,1,1,0,0,0,0,1,0,1
WILLIAM M DEAN,1,1,1,0,0,0,0,1,0,1
WILLOW GLYNN PHASE III LOT 47,1,1,0,0,0,0,0,0,0,0
WINCHESTER ROAD PARTNERS LLC,1,1,0,0,0,0,0,0,0,0
WIND RIDGE SUBDIVISION,1,1,1,0,0,0,0,1,1,0
WINSOUTH CREDIT UNION,1,1,1,0,0,0,0,1,0,1
WINSTON COUNTY INDUSTRIAL DEVELOPMENT AUTHORITY,1,1,1,0,0,0,0,1,0,1
WINSTON SQUARE,1,1,0,0,0,0,0,0,0,0
WIRT WARREN,1,1,1,0,0,0,0,1,0,1
WOODLAND BAY GROUP INC,1,1,1,0,0,0,0,1,0,1
WOODLAWN WEST,1,1,1,0,0,0,0,1,0,1
WRIGHT TRANSPORTATION,1,1,0,0,0,0,0,0,0,0
YB DOTHAN LLC,1,1,0,0,0,0,0,0,0,0
YB ENTERPRISE LLC,1,1,0,0,0,0,0,0,0,0
YB TALLASSEE MEDICAL OFFICE,1,1,0,0,0,0,0,0,0,0
YOUNGBLOOD BARRETT CONST AND ENG LLC,1,1,1,0,0,0,0,1,0,1
Z AND F REAL ESTATE,1,1,1,0,1,1,1,0,0,1
ZETH TAYS,1,0,0,0,0,0,0,0,0,0
01402,1,1,1,0,0,0,0,1,1,0
2319 BENT CREEK LLC,1,1,0,0,0,0,0,0,0,0
30AIP TRUSSVILLE LLC,1,1,1,0,0,0,0,1,0,1
68 V GULF STREAM LLC,1,1,1,0,0,0,0,1,0,1
A 1 INVESTMENTS INC,1,1,1,0,0,0,0,1,0,1
A AND C CONSTRUCTION INC,1,1,0,0,0,0,0,0,1,0
A WEST ENTERPRISE,1,0,0,0,0,0,0,0,0,0
ACTION RESOURCES INC,1,1,1,0,0,0,1,1,1,0
ADAMS PROPERTIES LLC,1,1,1,0,0,0,1,0,1,0
ADVANCE AUTO PARTS,1,1,1,0,0,0,0,1,0,1
AEROCOSTA GLOBAL SYSTEMS INC,1,0,0,0,0,0,0,0,0,0
AL ALABASTER MONTEVALLO LLC,1,1,1,1,1,1,1,1,1,0
ALA INVESTMENT HOLDINGS LLC,1,1,0,0,0,0,0,0,1,0
ALABAMA DECATUR ENERGY LLC,1,0,0,0,0,0,0,0,0,0
ALABAMA DEPARTMENT OF CONVERSATION AND NATURAL RESOURCES,1,1,1,0,0,0,1,1,0,1
ALABAMA PUBLIC HEALTH CARE AUTHORITY,1,0,0,0,0,0,0,0,0,0
ALABAMA ROAD CONTRACTION SERVICES,1,0,0,0,0,0,0,0,0,0
ALALANDING I LLC,1,1,1,0,0,0,0,1,0,1
ALBERTVILLE CITY BOARD OF EDUCATION,1,1,1,0,0,0,0,1,0,1
ALEXANDER CITY BOARD OF EDUCATION,1,0,0,0,0,0,0,0,0,0
ALLEN EXPLORATION LLC,1,0,0,0,0,0,0,0,0,0
ALRINGTON CONSTRUCTION,1,1,1,0,0,0,0,1,0,1
AMERICAN TIRE DISTRUBUTORS INC,1,1,1,0,1,0,1,1,1,0
AMT LLC,1,1,1,1,1,1,1,1,1,0
ANNAPURNA INVESTMENTS LLC,1,1,0,0,0,0,0,0,0,0
APEX ROW,1,0,0,0,0,0,0,0,0,0
APOLLO MYSTIC LADIES,1,1,1,1,0,1,0,1,1,0
ARD CONTRACTING INC,1,1,1,0,0,0,0,1,0,1
ASBURY UNITED METHODIST CHURCH,1,1,1,0,1,0,1,0,0,1
ATMORE CITY OF UTILITIES BOARD THE,1,0,0,0,0,0,0,0,0,0
AU HOSPITALITY INC,1,1,1,0,1,0,1,0,1,0
B G WATKINS CONSTRUCTION INC,1,0,0,0,0,0,0,0,0,0
BAILEY HARRIS CONSTRUCTION CO,1,1,0,0,0,0,0,0,1,0
BAMA HOTEL GROUP LLC,1,1,1,0,0,0,0,1,0,1
BART HARE EXECUTIVE PASTOR,1,1,1,1,0,0,1,1,1,0
BBV HAMPTON COVE LLC,1,1,1,0,0,0,0,1,0,1
BENTON NORBY LLC,1,1,1,1,1,0,1,1,1,0
BESHEARS TRACTOR AND EQUIPMENT,1,1,0,0,0,0,0,0,0,0
BIG BRASS PROPERTIES INC,1,1,1,0,0,0,1,1,0,1
BIRMINGHAM JEFFERSON DG LLC,1,0,0,0,0,0,0,0,0,0
BIRMINGHAM JOHNS RD DG LLC,1,1,1,1,0,0,1,0,1,0
BLACK ANGUS DEVELOPMENT LLC,1,1,1,1,1,0,0,1,0,1
BLAKE CUSTOM HOMES INC,1,1,0,0,0,0,0,0,1,0
BMW OF TUSCALOOSA,1,0,0,0,0,0,0,0,0,0
BO LUMPKIN PROPERTIES LLC,1,1,1,0,0,0,0,1,0,1
BOLT CONSTRUCTION AND EXCAVATING LLC,1,1,1,0,0,0,1,1,0,1
BOYETT CONSTRUCTION,1,1,0,0,0,0,0,0,0,0
BRADEN PROPERTIES II LLC,1,1,1,0,1,0,1,0,0,1
BRADHILL COMPANY INC THE,1,1,1,1,1,0,0,1,0,1
BRANDI PATE AND RAWLINGS SHERMAN,1,1,1,1,1,0,0,1,0,1
BRASFIELD AND GORRIE INC,1,0,0,0,0,0,0,0,0,0
BROADVIEW PROPERTIES FAMILY LIMITED PARTNERSHIP,1,1,0,0,0,0,0,0,1,0
BROOKSIDE DOLLAR GENERAL LLC,1,1,1,0,0,0,0,1,0,1
BROWNS FLEET AND COLLISION CENTER LLC,1,0,0,0,0,0,0,0,0,0
BRUNSON NICHOLS CONSTRUCTION INC,1,1,0,0,0,0,0,0,1,0
BURROUGHS CONSTRUCTION COMPANY INC,1,1,0,0,0,0,0,0,1,0
C WEEKS PROPERTIES LLC,1,1,0,0,0,0,0,0,0,0
CAHABA RESOURCES LLC,1,0,0,0,0,0,0,0,0,0
CAHABA RIVER CLINIC PARTNERS,1,0,0,0,0,0,0,0,0,0
CALHOUN COUNTY ECONOMIC DEVELOPMENT COUN,1,1,1,0,1,1,1,1,0,1
CAR WASH COMPANY LLC,1,1,0,0,0,0,0,0,1,0
CARROLL COVE LLC,1,1,1,1,1,1,1,1,1,0
CENTRAL BAPTIST CHURCH,1,1,1,0,0,0,0,1,0,1
CHEROKEE CONSTRUCTION COMPANY,1,1,0,0,0,0,0,0,0,0
CITIZEN S BANK AND TRUST,1,1,1,0,0,0,0,1,0,1
CLARK GEER LATHAM AND ASSOCIATES INC,1,1,1,0,0,0,0,1,0,1
CLARK REAL ESTATE AND INVESTMENTS LLC,1,1,1,1,0,0,1,0,1,0
CLYDE HOOTEN AND SONS CONSTRUCTION,1,1,1,1,0,0,1,1,1,0
COBALT SENIORS LLC,1,1,0,0,0,0,0,0,1,0
CONCORD LAND DEVELOPMENT COMPANY,1,1,1,0,0,0,0,1,0,1
COOKS PROPERTIES LLC,1,1,0,0,0,0,0,0,0,0
COVENANT CLASSICAL DEVELOPMENT LLC,1,1,1,0,0,0,0,1,0,1
COWARTS TOWN OF,1,1,0,0,0,0,0,0,1,0
CRAFTSMAN DEVELOPMENT LLC,1,1,1,0,1,0,1,1,1,0
CROSSWORDS ENTERPRISES LLC,1,1,1,0,0,0,0,1,0,1
CS BEATTY CONSTRUCTION,1,1,1,0,1,0,1,1,1,0
CSX TRANSPORTATION,1,1,0,0,0,0,0,0,0,0
CUTTING EDGE CONSTRUCTION,1,1,1,1,1,0,0,1,0,1
DAHLHAUSER GROUP LLC,1,1,0,0,0,0,0,0,0,0
DAOBI MANAGEMENT LLC,1,0,0,0,0,0,0,0,0,0
DAPHNE JUBILEE LLC,1,1,1,0,1,0,1,1,0,1
DARRIN WELLS DBA EARTH SERVICES,1,1,1,0,0,0,0,1,1,0
DAVE MCMICHAEL HOMES LLC,1,0,0,0,0,0,0,0,0,0
DAVID MITCHELL CONSTRUCTION LLC,1,1,1,0,0,0,0,1,0,1
DEALERS AUTOMOBILE AUCTION OF HUNTSVILLE LLC,1,1,1,0,0,0,0,1,0,1
DEAN SPRATLIN CONSTRUCTION INC,1,1,0,0,0,0,0,0,0,0
DEARING FARMS HELENA LLC,1,1,1,0,0,0,1,1,0,1
DENNY SANDERS CONSTRUCTION INC,1,1,1,0,0,0,0,1,0,1
DIXIE BUILDING SUPPLY COMPANY INC,1,1,1,0,0,0,0,1,0,1
DLR ASSOCIATES LLC,1,1,0,0,0,0,0,0,0,0
DOBBS MOBILE BAY INC,1,1,0,0,0,0,0,0,0,0
DOMINION PARTNERS LLC,1,1,1,1,0,0,1,0,0,1
DOUBLE DIAMOND CON CO LLC,1,0,0,0,0,0,0,0,0,0
DR REGINALD GLADISH,1,1,1,0,0,0,0,1,0,1
DRG DEVELOPMENT LLC,1,1,0,0,0,0,0,0,0,0
DRURY SOUTH INC,1,1,1,1,0,0,0,1,1,0
DURANGO PARTNERS INC,1,1,1,0,0,0,0,1,0,1
E D GRAHAM AND CO,1,1,1,0,0,0,0,1,0,1
E TECH CONSTRUCTION LLC,1,1,1,0,0,0,0,1,0,1
ELITE PROPERTY DEVELOPMENT LLC,1,1,1,1,0,0,0,1,0,1
ENCORE REHABILITATION,1,1,1,1,0,0,0,1,1,0
ESFELLER CONSTRUCTION,1,1,1,0,0,0,0,1,0,1
EVAN CARTER PROPERTIES LLC,1,1,1,0,0,0,0,1,0,1
EVANS HUGHES AND CO,1,1,1,0,0,0,1,0,1,0
FAIRHOPE SINGLE TAX CORP,1,1,1,0,0,0,0,1,0,1
FARM FRESH FOODS LLC,1,1,1,0,0,0,0,1,0,1
FARM PROPERTIES LLC,1,0,0,0,0,0,0,0,0,0
FD PRICHARD LLC,1,1,0,0,0,0,0,0,1,0
FIELDSTOWN CROSSING LLC,1,1,1,1,1,0,1,1,1,0
FIREFLY SUBDIVISION,1,1,1,0,0,0,0,1,0,1
FIRST TEAM CONSTRUCTION,1,1,0,0,0,0,0,0,1,0
FLORES RESTAURANT MANAGEMENT INC,1,1,1,1,0,0,0,1,1,0
FOREST ENVIRONMENTAL SERVICES INC,1,1,1,1,1,0,1,1,1,0
FORSYTH BUILDING COMAPNY INC,1,0,0,0,0,0,0,0,0,0
FRESH RAIN FAMILY WORSHIP CENTER INC,1,1,1,0,1,1,1,1,1,0
FRIENDS OF MCCALLA,1,1,1,1,0,0,1,0,0,1
FROG AND NICKEL LLC,1,1,1,0,0,0,0,1,0,1
FST PITMAN BROS LLC,1,1,1,0,0,0,0,1,0,1
GAMEHENDGE II LLC,1,1,0,0,0,0,0,0,0,0
GANNET BUYER INC,1,1,1,0,0,0,0,1,0,1
GARDENDALE DOLLAR GENERAL,1,1,1,0,0,0,0,1,0,1
GARY HARDMAN,1,1,1,0,0,0,0,1,0,1
GARY INGRAM GRADING AND PAVING,1,1,0,0,0,0,0,0,1,0
GARY MONROE,1,1,1,0,0,0,0,1,1,0
GARY SPARKS,1,1,1,0,0,1,1,1,0,1
GCOF FAIRHOPE FALLS LLC,1,1,1,1,0,0,0,0,0,1
GOODWIN LLC,1,1,1,0,1,0,0,1,1,0
GORDO TOWN OF WATER GAS AND SEWER BOARD,1,0,0,0,0,0,0,0,0,0
GOSHAWK HTN PROPERTIES LLC,1,1,1,0,0,0,0,1,0,1
GRACE COMMUNITY CHURCH,1,1,0,0,0,0,0,0,0,0
GRANDER MARINE,1,1,1,1,1,0,1,1,1,0
GRANDVIEW MEDICAL CENTER,1,0,0,0,0,0,0,0,0,0
GRANTS MILL SELF STORAGE LLC,1,1,1,0,0,0,1,1,0,1
GREAT SOUTH LEASING LLC,1,1,1,0,0,0,0,1,0,1
GREENFIELD ENVIRONMENTAL MULTISTATE TRUST LLC TRUSTEE FOR THE MULTISTATE ENVIRONMENTAL TRUST FUND,1,0,0,0,0,0,0,0,0,0
GREGORY WILLIAMS,1,1,0,0,0,0,0,0,0,0
GULF HEALTH HOSPITALS INC,1,1,1,0,0,0,0,1,0,1
GUTHERIES ENTERPRISES INC,1,1,1,0,0,0,0,1,0,1
H AND L CONSTRUCTION INC,1,1,0,0,0,0,0,0,1,0
HALLMARK BUILDERSC INC,1,1,1,0,0,0,1,0,0,1
HARBOR RIDGE 2015 LLC,1,0,0,0,0,0,0,0,0,0
HARSHIKA PATEL,1,0,0,0,0,0,0,0,0,0
HASKELL ARCHITECTS AND ENGINEERS P A INC,1,1,0,0,0,0,0,0,0,0
HENKELS AND MCCOY INC,1,0,0,0,0,0,0,0,0,0
HICKORY CREEK PROPERTIES LLC,1,1,1,0,0,0,0,1,0,1
HIDDEN POINTE APARTMENTS LTD,1,1,0,0,0,0,0,0,0,0
HINKS AND ASSOCIATES,1,1,1,0,1,0,0,1,0,1
HISTORIC PRATTVILLE REDEVELOPMENT AUTHORITY,1,1,0,0,0,0,0,0,0,0
HOLLEY HENLEY BUILDERS,1,1,1,0,0,0,0,1,0,1
HOLMES AND HOLMES HOLDINGS LLC,1,1,1,1,0,1,1,1,1,0
HOOPER ENTERPRISES OF CULLMAN LLC HOOPER FLP,1,1,1,0,0,0,1,1,1,0
HRC ROCKET CITY,1,0,0,0,0,0,0,0,0,0
HUBBARD AND DRAKE GENERAL MECHANICAL CONTRACTORS INC,1,0,0,0,0,0,0,0,0,0
HUDSON CO OF TENNESSEE,1,1,1,0,0,0,0,1,0,1
HUTCHESON CONSTRUCTION COMPANY INC,1,1,1,0,0,0,1,1,0,1
HUTTON COMPANY THE,1,1,1,0,0,0,0,1,0,1
HUTTON TEAM,1,0,0,0,0,0,0,0,0,0
IMS DEVELOPMENT,1,1,0,0,0,0,0,0,1,0
IMTT EPIC LLC,1,1,1,0,0,0,0,1,0,1
INDUSTRIAL DEVELOPMENT BOARD OF MOBILE,1,1,0,0,0,0,0,0,0,0
INTERFOR US INC FAYETTE DIVISION,1,0,0,0,0,0,0,0,0,0
JACK FAMILY RESTAURANT DADEVILLE,1,1,0,0,0,0,0,0,1,0
JACK FAMILY RESTAURANT MADISON,1,1,1,0,0,0,0,1,0,1
JACKSON CITY OF,1,1,1,0,0,0,0,1,0,1
JAMES J THORNTON,1,0,0,0,0,0,0,0,0,0
JAMES MERRITT,1,1,0,0,0,0,0,0,1,0
JESSE STUTTS INC,1,0,0,0,0,0,0,0,0,0
JIM STETTNER,1,1,1,0,0,0,0,1,1,0
JMH DINING LLC,1,1,1,0,0,0,0,1,0,1
JOE WHEELER ELECTRIC MEMBERSHIP CORP,1,1,1,0,0,0,0,1,0,1
JOHN D STEPHENS INC,1,1,0,0,0,0,0,0,1,0
JOHN EATON HOMES INC,1,0,0,0,0,0,0,0,0,0
JOHN J SHELL,1,1,1,0,0,0,0,1,0,1
JOHNS MANVILLE,1,0,0,0,0,0,0,0,0,0
JONATHAN HYDE,1,1,1,0,0,0,0,1,1,0
JUBILEE PROPERTIES LLC,1,1,1,0,1,0,1,1,0,1
JWE PROPERITIES,1,1,1,0,0,0,0,1,0,1
KEITH GARDENDALE DEVELOPMENT LLC,1,1,1,0,0,0,1,1,0,1
KEN SCROGGIN,1,1,1,0,0,0,0,1,0,1
KEVIN A DELLASCIO,1,1,0,0,0,0,0,0,0,0
KEVIN WEIR,1,1,0,0,0,0,0,0,0,0
KEY PROPERTIES LLC,1,1,1,0,0,0,0,1,0,1
KINEDYNE LLC,1,1,1,0,0,0,0,1,0,1
KIRKLANDS PEST CONTROL,1,1,1,0,0,0,0,1,1,0
KITE REALTY GROUP LP,1,1,1,0,0,0,0,1,0,1
KT MOBILE HOME COMMUNITY,1,1,1,0,0,0,0,1,1,0
LAKE AND COAST REAL ESTATE COMPANY,1,1,0,0,0,0,0,0,0,0
LANCE RUBLE,1,1,1,0,0,0,0,1,0,1
LEE CONTRACTING INC,1,0,0,0,0,0,0,0,0,0
LENNOX LLC,1,1,1,0,1,0,1,0,1,0
LEVEL PLAINS WATER SYSTEM,1,1,0,0,0,0,0,0,1,0
LEXINGTON PROPERTIES LLC,1,1,1,0,0,0,0,1,0,1
LILY GOLD LLC,1,1,0,0,0,0,0,0,0,0
LOACHAPOKA WATER AUTHORITY INC,1,0,0,0,0,0,0,0,0,0
LONGLEAF DEVELOPMENT LLC,1,1,1,0,0,0,0,1,0,1
LRA CONSTRUCTORS INC,1,1,0,0,0,0,0,0,0,0
LUNSFORD CONSTRUCTION COMPANY,1,1,0,0,0,0,0,0,0,0
LYNDA COLLEEN ROBERTS,1,1,1,1,0,0,1,1,0,1
M J HARRIS CONSTRUCTION SERVICES LLC,1,0,0,0,0,0,0,0,0,0
M RAINE INDUSTRIES LLC,1,1,1,0,0,0,1,1,1,0
MAAS AVIATION BROOKLEY INC,1,0,0,0,0,0,0,0,0,0
MABO INVESTMENTS LLC,1,1,1,0,0,0,0,1,0,1
MADISON CROSSINGS HOLDINGS LLC,1,1,1,0,0,0,0,1,0,1
MADISON SELF STORAGE LLC,1,1,1,0,0,0,0,1,1,0
MADRONA INVESTMENT CO LLC,1,1,1,0,0,0,0,1,0,1
MAGNOLIA VEGETABLE PROCESSORS LLC,1,1,0,0,0,0,0,0,1,0
MAISON DU LAC SUBDIVISION,1,0,0,0,0,0,0,0,0,0
MARC BEASLEY,1,1,1,0,0,0,0,1,0,1
MARK LARIMORE,1,0,0,0,0,0,0,0,0,0
MARK PIERCE,1,1,0,0,0,0,0,0,1,0
MARTIN AYCOCK PROPERTIES INC,1,1,1,0,0,0,0,1,0,1
MARTIN MARIETTA MATERIALS INC,1,0,0,0,0,0,0,0,0,0
MATHEW BARBER,1,1,0,0,0,0,0,0,1,0
MAX FOOTE CONSTRUCTION LLC,1,1,1,1,0,0,1,0,0,1
MAXWELL CONSTRUCTION LLC,1,1,1,0,0,0,1,1,0,1
MAXX CLEAN CAR WASH 1 LLC,1,1,1,1,0,0,1,0,0,1
MAYFIELD INVESTMENTS,1,1,1,0,0,0,0,1,0,1
MCELMURRY HOMES INC,1,1,1,1,0,0,0,1,0,1
MCM FINANCIAL SERVICES INC,1,1,1,0,0,0,0,1,0,1
MEADOW LARK SELF STORAGE LLC,1,1,1,1,0,0,1,1,0,1
MENAWA PROPERTIES LLC,1,1,1,1,1,0,1,1,1,0
MERCEDES BENZ OF BIRMINGHAM,1,1,1,0,0,0,1,1,1,0
MICHAEL L BOWMAN,1,1,0,0,0,0,0,0,0,0
MIDDLETON CONSTRUCTION LLC,1,0,0,0,0,0,0,0,0,0
MIDFELD CITY OF,1,1,1,1,0,1,1,1,1,0
MIKE BOWDEN,1,0,0,0,0,0,0,0,0,0
MILAM AND COMPANY CONSTRUCTION INC,1,1,1,0,0,0,0,1,0,1
MILO S RE II MONTGOMERY EASTCHASE LLC,1,1,1,0,0,0,0,1,1,0
MILOS TEA COMPANY INC,1,1,1,0,0,0,0,1,0,1
MITCHELL S CONTRACTING SERVICE LLC,1,1,1,0,0,0,0,1,0,1
MOBILE GAS SERVICE CORPORATION,1,1,0,0,0,0,0,0,0,0
MOCKINGBIRD POINTE LP,1,1,1,0,0,0,0,1,0,1
MORIROKU TECHNOLOGY NORTH AMERICA INC,1,1,1,0,0,0,0,1,1,0
MORRIS BUILDING CONSTRUCTORS INC,1,1,1,1,0,0,0,1,0,1
MOUNTAIN LAKES MENNONITE CHURCH,1,1,0,0,0,0,0,0,0,0
MVV BENNETT GP LLC,1,1,1,0,0,0,0,1,0,1
NATIONAL TIRE AND BATTERY 8463,1,1,0,0,0,0,0,0,1,0
NATIONAL TIRE AND BATTERY 8468,1,1,1,0,0,0,0,1,0,1
NETLEASE ALLIANCE INC,1,1,1,0,0,0,0,1,0,1
NICILLA PROPERTIES LLC,1,1,1,0,0,0,0,1,1,0
NOAHS EVENT VENUE,1,0,0,0,0,0,0,0,0,0
OAKLAND SELF STORAGE LLC,1,1,0,0,0,0,0,0,0,0
OGA ACQUISTIONS LLC,1,0,0,0,0,0,0,0,0,0
OHATCHEE TOWN OF,1,1,1,1,1,0,1,1,1,0
OPELIKA CUSTARD REALTY LLC,1,1,0,0,0,0,0,0,0,0
OPELIKA HOTELS I LLC,1,1,1,0,0,0,1,1,1,0
OPELIKA INDUSTRIAL DEVELOPMENT AUTHORITY,1,1,0,0,0,0,0,0,0,0
OUTBACK STEAKHOUSE OF FLORIDA LLC,1,1,1,0,1,0,0,1,0,1
P LAWLER ENTERPRISES LTD,1,1,0,0,0,0,0,0,1,0
PAM BUILDING CORPORATION,1,1,0,0,0,0,0,0,0,0
PANDA EXPRESS RESTAURANT,1,1,1,0,0,0,0,1,0,1
PAR BUILDERS II INC,1,1,1,1,1,0,0,0,1,0
PARTH PATEL,1,1,1,0,0,0,0,1,0,1
PATERSON COMPANY INC THE,1,0,0,0,0,0,0,0,0,0
PEARSON HOMES OF ALABAMA LLC,1,1,1,0,0,0,0,1,0,1
PELICAN DEVELOPMENT INC,1,1,1,1,0,0,1,1,0,1
PELL CITY PREMIERE REALTY LLC,1,1,1,0,0,0,0,1,0,1
PEMCO,1,0,0,0,0,0,0,0,0,0
PERLIS NEASE ENTERPRISE AL LLC,1,1,1,0,0,0,1,0,1,0
PHOENIX AT EAGLE POINT LLC,1,1,1,1,1,1,1,0,1,0
PIERCE ROAD CEMETERY,1,1,0,0,0,0,0,0,0,0
PINNACLE MOTORSPORTS,1,1,1,0,1,0,1,1,0,1
PLANTATION POINT LLC,1,1,1,0,0,0,0,1,1,0
PLUMB ONE INC,1,1,1,0,0,0,0,1,0,1
POINT BLANK RANGE INC,1,1,0,0,0,0,0,0,1,0
PREMIER FIRE PROTECTION INC,1,0,0,0,0,0,0,0,0,0
QUINN FARMS INC,1,1,0,0,0,0,0,0,1,0
RA LIN AND ASSOCIATES INC,1,1,1,1,1,1,1,1,1,0
RAM AUBURN HOSPITALITY TWO LLC,1,1,1,1,0,0,1,1,0,1
RAM BIRMINGHAM HOSPITALITY TWO LLC,1,0,0,0,0,0,0,0,0,0
RAM HOTEL LLC,1,1,0,0,0,0,0,0,0,0
RANDALL ROGERS BUILDER,1,0,0,0,0,0,0,0,0,0
RCP CITY CENTRE LLC,1,1,1,0,0,0,0,1,0,1
REBOUND LLC,1,0,0,0,0,0,0,0,0,0
RED OAK RIDGE LTD,1,0,0,0,0,0,0,0,0,0
REDSOUTH LLC,1,1,1,0,0,1,1,1,0,1
REEHLCO LLC,1,1,1,0,0,0,0,1,0,1
REID CONSTRUCTION,1,1,1,1,0,0,1,1,1,0
RESEARCH SOLUTIONS GROUP INC,1,1,1,0,0,0,0,1,0,1
REST EASY LLC,1,0,0,0,0,0,0,0,0,0
RICHARD STROUSE CONSTRUCTION INC,1,1,1,0,0,0,0,1,0,1
RICHS CAR WASH OF DAPHNE LLC,1,1,1,1,0,0,0,1,0,1
RIVER FALLS TOWN OF,1,0,0,0,0,0,0,0,0,0
RIVER VIEW BAPTIST CHURCH,1,1,1,0,0,0,0,1,0,1
RIVERHILL FOUNDATION INC,1,1,1,0,0,0,0,1,0,1
ROCK CREEK DG DG LLC,1,1,1,1,0,0,1,1,0,1
ROCK FALLS LLC,1,1,0,0,0,0,0,0,1,0
RODNEY BROOKS,1,1,0,0,0,0,0,0,1,0
RODNEY FOX JR,1,1,0,0,0,0,0,0,1,0
ROGERS REAL ESTATE SERVICES LLC,1,1,1,1,0,1,0,1,0,1
RONNIE SMITH,1,1,1,0,0,0,1,0,1,0
RR VILLAS LLC,1,1,1,1,0,0,1,1,1,0
S HICKORY INC,1,1,1,1,1,1,1,1,1,0
S T R PARTNERS LLC,1,0,0,0,0,0,0,0,0,0
SABAL TRAIL TRANSMISSION LLC,1,1,1,0,0,0,0,1,0,1
SAG1 LLC,1,1,0,0,0,0,0,0,0,0
SAM SKIPPER CONSTRUCTION,1,1,0,0,0,0,0,0,1,0
SANJAY CHOUDHURY,1,1,0,0,0,0,0,0,1,0
SAUNDERS YACHTWORKS,1,1,0,0,0,0,0,0,0,0
SCOTT CAMERON,1,1,1,0,0,0,0,1,0,1
SCOTT MARTIN CONSTRUCTION,1,1,0,0,0,0,0,0,0,0
SCOTTSBORO CHIROPRACTIC CLINIC INC,1,1,1,0,0,0,0,1,1,0
SCP CAPLEWOOD PROPERTIES LLC,1,1,0,0,0,0,0,0,1,0
SE GRAHAM COMPANY INC,1,0,0,0,0,0,0,0,0,0
SEDGEFIELD DEVELOPMENT LLC,1,1,1,0,1,0,0,1,0,1
SHERRILL CONSTRUCTION COMPANY,1,1,1,0,0,0,0,1,0,1
SIERRA LLC,1,1,1,0,0,0,0,1,1,0
SIMPSONS COLLISION REPAIR CENTER,1,1,1,1,0,0,0,1,0,1
SIX PLUS LLC,1,1,0,0,0,0,0,0,0,0
SKCO AUTOMOTIVE,1,1,1,0,0,0,0,1,0,1
SKYWATER MOBILE COUNTY LLC,1,1,1,0,0,0,0,1,0,1
SMP AUTOMOTIVE SYSTEMS ALABAMA INC,1,1,1,0,0,0,1,1,0,1
SOUTHERN CLAY BRICK LLC,1,0,0,0,0,0,0,0,0,0
SOUTHERN QUEST CONSTRUCTION INC,1,1,1,0,0,0,0,1,0,1
SOUTHLAND BUILDERS LLC,1,1,1,0,0,0,0,1,0,1
SPARKS ORTHOPEDIC,1,1,1,0,0,0,0,1,0,1
STERICYCLE INC,1,1,0,0,0,0,0,0,0,0
STEVE HAYS,1,1,1,0,0,0,0,1,1,0
STEWART PERRY CONSTRUCTION COMPANY,1,1,0,0,0,0,0,0,0,0
STORAGE WORLD,1,1,0,0,0,0,0,0,0,0
SULLIVAN NORTON PROPERTIES LLC,1,1,0,0,0,0,0,0,0,0
SUMITON CITY OF,1,1,1,0,0,0,0,1,0,1
SUMMIT STRUCTURES,1,1,0,0,0,0,0,0,0,0
SUNPOWER CORPORATION SYSTEMS,1,0,0,0,0,0,0,0,0,0
SWEETWATER LLC,1,0,0,0,0,0,0,0,0,0
SWINERTON BUILDERS INC,1,1,1,1,0,0,1,0,1,0
SYDNEY DRIVE APARTMENTS LTD,1,1,1,1,1,0,1,1,1,0
TAMERON GADSDEN LLC,1,1,0,0,0,0,0,0,0,0
TAYLOR BURTON COMPANY INC,1,1,1,1,1,0,1,1,1,0
TBC RETAIL GROUP,1,0,0,0,0,0,0,0,0,0
THA JACKSON APARTMENTS LTD,1,0,0,0,0,0,0,0,0,0
THOMPSON REALTY COMPANY INC,1,1,1,1,1,0,1,1,1,0
TIGER CREEK DEVELOPMENT LLC,1,1,0,0,0,0,0,0,1,0
TIM ROBERSON,1,0,0,0,0,0,0,0,0,0
TITAN COATINGS INC,1,1,1,0,0,1,1,0,0,1
TODD STEPHENS BUILDER LLC,1,1,1,0,0,0,0,1,0,1
TREMENDOUS STONE LLC,1,1,1,0,0,0,0,1,0,1
TRIANGLE CONSTRUCTION INC,1,1,1,0,0,0,0,1,0,1
TRIPLE J CONSTRUCTION LLC,1,1,1,0,0,0,0,1,1,0
TRUSSVILLE SENIOR HOUSING RE INVESTORS LLC,1,1,1,0,0,0,0,1,0,1
TURQUOISE LAKE LLC,1,1,0,0,0,0,0,0,0,0
TUSCALOOSA COUNTY EMERGENCY COMMUNICATIONS DISTRICT,1,1,1,0,0,0,1,1,0,1
TWILLEY BUILDERSC INC,1,0,0,0,0,0,0,0,0,0
UNIPROP,1,1,1,0,0,0,0,1,0,1
VERANDAS LLC THE,1,1,1,1,1,0,1,1,1,0
VETERANS MEMORIAL PARK OF JACKSON COUNTY INC,1,1,1,0,0,0,0,1,0,1
VICTOR AND HOLLIE GILMAN,1,1,1,0,0,0,1,1,0,1
VIDUTA VILLAGE LLC,1,1,0,0,0,0,0,0,0,0
VILLAGE AT MILL CREEK LTD,1,1,1,0,0,0,0,1,1,0
VILLAGE PARTNERS LLC,1,1,0,0,0,0,0,0,1,0
VINCE RODEN,1,0,0,0,0,0,0,0,0,0
VOLUNTEERS OF AMERICA SOUTHEAST,1,1,0,0,0,0,0,0,0,0
WALKER PATTON CO INC,1,0,0,0,0,0,0,0,0,0
WALMART REAL ESTATE BUSINESS TRUST A DELWARE STATUTORY TRUST,1,0,0,0,0,0,0,0,0,0
WARRIOR AND ASSOCIATES INC,1,0,0,0,0,0,0,0,0,0
WENDYS OF BOWLING GREEN,1,1,0,0,0,0,0,0,0,0
WEST POINT TOWN OF,1,1,1,0,0,0,0,1,0,1
WG PROPERTY INVESTMENTS LLC,1,0,0,0,0,0,0,0,0,0
WHALEY CONSTRUCTION CO INC TROY UNIVERSITY,1,1,1,0,0,0,1,1,1,0
WHATLEY CONSTRUCTION COMPANY LLC,1,1,0,0,0,0,0,0,0,0
WHITERINGTON CONSTRUCTION CORP,1,1,0,0,0,0,0,0,0,0
WILD FORK OF ESCAMBIA LLC,1,0,0,0,0,0,0,0,0,0
WILLIAM P WARE III,1,1,0,0,0,0,0,0,1,0
WILLOW GLENN LLC,1,1,1,1,1,0,1,1,1,0
WIND CLAN CONSTRUCTION,1,1,1,0,0,0,0,1,0,1
WINGED FOOT DEVELOPMENT 2016 LLC,1,1,1,0,1,0,1,1,0,1
WIZKIDS LLC,1,1,1,0,0,0,0,1,0,1
WLP LLC,1,1,1,0,0,0,0,1,1,0
WOLDE HOLDINGS,1,1,0,0,0,0,0,0,0,0
WOODLAWN HOLDINGS 2014 INC,1,1,0,0,0,0,0,0,0,0
WYNNFIELD DEVELOPMENT LLC,1,1,1,0,0,0,0,1,0,1
XANTE CORPORATION,1,1,0,0,0,0,0,0,0,0
YATES CONSTRUCTION,1,1,1,0,0,0,0,1,0,1
YB MONTGOMERY LLC,1,1,0,0,0,0,0,0,0,0
YULISTA INTEGRATED SOLUTIONS LLC,1,1,0,0,0,0,0,0,1,0
ZP NO 314 LLC,1,1,0,0,0,0,0,0,1,0
2020 LLC,1,1,1,1,0,0,1,1,0,1
300 HUGHES LLC,1,1,1,0,0,0,0,1,0,1
340369,1,1,1,0,0,0,0,1,1,0
431 HUNTSVILLE LLC,1,1,1,0,0,0,0,1,0,1
A AND J DEVELOPMENT LLC,1,1,0,0,0,0,0,0,0,0
ABERDEEN RV CENTER,1,1,1,0,0,0,0,1,0,1
ABL PROPERTIES LLC,1,1,1,0,0,0,1,1,1,0
ADDISON TOWN OF,1,1,1,0,0,0,0,1,0,1
AGRI AFC LLC,1,1,1,0,0,0,0,1,0,1
AL WADUD LLC,1,1,1,1,0,1,1,1,1,0
ALABAMA ROAD CONTRACTING SERVICES,1,1,0,0,0,0,0,0,1,0
ALAN NOBLES,1,0,0,0,0,0,0,0,0,0
ALTAMONT SCHOOL,1,1,1,0,0,0,0,1,0,1
AMAZON COM SERVICES LLC MOB5,1,1,0,0,0,0,0,0,0,0
AMERICAN SELF STORAGE 4,1,1,1,0,0,0,0,1,0,1
AMERICAN TIRE DISTRIBUTOR INC,1,0,0,0,0,0,0,0,0,0
AMERICAS FIRST FEDERAL CREDIT UNION,1,1,1,0,0,0,0,1,0,1
AMES CONSTRUCTION INC,1,0,0,0,0,0,0,0,0,0
AMG AMERICAN METAL GROUP,1,1,1,0,0,0,1,1,1,0
ANNE JINDRICH,1,1,1,0,0,0,0,1,0,1
ANTHEM DEVELOPMENT LLC,1,1,1,0,1,0,0,1,0,1
ANTHONYS REAL ESTATE LLC,1,1,1,1,1,0,1,1,1,0
ANTIOCH CHURCH OF GOD IN CHRIST,1,1,0,0,0,0,0,0,1,0
AOSM,1,1,1,1,0,0,0,1,0,1
APOSTOLIC FAITH UNITED PENTECOSTAL CHURCH INC,1,1,1,0,0,0,0,1,1,0
ARBOUR VALLEY DEVELOPMENT,1,1,0,0,0,0,0,0,0,0
ATHENS AL MOTEL COMPANY,1,1,1,0,0,0,0,1,0,1
ATHENS CONGREGATION OF JEHOVAH SWITNESSES,1,1,1,0,0,0,1,1,0,1
AUTO ZONE INC,1,1,1,0,0,0,0,1,0,1
BALDWIN TRACE MM LLC,1,1,1,0,0,0,0,1,0,1
BAMA 3 RE LLC,1,1,1,1,1,0,1,1,0,1
BD WELCH CONSTRUCTION LLC,1,0,0,0,0,0,0,0,0,0
BEASLEY AND COMPANY GENERAL CONTRACTORS,1,0,0,0,0,0,0,0,0,0
BEAUFORT AND GAUTHIER PROPERTIES LLC,1,0,0,0,0,0,0,0,0,0
BEAZER EAST INC,1,1,1,0,1,0,1,0,0,1
BENJAMIN GWIN,1,1,1,0,0,0,0,1,0,1
BESSEMER DARTMOUTH DG LLC,1,0,0,0,0,0,0,0,0,0
BFT DEVELOPMENT,1,1,1,0,1,0,1,1,1,0
BILLY BOYD REALTY AND CONSTRUCTION,1,0,0,0,0,0,0,0,0,0
BIRMINGHAM GROUP AL LLC,1,1,1,0,0,0,0,1,0,1
BL HARBERT INTERNATIONAL,1,0,0,0,0,0,0,0,0,0
BLAKELY LAND MANAGEMENT LLC,1,1,1,0,0,0,0,1,0,1
BLUE FROG LLC,1,1,1,0,0,0,1,1,0,1
BOBBY R CANNON LLC BDA CANNON HOMES,1,1,0,0,0,0,0,0,1,0
BORADWAY GROUP LLC,1,0,0,0,0,0,0,0,0,0
BRANDI BRUNER,1,1,0,0,0,0,0,0,0,0
BRAODWAY GROUP LLC,1,1,1,0,0,0,0,1,0,1
BRAODWAY GROUP LLC THE,1,1,1,0,0,0,0,1,0,1
BRASCHO GRADING LLC,1,0,0,0,0,0,0,0,0,0
BRENT TIDWELL,1,0,0,0,0,0,0,0,0,0
BRINK APARTMENTS,1,1,1,1,0,0,0,1,1,0
BRM RESIDENTAIL HOMES INC,1,1,1,0,0,1,0,0,1,0
BROADWAY GROUP,1,1,1,0,0,0,0,1,0,1
BROSE TUSCALOOSA INC,1,0,0,0,0,0,0,0,0,0
BRUNSON NICHOLS CONSTRUCTION COOMPANY INC,1,0,0,0,0,0,0,0,0,0
BUFFALO ROCK CO INC,1,1,1,0,0,0,1,1,0,1
BUILDING AND EARTH SCIENCE INC,1,1,1,0,0,0,0,1,0,1
BULLET AND BARREL LLC,1,1,0,0,0,0,0,0,0,0
BURLINGTON LLC,1,1,1,0,1,1,0,1,1,0
C H S PROPERTIES INC,1,1,1,1,0,0,0,1,0,1
C M BAILEY AND COMPANY,1,1,1,0,0,0,1,1,0,1
C N BAILEY,1,1,1,0,0,0,0,1,0,1
CALIBER COLLISION CENTER,1,1,1,0,0,0,0,1,0,1
CANOE PROPERTIES LLC,1,0,0,0,0,0,0,0,0,0
CAPSTONE RURAL HEALTH,1,1,1,0,0,0,0,1,0,1
CARMON CONSTRUCTION INC,1,1,0,0,0,0,0,0,0,0
CARSENN CONSTRUCTION COMPANY,1,1,0,0,0,0,0,0,0,0
CASTNER KNOTT RIVEROAKS CENTER,1,1,1,0,0,0,0,1,1,0
CCT LOGISTICS,1,1,0,0,0,0,0,0,0,0
CEFCO,1,1,1,0,0,0,0,1,0,1
CHAVERS RV LLC DBA BAMA RV,1,1,0,0,0,0,0,0,0,0
CHEVRON USA,1,1,1,0,0,0,0,1,0,1
CHRIS BREWER CONSTRUCTION INC,1,1,0,0,0,0,0,0,0,0
CHRIS JONES PROPERTY,1,1,1,0,0,0,0,1,0,1
CHRISTOPHER WATSON,1,0,0,0,0,0,0,0,0,0
CITY OF HANCEVILLE INDUSTRIAL,1,1,1,0,0,0,0,1,0,1
CLARK CONSTRUCTION LLC,1,1,1,0,0,0,0,1,0,1
CLARK GAS CO INC,1,0,0,0,0,0,0,0,0,0
CLAYCO,1,1,0,0,0,0,0,0,0,0
CLAYTON PRPERTIES GROUP DBA HARRIS DOYLE HOMES,1,1,1,0,1,0,0,1,1,0
CNJ USA INC,1,0,0,0,0,0,0,0,0,0
COLONNADE COMMUNITTIES LLC,1,1,1,0,0,0,0,1,0,1
CONECUH COUNTY COMMISSION,1,0,0,0,0,0,0,0,0,0
CONSTELLATION DEVELOPMENT LLC,1,1,1,0,0,0,0,1,0,1
COOK CONSTRUCTION LLC,1,1,1,1,1,0,1,1,1,0
COOK OUT AUBURN MALL INC,1,0,0,0,0,0,0,0,0,0
COOK OUT OPELIKA INC,1,1,0,0,0,0,0,0,1,0
COOK OUT RESTAURANTS,1,0,0,0,0,0,0,0,0,0
COOK OUT TROY INC,1,1,0,0,0,0,0,0,1,0
COOKS PEST CONTROL,1,1,1,0,0,0,0,1,0,1
COOLIDGE STRICKLAND,1,0,0,0,0,0,0,0,0,0
COOPER CONSRTUCTION COMPANY INC,1,1,1,0,0,0,1,1,1,0
COPPERLINE PROPERTIES B LLC,1,1,1,0,0,0,0,1,0,1
CORBIN BARTGIS,1,0,0,0,0,0,0,0,1,0
COTTAGE AT ROMAR LLP,1,1,0,0,0,0,0,0,0,0
COUNTY ROAD 64 LLC,1,1,1,0,0,0,0,1,0,1
CROSS BRIDGE CHURCH OF CHRIST,1,1,1,0,0,0,1,1,0,1
CROSSHAVEN 6 LLC,1,1,1,0,0,0,0,1,1,0
CROWN LEASING INC,1,1,1,0,0,0,0,1,0,1
CTS EXCAVATING,1,1,1,0,0,0,0,1,0,1
CULLMAS COMPANY SOIL AND WATER CONSERVATION DISTRICT,1,1,1,0,0,0,0,1,0,1
CUNNIGHAM DELANEY CONSTRUCTION LLC,1,1,1,0,0,0,0,1,0,1
CYNTHIA WILLIAMS,1,1,1,0,0,0,0,1,0,1
CYPRESS GATES LLC,1,1,1,0,0,0,0,1,0,1
D AND A I INVESTMENTS LLC,1,0,0,0,0,0,0,0,0,0
DALCON CONSTRUCTION INC,1,1,1,0,0,0,0,1,0,1
DALE REEVES CONSTRUCTION INC,1,1,1,0,1,0,1,1,1,0
DAUPHIN HOUSING ASSOCIATES LP,1,1,1,0,0,0,0,1,0,1
DAVID FLYOD,1,1,0,0,0,0,0,0,1,0
DAVID JAWETT,1,1,1,1,0,0,0,0,0,1
DBW BUILDERS LLC ET AL,1,1,0,0,0,0,0,0,0,0
DC01 LLC,1,0,0,0,0,0,0,0,0,0
DEACO INVESTMENTS LLC,1,0,0,0,0,0,0,0,0,0
DELTA T PROPERTIES LLC DBA,1,1,1,0,0,0,0,1,0,1
DETROIT TOWN OF,1,1,1,0,0,0,0,1,0,1
DFM OPELIKA LLC,1,1,1,1,0,0,1,1,1,0
DIVERSIFIED REAL ESTATE DEVELOPMENT LLC,1,1,0,0,0,0,0,0,1,0
DOMINION CONSTRUCTION,1,1,1,0,0,0,0,1,0,1
DONNIE LANE,1,1,1,0,0,0,0,1,0,1
DOTHAN COMMUNITY CHURCH INC,1,1,1,0,0,0,0,1,1,0
DOWNTOWN REDEVELOPMENT AUTHORITY,1,1,1,0,0,0,0,1,0,1
DR HORTON INC BIRMINHGAM,1,1,1,1,1,1,0,1,0,1
DURHAM ORTHODONTICS,1,1,1,0,0,0,0,1,0,1
DYNETICS INC,1,1,1,0,0,0,0,1,0,1
EAGLE ROCK,1,1,1,0,0,0,0,1,0,1
EARL SMITH BUILDERS INC,1,0,0,0,0,0,0,0,0,0
EDWARD CAHILL,1,1,1,0,0,0,0,1,0,1
EGS COMMERICAL REAL ESTATE INC,1,1,1,1,0,1,1,1,1,0
ELCAN LOT NUMBER 2,1,1,0,0,0,0,0,0,0,0
ENCOMPASS HEALTH REHABILITATION HOSPITAL OF SHELBY COUNTY,1,1,1,0,0,0,0,1,0,1
ENTERPRISE INVESTMENT PRPPERTIES LLC,1,1,0,0,0,0,0,0,1,0
ENTERPRISE MINIATURE GOLF LLC,1,1,1,1,0,0,1,1,1,0
ENVIROCON INC,1,0,0,0,0,0,0,0,0,0
EVONIK CORPORATION,1,1,1,1,1,0,1,0,0,1
F ANS D ENTERPRISES INC,1,1,1,0,0,0,0,1,0,1
FARMER FIRST PEANUT COMPANY LLC,1,1,1,0,0,0,0,1,0,1
FEDEX FREIGHT EAST INC,1,1,0,0,0,0,0,0,1,0
FIRST TEAM CONSTRUCTION COMPANY INC,1,1,0,0,0,0,0,0,1,0
FITZHUGH LEE CONSTRUCTION COMPANY LLC,1,1,1,0,0,0,0,1,0,1
FIVE STAR DEVELOPMENT INC,1,0,0,0,0,0,0,0,0,0
FOCAL PROPERTIES LLC,1,0,0,0,0,0,0,0,0,0
FOGGY HOLLOW SUBDIVISION,1,0,0,0,0,0,0,0,0,0
FORESTWOOD FARM INC,1,1,1,0,0,0,0,1,0,1
FORTUNA INVESTMENTS LLC,1,1,1,1,0,1,1,1,1,0
FOXFIELD DEVELOPMENT LLC,1,1,1,0,0,0,0,1,0,1
FRANK WILDER,1,0,0,0,0,0,0,0,0,0
FRANKLIN PRIMARY HEALTH CENTER INC,1,1,1,0,0,0,0,1,0,1
FREIGHTLINER OF ARIZONA LLC,1,1,1,0,0,0,0,1,0,1
FREINDS FOREVER FAMILY LLC,1,1,1,0,0,0,1,1,1,0
FTC INVESTMENTS LLC,1,1,0,0,0,0,0,0,1,0
FUSION GROUP HOLDINGS INC,1,0,0,0,0,0,0,0,0,0
G A WEST AND COMPANY INC,1,0,0,0,0,0,0,0,0,0
G AND B ENTERPRISES INC,1,0,0,0,0,0,0,0,0,0
G M STUART INC,1,1,0,0,0,0,0,0,0,0
GALLANT LAKE LLC,1,1,1,1,1,0,1,1,1,0
GARY MILLER,1,1,0,0,0,0,0,0,0,0
GARY RUHL,1,1,1,0,0,0,0,1,0,1
GATHERING PLACE CHURCH,1,1,1,0,0,0,0,1,0,1
GENERAL EXCAVATION SERVICES LLC,1,0,0,0,0,0,0,0,0,0
GEOTECHNICAL ENGINEERING TESTING INC,1,0,0,0,0,0,0,0,0,0
GH PROPERTY MANAGEMENT LLC,1,0,0,0,0,0,0,0,0,0
GIBBS AND SONS MACHINERY INC,1,1,1,0,0,0,0,1,1,0
GM33 LLC,1,1,1,0,0,0,0,1,0,1
GRACE LAND DEVELOPERS LLC,1,1,1,0,0,0,0,1,0,1
GREER BUILDING CONTRACTORS,1,1,1,0,0,0,0,1,0,1
GREY LAND,1,0,0,0,0,0,0,0,1,0
GRIFFIN CONSTRUCTION,1,1,1,0,0,0,0,1,0,1
GUIDRY LAND DEVELOPMENT,1,1,1,1,0,0,1,1,0,1
GULF COAST CONSTRUCTION LLC,1,1,1,1,1,0,0,1,1,0
GULF SHORES AIRPORT WAREHOUSE,1,1,1,0,0,0,0,1,0,1
GULF SOUTH DEVELOPMENT GROUP LLC,1,0,0,0,0,0,0,0,0,0
HANWHA L AND C ALABAMA LLC,1,0,0,0,0,0,0,0,0,0
HARBOR AT BLUE CREEK LLC,1,0,0,0,0,0,0,0,0,0
HARTFORD CITY OF,1,1,0,0,0,0,0,0,0,0
HASTY LANEY,1,1,0,0,0,0,0,0,1,0
HEFLIN CITY OF,1,1,1,0,1,0,1,0,0,1
HENDRICK SUBARU,1,1,1,1,1,0,1,1,0,1
HENIFF TRANSPORTATION SYSTEMS LLC,1,1,0,0,0,0,0,0,0,0
HEWES CONSTRUCTION LLC,1,1,0,0,0,0,0,0,1,0
HIDDEN FORREST LLC,1,1,1,1,1,0,1,0,1,0
HIDDEN HILLS TRACE LTD,1,1,0,0,0,0,0,0,1,0
HIDDEN WOODS LLC,1,1,1,1,0,0,1,1,0,1
HIGH TIDE OIL COMPANY,1,1,1,1,0,0,0,0,1,0
HIGHPOINT PROPERTIES MONTOGMERY LLC,1,0,0,0,0,0,0,0,0,0
HILTON COOPER CONTRACTIING INC,1,0,0,0,0,0,0,0,0,0
HIS WAY RECOVERY CENTER,1,1,1,0,0,0,0,1,1,0
HOLCOMB COLLISION,1,1,1,0,0,0,0,1,0,1
HOLLEY PROPERTIES,1,1,0,0,0,0,0,0,1,0
HOME 2 SUITES FULTONDALE,1,1,1,0,0,0,0,1,0,1
HOUSING AUTHORITY OF HAMILTON,1,0,0,0,0,0,0,0,0,0
HOWARD BENTLEY BUICK GMC,1,1,1,0,0,0,0,1,0,1
HSC MOBILE LLC,1,1,0,0,0,0,0,0,0,0
HUNTINGDON COLLEGE,1,1,0,0,0,0,0,0,0,0
HUNTSVILLE MADISON CO MARINA AND PORT AU,1,1,1,0,0,0,0,1,0,1
I 359 INC,1,1,1,1,0,0,1,0,0,1
IM INVESTMENTS,1,1,1,0,0,0,0,1,1,0
IMPACT FITNESS,1,1,1,0,0,0,0,1,0,1
INDUSTRIAL DEVELOPMENT BOARD OF THE CITY OF DAPHNE,1,1,1,0,0,0,0,1,0,1
INTERSOUTH PROPERTIES INC,1,1,1,0,0,0,0,1,0,1
IRVINE COMPANY INC,1,1,1,0,0,0,1,1,0,1
JABEZ DEVELOPMENT,1,1,1,0,0,0,0,1,1,0
JACE JOHNSON CONSTRUCTION LLC,1,1,1,0,0,0,0,1,1,0
JACKSONVILLE CITY OF WWORKS GAS SEWER BOARD,1,1,1,1,1,1,1,1,0,1
JACOB DEN BRABER,1,0,0,0,0,0,0,0,0,0
JAMES G PRUETT,1,1,1,0,0,0,0,1,0,1
JAMES GARRETT,1,1,0,0,0,0,0,0,1,0
JAMES GLASSCOCK,1,0,0,0,0,0,0,0,0,0
JAMES W CAMPBELL DBA U STOR IT,1,1,0,0,0,0,0,0,1,0
JASON BLYTHE,1,1,0,0,0,0,0,0,1,0
JASON SMITH,1,0,0,0,0,0,0,0,0,0
JAWAND CROOM,1,1,1,1,0,0,1,0,0,1
JB REAL ESTATE HOLDINGS LLC,1,1,1,0,0,0,1,1,1,0
JCF HUNTSVILLE LLC,1,1,1,0,0,0,0,1,1,0
JEFF JOHNSON,1,0,0,0,0,0,0,0,0,0
JIBA DEVELOPMENT LLC,1,1,1,1,1,1,0,1,1,0
JME BUILDING AND DEVELOPMENT LLC,1,1,1,1,0,1,0,1,0,1
JOANN AGOSTINELLI,1,1,1,1,0,0,0,1,0,1
JOHECKANSTALLER BUILDERS INC,1,1,1,1,0,0,0,1,0,1
JOHN A PELHAM,1,1,1,0,0,0,0,1,0,1
JOHNNY BOWEN,1,1,0,0,0,0,0,0,0,0
JOHNSON BROTHERS CORPORATION,1,0,0,0,0,0,0,0,0,0
JONATHAN TEEL,1,0,0,0,0,0,0,0,0,0
JUBILEE SELF STORAGE LLC,1,0,0,0,0,0,0,0,0,0
KAAT LLC,1,1,1,0,0,0,0,1,0,1
KEITH BELT,1,0,0,0,0,0,0,0,0,0
KITHS KITCHEN LLC,1,1,1,0,0,0,0,1,0,1
KRISTIN KOPPEN,1,0,0,0,0,0,0,0,0,0
L AND D MOORE CONTRACTING LLC,1,1,1,1,0,0,0,1,0,1
L AND K CONTRACTING COOMPANY INC,1,0,0,0,0,0,0,0,0,0
LADNIER PROPERTIES LLC,1,1,1,0,0,0,0,1,0,1
LAFAYETTE LAND COMPANY INC,1,1,1,1,0,0,0,1,0,1
LAKE FOREST DEVELOPMENT LLC,1,0,0,0,0,0,0,0,0,0
LAKESHORE FOUNDATION,1,0,0,0,0,0,0,0,0,0
LANDMARK URBAN CONSTRUCTION AL LLC,1,0,0,0,0,0,0,0,0,0
LAQUNITA FRANCHISE OPRATIONS LLC,1,1,1,0,0,0,0,1,0,1
LARRY PRICE JR,1,0,0,0,0,0,0,0,0,0
LEE ZHANG,1,0,0,0,0,0,0,0,0,0
LEELAND HOLDINGS LLC,1,1,1,0,0,0,0,1,0,1
LEFT RIGGER LLC,1,1,1,1,1,0,1,1,0,1
LEGACY HOMES,1,1,0,0,0,0,0,0,1,0
LENZING FIBERS INC,1,0,0,0,0,0,0,0,0,0
LESTA LLC,1,1,0,0,0,0,0,0,0,0
LETRINITY LLC,1,0,0,0,0,0,0,0,0,0
LINKS CROSSING LLC,1,0,0,0,0,0,0,0,0,0
LITTLE LAGOON COTTAGES LLC,1,1,1,0,0,0,0,1,0,1
LMS REAL ESTATE INVESTMENT MANAGEMENT LLC,1,1,1,0,0,0,0,1,0,1
LOCUS CONSTRUCTION INC,1,1,0,0,0,0,0,0,0,0
LONGWAY INVESTMENTS,1,0,0,0,0,0,0,0,0,0
LOVEMAN REDEVELOPMENT I LTD,1,1,0,0,0,0,0,0,0,0
LOVES TRAVEL STOP AND COUNTRY STORES,1,0,0,0,0,0,0,0,0,0
M AND K PROPERTIES LLC,1,1,1,0,0,0,0,1,1,0
MACON COUNTY WATER AND FPA,1,0,0,0,0,0,0,0,0,0
MADISON BIBLE CHURCH,1,1,1,0,0,0,0,1,0,1
MAGNOLIA LAND COMPANY INC,1,1,1,1,1,1,1,1,1,0
MAGNOLIA PROPERTY MANAGEMENT INC,1,1,1,0,0,0,0,1,0,1
MAISEL PROPERTIES,1,0,0,0,0,0,0,0,0,0
MALUFF FAMILY PARTNERSHIP LLC,1,1,1,0,0,0,0,1,0,1
MARK CARTER,1,1,1,0,0,0,0,1,1,0
MARLIN BLALOCK,1,1,1,0,0,0,0,1,0,1
MARSHALL GROUP LLC,1,0,0,0,0,0,0,0,0,0
MASSOUD NASSERI,1,1,1,0,0,0,0,1,0,1
MASTERS CONSTRUCTION,1,1,0,0,0,0,0,0,0,0
MAX FOOTE CONSTRUCTION COMPANY LLC,1,0,0,0,0,0,0,0,0,0
MAYFAIR RENTALS LLC,1,1,1,0,0,0,0,1,0,1
MCCARTNEY CONSTRUCTION COMPANY INC,1,1,1,0,0,0,0,1,1,0
MCN CONSTRUCTION,1,1,1,1,1,0,1,1,0,1
MCSWEENEY AUTOMOTIVE GROUP II,1,1,1,0,0,0,0,1,0,1
MEEKS TRUCK AND TRAILER REPAIR LLC,1,1,1,0,0,0,1,1,1,0
MEYER NAJEM CONSTRUCTION LLC,1,1,0,0,0,0,0,0,0,0
MICHAEL TAYLOR,1,1,1,1,0,0,0,1,0,1
MIKE ROZIER CONSTRUCTION COMPANY INC,1,1,1,0,0,0,0,1,0,1
MIKE WILLIAMS,1,1,0,0,0,0,0,0,0,0
MILL SPRINGS LLC,1,1,0,0,0,0,0,0,0,0
MMC MATERIALS INC,1,0,0,0,0,0,0,0,0,0
MOBILE ASPHALT LLC,1,0,0,0,0,0,0,0,0,0
MOBILE COUNTY HEALTH DEPARTMENT,1,1,0,0,0,0,0,0,0,0
MOBILE HOUSING BOARD,1,1,0,0,0,0,0,0,0,0
MOLLERTECH USA LLC,1,0,0,0,0,0,0,0,0,0
MON DON CHERT ESTATES LLC,1,1,1,0,0,0,1,0,1,0
MORRIS CHURCH OF CHRIST,1,1,0,0,0,0,0,0,0,0
MORRIS SHEA BRIDGE CO,1,1,1,0,0,0,0,1,0,1
MOSLEY BUILDING SYSTEM INC,1,1,0,0,0,0,0,0,1,0
MOUNT OF TRANSFIGURATION,1,1,0,0,0,0,0,0,0,0
MR MARK CARTER,1,1,1,0,0,0,0,1,0,1
MSONE LLC,1,1,1,0,0,0,0,1,0,1
MULLINAX FORD OF MOBILE,1,1,0,0,0,0,0,0,1,0
MURPHYS PLACE PHASE 4 LLC,1,1,1,0,0,0,0,1,0,1
NEAL BUTLER,1,1,0,0,0,0,0,0,1,0
NEW SOUTH LLC,1,1,1,0,0,0,0,1,0,1
NEXT LEVEL APPAREL DBA Y S GARMENT INC,1,1,1,1,0,0,1,1,1,0
NHS ATHENS HEALTH AND REHABILITATION LLC,1,1,1,0,0,0,0,1,0,1
NORTON NEW HOMES,1,1,1,0,0,0,0,1,0,1
NW DEVELOPMENT LLC,1,1,0,0,0,0,0,0,0,0
OM 231 NORTH LLC,1,0,0,0,0,0,0,0,0,0
ONE GLEN HARDIE LLC,1,1,0,0,0,0,0,0,0,0
ONEONTA CITY OF UTILITIES BOARD,1,1,1,1,0,0,1,1,1,0
OPPIDAN HOLDINGS LLC,1,1,1,0,0,0,0,1,0,1
OQUIN,1,1,1,0,0,0,0,1,0,1
OROCON CAROTHERS JV,1,1,1,0,0,0,0,1,0,1
OUTBACK ENTERPRISES LLC,1,1,1,1,0,0,1,0,0,1
PAC ENTERPRISES,1,1,1,0,0,0,1,1,1,0
PACKAGING CORP OF AMERICA,1,0,0,0,0,0,0,0,0,0
PARADIGM HOTEL GROUP LLC,1,1,1,0,0,0,0,1,0,1
PARK VALLEY SHOPPING CENTER,1,1,1,0,0,0,0,1,0,1
PARKER REAL ESTATE LLC,1,1,1,0,0,0,0,1,0,1
PATRIOT FUELING CENTER LLC,1,0,0,0,0,0,0,0,0,0
PENROSE PROPERTIES LLC,1,1,1,0,0,0,0,1,0,1
PESNELL REAL ESTATE INVESTMENT,1,1,0,0,0,0,0,0,1,0
PETRO AMERICA,1,1,1,1,1,0,1,1,1,0
PETRO AMERICA LLC,1,1,1,0,0,0,1,1,0,1
PHIL MINTER,1,0,0,0,0,0,0,0,0,0
PHOENIX ORANGE BEACH II LLC,1,0,0,0,0,0,0,0,0,0
PIERCON INC,1,1,0,0,0,0,0,0,0,0
PIG FARM RANGE LLC,1,1,0,0,0,0,0,0,1,0
PINE HOLDINGS LLC,1,1,0,0,0,0,0,0,1,0
PINEHURST INVESTMENTS LLC,1,1,1,0,0,0,0,1,0,1
PINSON VALLEY SELF STORAGE LLC,1,1,1,0,0,0,0,1,1,0
PIONEER CONSTRUCTION,1,1,1,0,0,0,0,1,0,1
PLAINSMEN DEVELOPMENT INC,1,1,0,0,0,0,0,0,1,0
PLATT BUILDERS,1,0,0,0,0,0,0,0,0,0
PONDER ENTERPRISE INC,1,0,0,0,0,0,0,0,0,0
POUND CONSTRUCTION,1,1,0,0,0,0,0,0,0,0
POWELL RV STORAGE,1,1,1,1,0,0,1,0,0,1
PRANAV LLC,1,1,1,0,0,0,0,1,0,1
PRECISION LAND DEVELOPMENT LLC,1,0,0,0,0,0,0,0,0,0
PREMIER CDJR OF TROY,1,1,0,0,0,0,0,0,1,0
PREMIER KINGS HOLDINGS OF ALABAMA LLC,1,1,1,0,0,0,0,1,0,1
PRICE CONSTRUCTION CO INC,1,1,1,0,0,0,0,1,0,1
PRICE MCGIFFERT CONSTRUCTION COMPANY INC,1,0,0,0,0,0,0,0,0,0
PROVIDENCE PARK MOBI,1,1,0,0,0,0,0,0,0,0
QUINTON DG LLC,1,0,0,0,0,0,0,0,0,0
R AND L DAVIS LLC,1,1,1,0,0,0,0,1,0,1
RAM MILLBROOK HOSPITALITY LLC,1,1,0,0,0,0,0,0,0,0
RAZICKS CONSTRUCTION INC,1,1,1,0,0,0,0,1,0,1
RB GLOBAL,1,1,0,0,0,0,0,0,0,0
REDLAND HILLS CHURCH,1,1,1,0,0,0,0,1,0,1
RICE VALLEY JOINT VENTURE,1,1,0,0,0,0,0,0,0,0
RICHARD D STARR AND JAMES L STARR,1,1,0,0,0,0,0,0,1,0
RICKEY ISBELL,1,0,0,0,0,0,0,0,0,0
RICKY WIGGINS BUILDERS INC,1,1,0,0,0,0,0,0,1,0
RIVER 53 LLC,1,1,1,0,0,0,0,1,1,0
RIVER CITY EQUIPMENT RENTAL AND SALES INC,1,1,1,0,0,0,0,1,0,1
RMTA ENTERPRISE S LLC,1,1,1,0,0,0,0,1,1,0
ROANOKE BOARD OF EDUCATION,1,0,0,0,0,0,0,0,0,0
ROANOKE CITY OF UTILITIES BOARD,1,0,0,0,0,0,0,0,0,0
ROBERT EATON BUILDERS,1,1,1,0,0,0,0,1,0,1
ROYAL DEAN PROPERTIES LLC,1,1,1,0,1,0,1,0,1,0
RSM PROPERTIES LLC,1,1,1,0,0,0,0,1,0,1
SAFE CLIMATE STORAGE LLC,1,1,0,0,0,0,0,0,1,0
SAINT ELIZABETH C P CHURCH,1,1,1,0,0,0,0,1,0,1
SAINT LUKE OVERFLOW PARKING,1,1,1,0,0,0,0,1,0,1
SAINT LUKES EPISCOPAL CHURCH,1,1,1,0,0,0,0,1,0,1
SATANAM SETHI,1,1,1,0,0,0,0,1,1,0
SAUGAHATCHEE ROAD LLC,1,0,0,0,0,0,0,0,0,0
SCHENKER INC,1,0,0,0,0,0,0,0,0,0
SEBASTIAN ENTERPRISES INC,1,1,0,0,0,0,0,0,1,0
SELBY ENTERPRISES LLC,1,1,0,0,0,0,0,0,0,0
SEOYON E HWA ALABAMA,1,1,1,0,0,0,0,1,0,1
SERRA HONDA OF SYLACAUGA,1,1,1,0,0,0,0,1,0,1
SHAUL ZISLIN,1,1,1,0,0,1,0,1,0,1
SHELTON ROAD LLC,1,1,1,0,0,0,1,1,1,0
SHOAL CREEK BAPTIST CHURCH,1,1,0,0,0,0,0,0,1,0
SHORTER TOWN OF,1,0,0,0,0,0,0,0,0,0
SKYPARK PROPERTIES LLC,1,1,1,0,0,0,0,1,0,1
SOLLEY FAMILY PARTNERSHIP II LIMITED,1,1,1,0,0,0,0,1,0,1
SOMERVILLE TOWN OF,1,1,1,0,0,0,0,1,0,1
SOUTHEASTERN RETAIL DEVELOPMENT LLC,1,1,1,0,0,0,0,1,0,1
SOUTHERN AIRE CONTRACTING INC,1,0,0,0,0,0,0,0,0,0
SPECTRUM TIDE LLC,1,1,0,0,0,0,0,0,0,0
SPENCER PRESERVE LLC,1,1,1,1,1,1,1,1,1,0
SPRINGHILL HOSPITAL,1,1,0,0,0,0,0,0,0,0
STANLEY E MITCHELL,1,1,1,0,0,0,1,0,0,1
STATEWIDE CONSTRUCTION LLC,1,1,1,0,0,0,0,1,0,1
STEWART PERRY COMPANY,1,0,0,0,0,0,0,0,0,0
STONERIDGE HOMES,1,1,0,0,0,0,0,0,1,0
STONEWOOD HOMES LLC,1,1,1,0,0,0,0,1,0,1
STORY CONSTRUCTION,1,0,0,0,0,0,0,0,0,0
STOUGH DEVELOPMENT CORPORATION,1,1,1,0,0,0,0,1,0,1
STRAIN CONSTRUCTION COMPANY,1,0,0,0,0,0,0,0,0,0
STRATAS PROPERTIES,1,1,1,1,1,0,1,1,0,1
SULLIGENT CITY OF,1,0,0,0,0,0,0,0,0,0
SUN VIEW BAPTIST CHURCH INC,1,1,1,1,1,0,1,1,0,1
SYLACAUGA CHICK FIL A,1,1,1,0,0,0,0,1,0,1
TERMAC OFFICE,1,1,1,0,1,0,0,1,0,1
TERRAVIA CONASTRUCTION LLC,1,1,0,0,0,0,0,0,0,0
TEXAS EASTERN TRANSMISSION LP,1,0,0,0,0,0,0,0,0,0
THOMAS A GALLOWAY,1,1,1,1,0,0,0,1,0,1
THOMAS AND JACKSON CONSTRUCTION LLC,1,1,0,0,0,0,0,0,1,0
TIM MOSER,1,1,1,0,0,0,0,1,0,1
TIM YATES CONSTRUCTION,1,1,0,0,0,0,0,0,1,0
TIMES PLAZA LLC,1,0,0,0,0,0,0,0,0,0
TIMIMG LLC,1,1,0,0,0,0,0,0,0,0
TIMOTHY BROWN,1,0,0,0,0,0,0,0,0,0
TIMOTHY SMITH LINDSEY,1,0,0,0,0,0,0,0,0,0
TOLAND CONSTRUCTION,1,1,0,0,0,0,0,0,1,0
TRADEMARK ENGINEERING SERVICES INC,1,1,1,1,0,1,1,0,0,1
TRADEMART INVESTMENTS LLC,1,1,1,0,0,0,0,1,0,1
TRIAD PROPERTIES,1,1,0,0,0,0,0,0,0,0
TRIMAX PROPERTIES II LLC,1,1,1,0,0,0,0,1,0,1
TRINITY CME CHURCH,1,1,1,0,0,0,0,1,0,1
TRUSSVILLE COMMERICAL INVESTMENTS LLC,1,1,1,0,0,0,0,1,0,1
TUSCALOOSA CITY BROAD OF EDUCATION,1,1,1,0,0,0,0,1,0,1
TVA,1,0,0,0,0,0,0,0,0,0
TWO RIVERS LUMBER CO LLC,1,0,0,0,0,0,0,0,0,0
UNION SPRINGS CITY OF UTILITIES BOARD,1,1,0,0,0,0,0,0,0,0
UNITED PROPERTY GROUP LLC,1,1,1,0,0,0,0,1,0,1
UNIVERSITY OF ALABAMA HEALTH SERVICES FOUNDATION PC,1,0,0,0,0,0,0,0,0,0
UNIVERSITY OF NORTHERN ALABAMA STUDENT HOUSING PARTNERS LLC,1,1,0,0,0,0,0,0,0,0
URBAN CENTER AT LIBERTY PARK OWNERS ASSOCIATION INC,1,0,0,0,0,0,0,0,0,0
USS ALABAMA BATTLESHIP MEMORIAL PARK,1,0,0,0,0,0,0,0,0,0
VESTAVIA MEDICAL REAL ESTATE,1,0,0,0,0,0,0,0,0,0
W D SCHORSCH LLC,1,1,0,0,0,0,0,0,0,0
W W COMPTON CONTRACTOR LLC,1,0,0,0,0,0,0,0,0,0
WADE WILMETH,1,0,0,0,0,0,0,0,1,0
WALMART,1,0,0,0,0,0,0,0,0,0
WATERSTONE HOMES LLC,1,1,1,0,0,0,0,1,0,1
WATSON IMPROVEMENTS LLC,1,1,0,0,0,0,0,0,1,0
WATWOOD INVESTMENTS LLC,1,1,1,0,0,0,0,1,0,1
WEATHERS HARDWARE AND APPLIANCE CO INC,1,1,1,0,0,0,0,1,0,1
WELLHOUSE THE,1,0,0,0,0,0,0,0,0,0
WENDCO GROUP THE,1,1,0,0,0,0,0,0,0,0
WENDELL BARNHILL,1,1,1,0,0,0,0,1,0,1
WESSCORP COMMUNTIES LLC,1,1,1,0,1,1,1,1,1,0
WEST COAST CONTRACTORS OF NEVADA,1,1,1,0,0,0,0,1,0,1
WESTFIELD 72 LLC,1,1,1,0,0,0,0,1,0,1
WESTROCK PACKAGING SYSTEMS LLC,1,1,1,0,0,0,0,1,0,1
WHITAKER CONTRACTING,1,0,0,0,0,0,0,0,0,0
WHITAKER CONTRACTING CORP,1,1,1,0,0,0,0,1,0,1
WHITE ROCK QUARRIES LLC,1,0,0,0,0,0,0,0,0,0
WILLIAM KIRKWOOD,1,1,0,0,0,0,0,0,0,0
WILLIAMS MOBILE BAY PRODUCER SERVICES LLC,1,0,0,0,0,0,0,0,0,0
WILLIAMS TRANSCONTINENTAL GAS PIPE LINE COMPANY LLC,1,0,0,0,0,0,0,0,0,0
WILLOW POND LLC,1,0,0,0,0,0,0,0,0,0
WILLOW TRACE LLC,1,0,0,0,0,0,0,0,0,0
WINNETKA PROPERTIES,1,1,1,0,0,0,0,1,1,0
WLC FOODS LLC,1,0,0,0,0,0,0,0,0,0
WOOD FLOOR STORE THE,1,1,1,0,0,0,0,1,0,1
WORD OF GOD,1,0,0,0,0,0,0,0,0,0
WRIGHT BROTHERS CONSTRUCTION INC,1,0,0,0,0,0,0,0,0,0
WWG LLC,1,1,0,0,0,0,0,0,1,0
YMKER DEVELOPMENT LLC,1,1,1,0,0,0,0,1,1,0
ZEIGLER CORPORATION,1,1,1,1,0,0,1,0,0,1
2251 ROSS CLARK LLC,1,1,0,0,0,0,0,0,1,0
805 RAILROAD AVE LLC,1,1,1,0,0,0,0,1,0,1
AAA HOMEBUILDERS LLC,1,1,0,0,0,0,0,0,0,0
ABBA LLC,1,1,0,0,0,0,0,0,1,0
ABBEVILLE FIBER LLC,1,0,0,0,0,0,0,0,0,0
ABBY MADDOX,1,0,0,0,0,0,0,0,0,0
ACCURATE CONTROL EQUIPMENT INC,1,1,1,0,0,0,0,1,0,1
ADGER DG LLC,1,0,0,0,0,0,0,0,0,0
AFS,1,1,1,1,0,0,1,0,0,1
AGCOR,1,1,1,1,0,0,0,1,0,1
AIRBUS US MANUFACTURING FACILITY,1,1,0,0,0,0,0,0,1,0
AL SOLAR B LLC,1,0,0,0,0,0,0,0,0,0
AL SOLAR C LLC,1,0,0,0,0,0,0,0,0,0
AL TITLE PARTNERS LLC,1,1,1,0,0,0,0,1,0,1
ALABAMA EYE SURGERY CENTER LLC,1,1,0,0,0,0,0,0,0,0
ALABAMA GULF COAST MUSIC HALL,1,1,1,0,0,0,0,1,0,1
ALABAMA LAND SALES LLC,1,0,0,0,0,0,0,0,0,0
ALABAMA VEIN SPECIALIST GROUP LLC,1,1,1,0,0,0,0,1,0,1
ALABAMA WASTE WATER SYSTEMS INC,1,0,0,0,0,0,0,0,0,0
ALAN WEEKS,1,1,0,0,0,0,0,0,1,0
ALAWEST AL LLC,1,1,1,0,0,0,0,1,0,1
ALEXANDER SEALCOATING AND STRIPING INC,1,1,1,0,0,0,0,1,1,0
ALICE G HAWKS,1,1,1,1,1,0,0,1,0,1
AMAZING PARTNERS LLC,1,1,1,0,0,0,1,0,1,0
AMAZON DOT COM SERVICES LLC,1,1,1,0,1,0,0,1,1,0
ANDREW DUBOIS,1,1,1,0,0,0,0,1,1,0
ANDY OSWALT,1,0,0,0,0,0,0,0,0,0
ANGLE INC,1,1,1,0,0,0,0,1,0,1
APTITUDE 5TH LLC,1,1,1,0,0,0,0,1,0,1
ARGO CITY OF,1,1,0,0,0,0,0,0,0,0
ARMWAY LLC,1,1,0,0,0,0,0,0,1,0
ASEM HASAN,1,1,0,0,0,0,0,0,1,0
AUBURN RESEARCH AND TECHNOLOGY CENTER,1,1,1,0,0,0,0,1,0,1
AVENUE AT AUBURN LLC THE,1,0,0,0,0,0,0,0,0,0
B AND K SERVICES INC,1,0,0,0,0,0,0,0,0,0
BABIN AND PEARCE REAL ESTATE,1,0,0,0,0,0,0,0,0,0
BAE SYSTEMS,1,1,1,0,0,0,0,1,0,1
BALCH DEVELOPMENT LLC,1,0,0,0,0,0,0,0,0,0
BARNWELL STORAGE LLC,1,1,0,0,0,0,0,0,0,0
BARTEN HILL APARTMENTS,1,0,0,0,0,0,0,0,0,0
BAY STEEL CORPORATION,1,1,0,0,0,0,0,0,1,0
BAYSIDE CONSULTING LLC,1,1,1,0,0,0,0,1,0,1
BEN RADCLIFF CONTRACTOR INC,1,1,1,1,0,0,0,1,0,1
BENCHMARK HOMES LLC,1,1,0,0,0,0,0,0,1,0
BENDER FARMS AND PROPERTIES LLC,1,1,1,1,0,1,1,0,1,0
BESSEMER ALLIANCE DG LLC,1,0,0,0,0,0,0,0,0,0
BFEL INDEMNITOR INC,1,1,0,0,0,0,0,0,0,0
BH CRAIG CONSTRUCTION CO,1,0,0,0,0,0,0,0,0,0
BIBLE COMES TO LIFE INC,1,1,1,0,0,0,0,1,0,1
BIRCHWOOD DEVELOPMENT LLC,1,1,1,1,0,1,1,0,1,0
BLACK CREEK PARTNERS,1,1,0,0,0,0,0,0,0,0
BLADE CONSTRUCTION LLC,1,1,0,0,0,0,0,0,0,0
BLAKE HINDMAN,1,0,0,0,0,0,0,0,0,0
BLOUNT COUNTY HEALTH CARE INC,1,1,1,0,0,0,0,1,0,1
BOB MORROW CONSTRUCTION COMPANY,1,0,0,0,0,0,0,0,0,0
BOCAR US INC,1,1,1,0,0,0,0,1,0,1
BOLT CONSTRUCTION AND EXCAVATING,1,1,1,0,0,0,0,1,0,1
BORROW LLC,1,1,1,0,0,0,0,1,0,1
BRANNON STAND CHRISTIAN ACADEMY LLC,1,1,0,0,0,0,0,0,0,0
BRELAND BUILDERS,1,1,0,0,0,0,0,0,0,0
BRIAN COFIELD,1,0,0,0,0,0,0,0,0,0
BRIAN SAUNDERS,1,1,0,0,0,0,0,0,1,0
BRIDGEPORT CITY OF UTILITIES BOARD,1,0,0,0,0,0,0,0,0,0
BROADVIEW PROPERTIES FAMILY LP,1,1,0,0,0,0,0,0,1,0
BT JASPER ASSOCIATES LLC,1,1,1,0,0,0,0,1,0,1
C AND C CONTRACTORS LLC,1,0,0,0,0,0,0,0,0,0
C D ROBERTS CONTRACTING INC,1,1,1,1,0,0,1,1,0,1
C ROBERDS GENERAL CONTRACTORS,1,1,1,0,0,0,0,1,0,1
C SQUARED CONTRACTING LLC,1,1,1,0,0,0,0,1,0,1
CALIBER DAPHNE LLC,1,1,1,1,0,0,0,1,0,1
CALVIN BOSARGE,1,1,1,0,0,0,0,1,0,1
CAMDEN NURSING FACILITY INC,1,0,0,0,0,0,0,0,0,0
CARY CROSSING LLC,1,0,0,0,0,0,0,0,0,0
CHEROKEE FARMS RV CENTER LLC,1,1,1,1,1,0,0,1,0,1
CHEROKEE GIN AND COTTON COMPANY,1,0,0,0,0,0,0,0,0,0
CHILTON DRYWALL INC,1,1,1,1,0,0,1,1,0,1
CHURCH ON BOLL WEEVIL CIRCLE,1,1,0,0,0,0,0,0,1,0
CITIZENS BANK,1,1,1,0,0,0,0,1,0,1
CLAYTON PROPERTY GROUP,1,1,1,0,1,0,0,1,1,0
CLAYTON PROPERTY GROUP INC,1,1,1,1,0,0,0,1,1,0
CNA CONSTRUCTION INC,1,1,1,0,1,0,0,1,0,1
COGENT BUILDING GROUP LLC,1,0,0,0,0,0,0,0,0,0
CONSOLIDATED PIPE AND SUPPLY CO,1,1,1,0,0,0,0,1,0,1
CONSTRUCTION SOUTH INC,1,1,0,0,0,0,0,0,1,0
COTTAGE LANE FAIRHOPE LLC,1,1,1,1,0,0,0,1,0,1
COTTON CONSTRUCTION,1,0,0,0,0,0,0,0,0,0
COUNTRY CLUB OF BIRMINGHAM,1,0,0,0,0,0,0,0,0,0
CREEK INDIAN ENTERPRISE DEVELOPMENT AUTHORITY,1,1,1,0,1,0,1,1,0,1
CROSS BAPTIST CHURCH OF EUFAULA AL INC,1,1,0,0,0,0,0,0,0,0
CROSSLAND CONSTRUCTION COMPANY INC,1,1,1,1,0,0,1,0,0,1
CULLMAN REIP LLC,1,1,0,0,0,0,0,0,0,0
CUNNINGHAM DELANEY INC,1,1,1,0,0,0,1,0,1,0
CURTIS WHITE COMPANIES INC,1,0,0,0,0,0,0,0,0,0
DAN JERR LLC,1,1,1,0,0,0,0,1,0,1
DANIEL LANG,1,0,0,0,0,0,0,0,0,0
DANIEL PATRICK FLEMING,1,0,0,0,0,0,0,0,0,0
DAPHNE COMMERCIAL PROPERTIES LLC,1,1,1,0,0,0,0,1,0,1
DAT HOLDINGS LLC,1,1,0,0,0,0,0,0,0,0
DCA RANGELINE LLC,1,1,0,0,0,0,0,0,0,0
DEBRA JAKEL,1,1,0,0,0,0,0,0,1,0
DENNIS J BALDWIN,1,1,1,0,0,0,0,1,0,1
DIXIELAND STORAGE LLC,1,1,0,0,0,0,0,0,1,0
DL ACTON CONSTRUCTION CO INC,1,1,0,0,0,0,0,0,0,0
DOMINGO GIANNONI,1,1,1,0,0,0,0,1,0,1
DON AND MARY ADCOCK,1,1,1,0,0,0,1,1,0,1
DONNIE ALLEN ENTERPRISES LLC,1,1,0,0,0,0,0,0,0,0
DOUTHIT CONSTRUCTION INC,1,1,1,0,0,0,0,1,0,1
DP HWY 72 LLC,1,1,1,0,0,0,0,1,0,1
DREW CUNNINGHAM,1,0,0,0,0,0,0,0,0,0
DUBBERLY GENERAL CONTRACTOR LLC,1,1,1,0,0,0,0,1,1,0
DULARI JENSEN SMITH,1,0,0,0,0,0,0,0,0,0
DUNNAWAY CORPORATION,1,1,0,0,0,0,0,0,0,0
E AND R PROPERTIES INC,1,1,1,0,0,0,0,1,0,1
ELITE REAL ESTATE SOLUTION LLC,1,1,1,1,1,0,0,1,0,1
ELMER VICK PRIVATE RESIDENCE,1,1,1,1,0,0,0,1,0,1
EMMANUELS FAITH CENTER,1,1,1,0,0,0,0,1,0,1
EMW CONSTRUCTION INC,1,1,1,0,0,0,0,1,1,0
ENCORE CHRYSLER DODGE JEEP RAM,1,1,0,0,0,0,0,0,1,0
ENGEL REALTY COMPANY LLC,1,0,0,0,0,0,0,0,0,0
ERIC MCKINLEY,1,1,0,0,0,0,0,0,1,0
ESTATES AT KENDAL LTD THE,1,1,1,0,0,0,0,1,0,1
EXPRESS OIL CHANGE LLC 790,1,1,1,0,0,0,0,1,0,1
FAREWAY 1 GUNTERSVILLE LLC,1,1,0,0,0,0,0,0,1,0
FARRIS PROPERTIES LLC,1,0,0,0,0,0,0,0,0,0
FERRELGAS LP,1,0,0,0,0,0,0,0,0,0
FH AND H LLC,1,0,0,0,0,0,0,0,0,0
FIRST BAPTIST CHURCH CENTER STAR,1,1,1,0,0,0,0,1,0,1
FIRST BAPTIST UNION GROVE,1,1,1,0,0,0,0,1,0,1
FIRST CREEK FARMS,1,0,0,0,0,0,0,0,0,0
FIRST HORIZON INC,1,1,1,1,1,1,1,1,1,0
FKC CULLMAN,1,1,0,0,0,0,0,0,0,0
FLINT WAVAHO,1,1,1,0,0,0,0,1,0,1
FM HOLDING LLC,1,0,0,0,0,0,0,0,0,0
FOLEY SPORTWORLD USA RESORT DEVELOPMENT,1,0,0,0,0,0,0,0,0,0
FOSCO LLC,1,1,1,0,0,0,0,1,0,1
FREEDOM FUELS LLC,1,1,0,0,0,0,0,0,0,0
FRIENDSHIP WATER WORKS,1,0,0,0,0,0,0,0,0,0
FSCU MADISON BOULEVARD BRANCH,1,1,1,0,0,0,0,1,0,1
GARNER PROPERTY LLC,1,1,1,0,0,0,0,1,0,1
GEORGE W CARLIS,1,1,0,0,0,0,0,0,0,0
GLENCOE DEVELOPMENT LLC,1,1,1,0,0,0,0,1,0,1
GLENDA Y NORRIS,1,1,0,0,0,0,0,0,0,0
GLH HOME BUILDERS LLC,1,1,1,1,1,0,0,1,0,1
GO MEDICAL GROUP,1,1,1,0,0,0,0,1,1,0
GREENVILLE AL DT LLC,1,1,1,0,0,0,0,1,0,1
GREYSTONE ALABAMA LLC,1,1,1,1,1,0,1,1,0,1
GROUP 1 AUTOMOTIVE,1,1,1,0,0,0,0,1,0,1
GULF DREAMS INC,1,1,1,0,0,0,0,1,1,0
GUTHRIE REAL ESTATE,1,1,1,0,0,0,0,1,0,1
H AND H ENTERPRISES INC,1,1,1,1,0,1,1,1,1,0
HAIER US APPLIANCE SOLUTIONS INC,1,0,0,0,0,0,0,0,0,0
HERITAGE PLANTATION LLC,1,1,0,0,0,0,0,0,1,0
HIGHLANDS DAY SCHOOL FOUNDATION THE,1,0,0,0,0,0,0,0,0,0
HILL CONSTRUCTION CO LLC,1,0,0,0,0,0,0,0,1,0
HILLCREST HOLDINGS LLC,1,0,0,0,0,0,0,0,0,0
HUFFMAN FARRIS CONSTRUCTION LLC,1,0,0,0,0,0,0,0,0,0
HUNTER HOMES LLC,1,0,0,0,0,0,0,0,0,0
IRAS DEVELOPMENT COMPANY LLC,1,1,1,0,0,0,0,1,0,1
IRON GATE COMMERCIAL HOLDINGS,1,0,0,0,0,0,0,0,0,0
J MANIFOLD CONSTRUCTION,1,0,0,0,0,0,0,0,0,0
JACKS FAMILY RESTAURANT ADDISON,1,0,0,0,0,0,0,0,0,0
JACKS FAMILY RESTAURANT MUSCLE SHOALS,1,1,1,0,0,0,0,1,0,1
JACOBS WELL LLC,1,1,1,0,0,0,0,1,0,1
JAMES HARDIE BUILDING PRODUCTS INC,1,1,0,0,0,0,0,0,1,0
JAMES MCDONALD,1,0,0,0,0,0,0,0,0,0
JCW MOBILE LLC,1,1,0,0,0,0,0,0,0,0
JEFF STONE,1,0,0,0,0,0,0,0,0,0
JEREMY LAMI,1,0,0,0,0,0,0,0,0,0
JEROME WILLIAMS,1,1,0,0,0,0,0,0,0,0
JERRY CLIFTON,1,1,0,0,0,0,0,0,1,0
JESSICA STOKES,1,1,1,1,1,0,0,1,0,1
JG BROS CONSTRUCTION INC,1,1,0,0,0,0,0,0,1,0
JIM SMITH CUSTOM BUILDER LLC,1,1,1,0,0,1,0,0,0,1
JOE COVINGTON,1,1,0,0,0,0,0,0,1,0
JOHN DAVISTON,1,0,0,0,0,0,0,0,0,0
JOHN GOWAN LENAGHAN,1,1,1,1,0,0,0,1,0,1
JOHN HUFF,1,0,0,0,0,0,0,0,0,0
JOHNSON S FERRY SUBDIVISION,1,0,0,0,0,0,0,0,0,0
JOSEPH FOUNTAIN,1,1,1,1,1,1,1,1,1,0
JROK INC,1,0,0,0,0,0,0,0,0,0
JUSTIN SHEPHERD CONSTRUCTION,1,0,0,0,0,0,0,0,0,0
KIMBER MANUFACTURING INC,1,1,0,0,0,0,0,0,1,0
KOCH FARMS LLC HATCHERY,1,0,0,0,0,0,0,0,0,0
KOCH FOODS INC,1,0,0,0,0,0,0,0,0,0
KUDZU VENTURES LLC,1,1,1,1,0,0,0,0,0,1
LAKE HARBOR LLC,1,1,0,0,0,0,0,0,1,0
LAKE MARTIN INVESTMENT GROUP,1,1,0,0,0,0,0,0,1,0
LANCASTER PROPERTY GROUP LLC,1,1,1,1,0,0,1,0,0,1
LANDING AT SOUTH LLC THE,1,1,1,0,0,0,0,1,1,0
LARRY ALEXANDER,1,1,1,0,0,0,1,1,1,0
LEAF RIVER GROUP LLC,1,1,1,0,0,0,1,1,0,1
LIBERATION PROPERTIES LLC,1,1,1,0,0,0,0,1,0,1
LIFESTYLE HOMES OF ALABAMA LLC,1,1,1,1,1,0,1,1,0,1
LOF PROPERTIES INC,1,1,1,0,0,1,1,0,1,0
LOHR NORTH AMERICA,1,1,1,0,0,0,0,1,0,1
LONE WESTERN STAR DEVELOPMENT LLC,1,0,0,0,0,0,0,0,0,0
LONG LEWIS OF THE RIVER REGION INC,1,1,0,0,0,0,0,0,0,0
LP VESTAVIA LLC,1,0,0,0,0,0,0,0,0,0
LSF FUND II FULTONDALE LLC,1,1,1,0,0,0,0,1,0,1
MADISON DOTHAN,1,1,1,0,0,0,0,1,1,0
MADISON LAND RESOURCES LLC,1,1,0,0,0,0,0,0,1,0
MAGNOLIA LAND COMAPANY,1,1,1,1,0,0,0,1,0,1
MANSA BHM LLC,1,1,1,0,1,0,1,1,0,1
MARK ALDRIDGE CONSTRUCTION INC,1,1,1,0,0,0,0,1,0,1
MARK HAMM,1,0,0,0,0,0,0,0,0,0
MARQUEE CUSTOM HOME BUILDERS LLC,1,1,0,0,0,0,0,0,0,0
MARSHALL COUNTY RSVP INC,1,1,1,0,0,0,0,1,0,1
MAX LAND AND HOMES INC,1,1,1,1,0,0,1,0,1,0
MAXVISION RUGGED PORTABLE COMPUTERS LLC,1,1,1,0,0,0,1,1,0,1
MCCARTHY,1,1,0,0,0,0,0,0,0,0
MCDONALDS RESTAURANT,1,1,1,0,0,1,1,0,0,1
MCINTYRE HOMEBUILDERS LLC,1,1,0,0,0,0,0,0,0,0
MCMATH PROPERTIES LLC,1,1,1,1,1,1,1,1,1,0
MCPHERSON CHICKEN HOUSE,1,0,0,0,0,0,0,0,0,0
MCVAY CONSTRUCTION,1,1,1,0,0,0,0,1,0,1
MEDS INC,1,1,1,0,0,0,0,1,0,1
MGM INVESTMENT GROUP LLC,1,1,0,0,0,0,0,0,0,0
MICHAEL BRIDGMAN,1,1,0,0,0,0,0,0,1,0
MICHAEL G MILLS,1,1,0,0,0,0,0,0,1,0
MICHAEL TUCKER,1,1,1,1,0,0,1,0,1,0
MILLENIUM BUILDERS INC,1,1,1,1,0,0,0,1,1,0
MITCHUM INC,1,1,0,0,0,0,0,0,0,0
MOBILE APPLIANCE,1,1,0,0,0,0,0,0,0,0
MOORE CONTRACTING LLC,1,1,1,0,0,0,0,1,1,0
MOORES PLACE LLC,1,0,0,0,0,0,0,0,0,0
MORGAN STORAGE LLC,1,1,1,0,0,0,1,1,1,0
MR AND MRS A G MALZAHN III,1,0,0,0,0,0,0,0,0,0
MW INDUSTRIAL SERVICES INC,1,1,1,0,0,0,0,1,0,1
NATHAN UPSHAW,1,1,1,0,0,0,0,1,0,1
NEMAK USA INC,1,0,0,0,0,0,0,0,0,0
NEST HOLDINGS LLC,1,1,1,0,0,0,0,1,0,1
NEWCASTLE DEVELOPMENT ENTERPRISES LLC,1,0,0,0,0,0,0,0,0,0
NICOL POINT JOINT VENTURE,1,0,0,0,0,0,0,0,0,0
NOBEL HOTELS LLC,1,1,0,0,0,0,0,0,0,0
NORTH STATE ENVIRONMENTAL,1,0,0,0,0,0,0,0,0,0
NORTHERN VILLAGE AT ROSS PARK LLC,1,1,0,0,0,0,0,0,0,0
NORTHPORT SELF STORAGE LLC,1,1,1,0,0,0,0,1,0,1
NORTON NEW HOMES LLC,1,0,0,0,0,0,0,0,0,0
NULL JONES LLC,1,1,1,0,0,0,0,1,0,1
OAKLEY LINDSEY DEVELOPEMENT LLC,1,1,1,0,0,0,0,1,0,1
OLD SOUTH HOMEBUILDERS LLC,1,1,1,0,0,0,0,1,0,1
OLDE WORLD BUILDERS LLC,1,0,0,0,0,0,0,0,0,0
OM TUSCALOOSA LLC,1,0,0,0,0,0,0,0,0,0
OPELIKA ROAD LLC,1,0,0,0,0,0,0,0,0,0
ORCHARD VIEW APARTMENTS,1,1,1,0,0,0,0,1,0,1
ORDNER CONSTRUCTION COMPANY,1,1,0,0,0,0,0,0,0,0
ORTHOSPORTS ENTERPRISES LLC,1,1,1,0,0,0,0,1,0,1
OWINVESTMENTS LLC,1,1,0,0,0,0,0,0,1,0
P3 LAND INVESTMENTS LLC,1,1,1,0,0,0,0,1,0,1
PARMER DEVELOPMENT,1,1,0,0,0,0,0,0,1,0
PATRICK PRYOR,1,1,0,0,0,0,0,0,1,0
PAUL DAVIS,1,1,1,0,0,0,0,1,0,1
PAWMS PET RESORT,1,0,0,0,0,0,0,0,0,0
PEACHTREE CONSTRUCTION,1,1,1,1,0,0,1,1,0,1
PEAKS OF DOTHAN THE,1,1,1,0,0,0,0,1,1,0
PEYTON RIDGE VILLAGE APARTMENTS,1,1,1,0,0,0,0,1,0,1
PINE LANE PARK LLC,1,1,1,0,1,0,1,1,0,1
PIPER LLC,1,1,1,0,0,0,0,1,0,1
PLC PARTNERS LLC,1,1,1,0,0,0,1,1,1,0
PLEASANT GROVE DG LLC,1,0,0,0,0,0,0,0,0,0
POLY THREE LLC,1,1,0,0,0,0,0,0,0,0
PRA PROPERTIES LLC,1,1,0,0,0,0,0,0,0,0
PROPIEDADES SARALAND LLC,1,1,0,0,0,0,0,0,0,0
PROVIDENCE PARTNERS LLC,1,1,1,0,0,0,0,1,1,0
PYTHOGE LLC,1,1,0,0,0,0,0,0,1,0
QUINTUSSA PROPERTIES LLC,1,1,0,0,0,0,0,0,1,0
RACE CANNON DEVELOPMENT LLC,1,0,0,0,0,0,0,0,0,0
RAM PRATTVILLE HOSPITALITY LLC,1,1,0,0,0,0,0,0,0,0
RANDALL CHAPMAN,1,1,1,0,0,0,0,1,0,1
RAYMOND STEWART,1,1,0,0,0,0,0,0,1,0
RBJ BAILEY LLC,1,0,0,0,0,0,0,0,0,0
REA VENTURES LLC,1,1,1,0,0,0,0,1,0,1
REGISTER HOLDINGS INC,1,1,1,1,0,0,1,1,1,0
REIDCO GENERAL CONTRACTING INC,1,1,0,0,0,0,0,0,0,0
REX LUMBER TROY LLC,1,1,0,0,0,0,0,0,1,0
RICHARD PINCKARD,1,0,0,0,0,0,0,0,0,0
RIVER REGION MEDICAL HOLDINGS LLC,1,1,0,0,0,0,0,0,1,0
ROBERT AND SUE RAGAN,1,0,0,0,0,0,0,0,0,0
ROBERT ROSS JR,1,1,0,0,0,0,0,0,0,0
ROBERT SHEPARD,1,1,1,0,0,0,0,1,0,1
RODDY SANDERS,1,0,0,0,0,0,0,0,0,0
RON FOUST SUBDIVISION,1,1,0,0,0,0,0,0,1,0
RUDY JAMES,1,1,1,0,0,0,0,1,0,1
RV COLLISION,1,1,0,0,0,0,0,0,0,0
RYAN COMPANY THE,1,1,0,0,0,0,0,0,0,0
SAGE DEVELOPMENT GROUP,1,1,1,1,0,0,0,1,0,1
SANCTUARY ON LAKE MARTIN LLC THE FKA JIM BLACK LLC,1,1,0,0,0,0,0,0,0,0
SANDRAS PROPERTIES LLC,1,0,0,0,0,0,0,0,0,0
SAWGRASS PROPERTIES LLC,1,1,1,1,1,1,1,0,0,1
SCANNELL PROPERTIES 319 LLC,1,0,0,0,0,0,0,0,0,0
SEVILLA PLACE APARTMENTS LLC,1,1,1,0,0,0,1,1,0,1
SHAUB CONSTRUCTION COMPANY INC,1,1,1,0,0,0,0,1,0,1
SHELBY INVESTMENTS LLC,1,1,1,1,1,1,1,1,1,0
SHELTON CONSTRUCTION INC,1,1,1,0,0,0,0,1,0,1
SHERRILL CONSTRUCTION CO LLC,1,1,1,0,0,0,1,0,0,1
SHINE TIME SUPER WASH,1,1,1,1,0,0,0,1,0,1
SIEMENS CORPORATION,1,1,1,0,0,0,0,1,0,1
SJBS PROPERTIES,1,1,0,0,0,0,0,0,1,0
SOLBERG PROPERTIES A TENNESSEE GENERAL PARTNERSHIP,1,1,1,0,0,0,0,1,0,1
SOLID WASTE DISPOSAL AUTHORITY OF CITY OF HUNTSVILLE THE,1,1,1,0,0,0,0,1,0,1
SOUTH ASH HOLDINGS LLC,1,0,0,0,0,0,0,0,0,0
SOUTH HICKORY INC,1,1,1,0,0,0,0,1,0,1
SOUTHEASTERN SHIPPING SUPPLIES LLC,1,1,1,0,0,0,0,1,0,1
SOUTHERN HOME FRAMING LLC,1,1,1,1,0,0,0,0,0,1
SOUTHSIDE EXCAVATING COMPANY INC,1,0,0,0,0,0,0,0,0,0
SPANISH FORT WATER SYSTEM INC,1,1,1,1,0,0,0,0,0,1
SPEEDY TIRE AND SERVICE INC,1,1,1,0,0,0,0,1,0,1
SPIRE CONSTRUCTION,1,0,0,0,0,0,0,0,0,0
SPIRE CORPORATION,1,0,0,0,0,0,0,0,0,0
SPRING CREEK PROPERTIES LLC,1,1,1,1,1,0,1,1,1,0
SS MADISON LLC,1,1,1,0,0,0,0,1,0,1
ST WILLIAM CATHOLIC CHURCH,1,0,0,0,0,0,0,0,0,0
STAFFCO LLC ALABAMA GULF COAST MUSIC HALL,1,1,1,0,0,0,0,1,0,1
STERLING SPECIALTY CHEMICALS US LLC,1,0,0,0,0,0,0,0,0,0
STEVE MADDOX,1,1,0,0,0,0,0,0,1,0
STORAGE CHOICE LLC,1,0,0,0,0,0,0,0,0,0
STRAIN CONSTRUCTION,1,0,0,0,0,0,0,0,0,0
SUNBELT FOREST VENTURES LLC,1,1,0,0,0,0,0,0,1,0
SUNVIEW PARTNERS LLC,1,1,1,0,0,0,0,1,1,0
SUPERIOR RV,1,1,1,0,0,0,0,1,0,1
TALLADEGA COUNTY SCHOOLS,1,1,1,0,0,0,0,1,0,1
TALLY WHITE,1,1,1,1,0,0,0,1,0,1
TARA HUBBARD CONSTRUCTION,1,1,0,0,0,0,0,0,1,0
TDC DEVELOPMENT CORPORATION,1,1,0,0,0,0,0,0,0,0
TECHLINE,1,1,1,1,1,0,0,0,0,1
TEXAS ROADHOUSE HOLDINGS LLC,1,1,0,0,0,0,0,0,0,0
THA JACKSON II APARTMENTS LTD,1,1,1,0,0,0,0,1,0,1
THE STEWART PERRY COMPANY INC,1,1,1,0,0,0,0,1,0,1
THEODORE INDUSTRIAL PORT,1,0,0,0,0,0,0,0,0,0
THIRTY ONE CONSTRUCTION LLC,1,0,0,0,0,0,0,0,0,0
THOMASVILLE REGIONAL MEDICAL CENTER LLC,1,1,0,0,0,0,0,0,0,0
THOMPSON PROPERTIES LLC,1,1,1,0,0,0,0,1,0,1
TIFFIN MOTORHOMES INC,1,1,1,1,0,0,0,1,1,0
TIGER CREEK DEVELOPMENT INC,1,1,0,0,0,0,0,0,1,0
TINA BOWEN,1,1,1,1,0,1,0,0,0,1
TOLLESON CONSTRUCTION LLC,1,1,1,0,0,0,0,1,1,0
TORCH 85 TRAVEL CENTER LLC,1,1,1,0,0,0,1,0,1,0
TOWNSEND NISSAN,1,0,0,0,0,0,0,0,0,0
TRI STATE BUILDERS INC,1,1,1,0,0,0,0,1,1,0
TRINITY LAKE GP INC,1,1,0,0,0,0,0,0,1,0
TROJAN PARK LLC,1,1,0,0,0,0,0,0,1,0
TRULAND HOME LLC,1,1,1,0,0,0,0,1,0,1
ULTRA MANUFACTURING USA INC,1,1,1,0,0,0,0,1,0,1
UNIPRES ALABAMA INC,1,0,0,0,0,0,0,0,0,0
VALLEY SENIOR VILLAGE LTD,1,1,0,0,0,0,0,0,1,0
VAN ANTWERP PARK LLC,1,1,0,0,0,0,0,0,0,0
VANCE MCCOWN CONSTRUCTION COMPANY INC,1,1,1,0,0,0,0,1,0,1
VANCE MCCOWN CONSTRUCTION INC,1,1,1,1,0,0,0,1,1,0
VESTAVIA HILLS CITY BOARD OF EDUCATION,1,1,1,0,0,0,0,1,0,1
VILLAGE AT KOWALIGA BAY LLC THE,1,1,0,0,0,0,0,0,0,0
VILLAGE AT ROCK SPRINGS LTD,1,0,0,0,0,0,0,0,0,0
VILLAGE LAKE CLUB LLC THE,1,1,0,0,0,0,0,0,0,0
VISION HOSPITALITY GROUP,1,0,0,0,0,0,0,0,0,0
WADSWORTH OIL COMPANY OF CLANTON INC,1,0,0,0,0,0,0,0,0,0
WAITES CONSTRUCTION,1,1,1,0,0,0,1,1,0,1
WALKER BAILEY CONSTRUCTION LLC,1,1,0,0,0,0,0,0,0,0
WATFLOWER LLC,1,1,0,0,0,0,0,0,1,0
WAVERLY WAY LLC,1,1,0,0,0,0,0,0,1,0
WAYNE SHAW,1,1,1,1,0,1,0,1,1,0
WCA OF ALABAMA LLC,1,1,0,0,0,0,0,0,0,0
WEDGWORTH REALTY INC,1,1,1,0,0,0,0,1,0,1
WELLBORN CABINET INC,1,0,0,0,0,0,0,0,0,0
WEST SIDE COTTAGES LLC,1,0,0,0,0,0,0,0,0,0
WESTCHESTER DEVELOPEMENT,1,0,0,0,0,0,0,0,0,0
WEYGAND CORNERS LLC,1,1,1,0,0,0,0,1,0,1
WHITEWATER VILLAGE LTD,1,1,1,1,0,0,0,1,1,0
WHITNEY M BRIONES,1,1,0,0,0,0,0,0,1,0
WILL HOBSON,1,0,0,0,0,0,0,0,0,0
WILLIAMS BROWN CONSTRUCTION,1,1,0,0,0,0,0,0,1,0
WIREGRASS CONSRTUCTION CO INC,1,0,0,0,0,0,0,0,0,0
WISE PROPERTIES LLC,1,1,1,0,0,0,0,1,0,1
WOERNER LAND LLC,1,1,1,0,0,0,1,0,0,1
WOMACK PROPERTY HOLDINGS LLC,1,1,1,0,0,0,0,1,0,1
WRIGHT FUNERAL HOLDINGS LLC,1,1,0,0,0,0,0,0,1,0
XPRO SUPPLY,1,1,1,1,1,1,0,1,0,1
YB HOPE HULL LLC,1,1,0,0,0,0,0,0,0,0
ZARZOUR COMPANIES,1,1,1,0,0,0,0,1,0,1
ZEN ENTERPRISES LLC,1,1,0,0,0,0,0,0,0,0
1041 STRENGTH AND CONDITIONING LLC,1,1,1,0,0,0,0,1,0,1
31 VENTURE LLC,1,1,0,0,0,0,0,0,0,0
360 MEDIA LLC,1,1,1,0,1,0,1,1,0,1
3Z HARTSELLE LLC,1,1,1,0,0,0,0,1,0,1
68V DIAMANTE 2017 LLC,1,1,1,0,1,1,1,1,0,1
ACTON ROAD STORAGE LLC,1,1,1,0,1,0,0,1,1,0
ADDISON HEIGHTS LLC,1,1,0,0,0,0,0,0,1,0
ADVANCED RESTORATION TECHNOLOGIES INC,1,0,0,0,0,0,0,0,0,0
AEE RETAIL CORPORATION,1,1,1,0,0,0,1,0,0,1
AFFORDABLE STORAGE LLC,1,1,1,0,0,0,0,1,0,1
AIR PRODUCTS AND CHEMICALS INC,1,0,0,0,0,0,0,0,0,0
AIRRITE CONTRACTORS INC,1,1,0,0,0,0,0,0,1,0
ALA SEASON LLC,1,0,0,0,0,0,0,0,0,0
ALABAMA DEPT OF MENTAL HEALTH,1,0,0,0,0,0,0,0,0,0
ALL SAFE STORAGE,1,1,0,0,0,0,0,0,1,0
ALLIANCE SAND INC,1,0,0,0,0,0,0,0,0,0
ALSTONS RENTALS INC,1,1,1,1,0,1,0,0,0,1
AMASON ASSOCIATES INC,1,1,1,0,0,0,0,1,0,1
AMERICAS AUTO AUCTION,1,1,1,0,0,0,0,1,0,1
AMERICAS HOME PLACE,1,1,1,0,0,0,0,1,0,1
AMIN CHITALWALA,1,1,0,0,0,0,0,0,1,0
ANDERSON BELCHER CONSTRUCTION INC,1,0,0,0,0,0,0,0,0,0
ANDERSON CONSTRUCTION COMPANY,1,0,0,0,0,0,0,0,0,0
ANDREW KEENUM,1,1,1,0,0,0,0,1,0,1
ANNISTON HEALTH AND REHAB SERVICES LLC,1,1,1,0,1,0,1,1,0,1
ANPR USA INC,1,1,1,0,0,0,0,1,0,1
ANTHONY NEELEY,1,1,1,0,0,0,0,1,0,1
ARAB CITY OF SEWER BOARD,1,0,0,0,0,0,0,0,0,0
ARAB LUMBER AND SUPPLY,1,1,0,0,0,0,0,0,0,0
ARDMORE TOWN OF,1,1,1,0,0,0,0,1,0,1
ARGO BUILDING COMPANY LLC,1,1,1,0,0,0,1,1,1,0
ARTHUR NETTLES,1,1,0,0,0,0,0,0,0,0
AUBURN DASH EXPRESS LLC,1,1,0,0,0,0,0,0,0,0
AUBURN FARMS HOLDINGS LLC,1,1,0,0,0,0,0,0,0,0
AUBURN OPPORTUNITY ZONE LLC,1,1,0,0,0,0,0,0,1,0
AUTO OWNERS INSURANCE,1,1,0,0,0,0,0,0,0,0
AUTOPLEX,1,1,0,0,0,0,0,0,0,0
AUTOZONE,1,1,1,0,0,0,0,1,0,1
AVENTURA ASSOCIATES LLC,1,1,1,1,1,1,1,1,1,0
B AND D DEVELOPMENTS LLC,1,1,0,0,0,0,0,0,0,0
BALDWIN COUNTY PUBLIC SCHOOLS,1,0,0,0,0,0,0,0,0,0
BALLARD AND CAMERON LLC,1,1,1,1,1,1,0,1,0,1
BALLCON INC,1,0,0,0,0,0,0,0,0,0
BARKER BROTHERS CONSTRUCTION,1,1,0,0,0,0,0,0,0,0
BARN SMITH LAKE LLC THE,1,0,0,0,0,0,0,0,0,0
BARRY CURTIS,1,1,0,0,0,0,0,0,0,0
BASH CONTRACTING,1,0,0,0,0,0,0,0,0,0
BEAVER CREEK PARTNERS,1,1,1,1,0,0,1,0,1,0
BEEKER PROPERTY GROUP LLC,1,1,1,0,0,0,0,1,0,1
BELLE MINA LAND COMPANY LLC,1,0,0,0,0,0,0,0,0,0
BEN E KEITH,1,1,1,1,0,0,1,0,1,0
BILL NEILL,1,1,1,0,0,0,0,1,0,1
BILLY A PAGE LLC,1,1,1,0,0,0,0,1,0,1
BILOBA INVESTMENT COMPANY LLC,1,1,1,1,0,0,0,1,0,1
BIRMINGHAM HOT METAL COATINGS INC,1,0,0,0,0,0,0,0,0,0
BIRMINGHAM PARKSIDE RESIDENCES LLC,1,0,0,0,0,0,0,0,0,0
BIRNUM DEVELOPMENT INC,1,1,0,0,0,0,0,0,0,0
BLACK CREEK PARTNERS INC,1,0,0,0,0,0,0,0,0,0
BLACKBERRY CREEK LLC,1,1,1,0,0,0,0,1,0,1
BLAIR HOUSE LLC,1,0,0,0,0,0,0,0,0,0
BLUE HOLE LLC,1,0,0,0,0,0,0,0,0,0
BLUE HOLES PRESERVE LLC,1,1,0,0,0,0,0,0,1,0
BLUE MARLIN INVESTMENTS LLC,1,1,1,0,0,0,1,0,0,1
BLUESCOPE BUILDINGS VARCO PRUDEN BUILDINGS,1,0,0,0,0,0,0,0,0,0
BMAD LLC,1,0,0,0,0,0,0,0,0,0
BOBO MANAGEMENT GROUP LLC,1,1,1,0,0,0,0,1,0,1
BOONE FAMILY PROPERTIES LLC,1,1,0,0,0,0,0,0,0,0
BRAD JOHNSON,1,0,0,0,0,0,0,0,0,0
BRAD KNIGHTON,1,1,1,0,0,0,0,1,0,1
BRANDON JORDAN,1,0,0,0,0,0,0,0,0,0
BREWTON HALL APARTMENTS LTD,1,1,1,0,0,0,0,1,0,1
BRIDGESTONES RETAIL OPERATIONS LLC,1,0,0,0,0,0,0,0,0,0
BRIDGEWATER AT CARY CREEK LLC,1,0,0,0,0,0,0,0,0,0
BRIDGEWATER HOLDINGS LLC,1,1,0,0,0,0,0,0,0,0
BSD DEVELOPMENT LLC,1,1,0,0,0,0,0,0,1,0
BUBBLERUN INC,1,1,1,0,0,0,0,1,0,1
BUILDING CONSTRUCTION ASSOCIATES,1,1,1,0,0,0,0,1,0,1
BULLS CONSTRUCTION GROUP LLC,1,1,1,0,0,0,0,1,0,1
C AND H CONSTRUCTION LLC,1,0,0,0,0,0,0,0,0,0
C HILL PROPERTIES LLC,1,1,1,0,0,0,0,1,0,1
CAIDEN SINCLAIR,1,0,0,0,0,0,0,0,0,0
CANAAN LAKE LLC,1,1,0,0,0,0,0,0,0,0
CAPSTONE TRUCK AND EQUIPMENT LLC,1,1,1,1,0,0,1,1,0,1
CASSANDRA CRUZEN DR,1,1,1,0,0,0,0,1,0,1
CEDAR BRANCH LLC,1,0,0,0,0,0,0,0,0,0
CEMEX DBA READY MIX USA LLC,1,1,0,0,0,0,0,0,0,0
CENTRAL ALABAMA WOOD PRODUCTS,1,0,0,0,0,0,0,0,0,0
CERRO WIRE LLC,1,0,0,0,0,0,0,0,0,0
CES CONSTRUCTION LLC,1,1,0,0,0,0,0,0,0,0
CF BALCH INVESTORS LLC,1,1,0,0,0,0,0,0,0,0
CHAD ALVAREZ,1,1,1,1,1,0,0,1,0,1
CHAMPION RV BESSEMER LLC,1,1,0,0,0,0,0,0,0,0
CHAMPIONS SQUARE INVESTMENTS AUBURN LLC,1,1,0,0,0,0,0,0,1,0
CHARLES CAMPBELL CONSTRUCTION,1,1,1,0,0,0,0,1,0,1
CHARTRE CONSULTING,1,1,1,1,1,1,1,1,1,0
CHEROKEE CONSTRUCTION COMPANY OF AL INC,1,1,0,0,0,0,0,0,0,0
CHRIS BENEDETTI,1,1,1,0,0,0,1,1,0,1
CHRIS REVELL,1,1,0,0,0,0,0,0,0,0
CHURCH AT BROOK HILLS THE,1,1,1,1,1,0,1,1,0,1
CHURCH AT TUSCALOOSA THE,1,0,0,0,0,0,0,0,0,0
CLARK GAS COMPANY,1,1,1,1,1,0,0,0,0,1
CLARK HALL,1,1,1,0,0,0,0,1,0,1
CLAYTON PROPERTIES GROUP INC DBA GOODALL HOMES,1,1,1,0,0,0,0,1,0,1
CLIFT HOMES PLACE,1,1,0,0,0,0,0,0,0,0
CM DIRTWORKS LLC,1,0,0,0,0,0,0,0,0,0
COLLEGE STATION PROPERTIES LLC,1,0,0,0,0,0,0,0,0,0
COLLINE CORP,1,1,1,0,0,0,0,1,0,1
CONNIE LINN,1,1,1,0,0,0,0,1,0,1
CONSOLIDATED CONSTRUCTION,1,1,1,0,0,0,0,1,0,1
COOK OUT GADSDEN INC,1,1,1,0,0,0,0,1,0,1
COOPERATIVE DOWNTOWN MINISTRIES INC THE,1,0,0,0,0,0,0,0,0,0
COTTAGE HILL STORAGE INC,1,0,0,0,0,0,0,0,0,0
COVE AT NEWHAVEN LTD THE,1,0,0,0,0,0,0,0,0,0
CREATURE CONSTRUCTION,1,1,0,0,0,0,0,0,0,0
CROWDERGULF LLC,1,1,0,0,0,0,0,0,0,0
CUSTOM CONCRETE WALLS INC,1,1,0,0,0,0,0,0,1,0
D L ACTON CONSTRUCTION COMPANY INC,1,1,1,0,0,0,0,1,0,1
D4OP LLC,1,1,1,0,0,0,0,1,0,1
DANNY GINGLES,1,1,1,1,1,0,1,1,1,0
DANNY PIERCE,1,1,1,1,1,0,0,1,0,1
DAVID EIB,1,1,0,0,0,0,0,0,0,0
DAVID GARDNER,1,0,0,0,0,0,0,0,0,0
DAVID GRESS,1,0,0,0,0,0,0,0,0,0
DAVID KIRBY,1,0,0,0,0,0,0,0,0,0
DAVID MITCHELL CONSTRUCTION,1,1,0,0,0,0,0,0,0,0
DAVID WALKER,1,1,1,1,0,0,0,0,0,1
DAWSONS MILL LLC,1,1,1,0,0,0,0,1,1,0
DC ALABAMA INC,1,0,0,0,0,0,0,0,0,0
DEAVER INDUSTRIES INC,1,1,0,0,0,0,0,0,0,0
DEER CREST PROPERTY OWNERS ASSOCIATION INC,1,1,1,0,0,0,0,1,0,1
DELMONICO RESTORATION AND DEVELOPMENT LLC,1,1,1,0,0,0,1,1,1,0
DESTINATIONS DEVELOPMENT LLC,1,1,1,1,0,1,1,1,0,1
DICKIE BAILEY,1,0,0,0,0,0,0,0,0,0
DIP N DASH LLC,1,1,0,0,0,0,0,0,0,0
DOGWOOD BJE LLC,1,1,1,1,0,0,0,1,0,1
DON WILKINS,1,1,0,0,0,0,0,0,1,0
DONALD HICKS,1,1,0,0,0,0,0,0,0,0
DOTHAN REAL ESTATE LLC,1,1,0,0,0,0,0,0,1,0
DOUBLE OAK COMMUNITY CHURCH,1,1,1,0,1,0,1,0,0,1
DOUBLEHEAD PROPERTIES,1,1,1,0,0,0,0,1,1,0
DOWNEY BRANCH MITIGATION BANK,1,0,0,0,0,0,0,0,0,0
DOWNTOWN 10 LLC,1,1,1,1,0,0,0,1,0,1
DUNCAN AND THOMPSON,1,0,0,0,0,0,0,0,0,0
DUNN CONSTRUCTION,1,0,0,0,0,0,0,0,0,0
DUTCH MASTERS LLC,1,1,0,0,0,0,0,0,0,0
E AND S PROPERTIES,1,1,1,1,0,0,0,1,0,1
EAGER BEAVERS TREE,1,1,1,0,0,0,0,1,0,1
EAST ALABAMA MEDICAL CENTER,1,1,0,0,0,0,0,0,0,0
EAST FOLEY CONGREGATION OF JEHOVAHS WITNESSES,1,1,1,0,0,0,0,1,0,1
EASTER SEALS OF NORTHWEST ALABAMA,1,1,1,0,0,0,0,1,0,1
EASTERN SHORE INFLATABLES,1,1,1,1,0,1,0,1,0,1
EASY LIKE THAT PROPERTIES LLC,1,1,1,0,1,0,0,1,0,1
EDEN WESTSIDE BAPTIST CHURCH,1,0,0,0,0,0,0,0,0,0
EEP HUNTSVILLE TRANSFER STATION LLC,1,1,1,0,0,0,0,1,0,1
ELECTRIC SOUTH LLC,1,1,0,0,0,0,0,0,0,0
ELECTRICAL TECHNICIANS INC,1,0,0,0,0,0,0,0,0,0
ELIZA COFFEE MEMORIAL HOSPITAL,1,0,0,0,0,0,0,0,0,0
EMERALD III LLC,1,1,1,0,0,0,0,1,0,1
EMILY HUTCHESON,1,1,1,0,0,0,0,1,0,1
ENTERPRISE OZARK COMMUNITY COLLEGE,1,0,0,0,0,0,0,0,0,0
ES BLVD LLC,1,0,0,0,0,0,0,0,0,0
ETOWAH COUNTY MEGA SPORTS COMPLEX AUTHORITY,1,1,1,0,0,0,0,1,0,1
EVERS LAND MANAGEMENT,1,1,1,0,0,0,0,1,0,1
EYC COMPANIES LLC,1,0,0,0,0,0,0,0,0,0
FAREWAY MONTGOMERY I LLC,1,1,0,0,0,0,0,0,0,0
FARMSTEAD BUILT LLC,1,1,1,1,1,1,0,1,0,1
FASE V LLC,1,1,0,0,0,0,0,0,1,0
FIRST SOUTH FARM CREDIT,1,1,1,0,0,0,1,1,1,0
FISHER ANIMAL HOSPITAL,1,1,1,0,0,0,0,1,0,1
FITE CONSTRUCTION COMPANY,1,1,1,0,0,0,0,1,0,1
FLIPPIN FAMILY THE,1,1,1,1,0,0,1,1,0,1
FMS HOLDINGS LLC,1,0,0,0,0,0,0,0,0,0
FORT STORAGE LLC THE,1,1,1,1,0,0,1,1,0,1
FOUR ONE NINE LLC,1,0,0,0,0,0,0,0,0,0
FOUR STAR FREIGHTLINER,1,1,1,0,0,1,1,0,0,1
FRISCO CITY TOWN OF WATER WORKS BOARD,1,0,0,0,0,0,0,0,0,0
FUJITA AMERICAS INC,1,0,0,0,0,0,0,0,0,0
G M G PROPERTIES LLC,1,0,0,0,0,0,0,0,0,0
GARDENDALE SELF STORAGE,1,1,1,0,0,0,0,1,0,1
GARY MITCHELL,1,1,0,0,0,0,0,0,1,0
GATES BUILDERS INC,1,1,1,1,0,0,1,1,0,1
GEAUX ROUTE HOLDINGS LLC,1,0,0,0,0,0,0,0,0,0
GEMINI CONSTRUCTION COMPANY LLC,1,1,1,0,0,0,0,1,0,1
GENE WATKINS,1,1,1,0,0,0,0,1,0,1
GENERAL SERVICES ADMINISTRATION,1,1,0,0,0,0,0,0,0,0
GENEVA CITY SCHOOLS,1,1,0,0,0,0,0,0,1,0
GIA HOLDINGS LLC,1,1,1,1,0,0,0,1,1,0
GILLESPIE CONSTRUCTION,1,1,0,0,0,0,0,0,1,0
GLASSTREAM POWERBOATS,1,1,0,0,0,0,0,0,0,0
GLOBAL INVESTMENTS 18 LLC,1,1,1,0,0,0,0,1,0,1
GORDIAN INC,1,1,1,0,0,0,0,1,0,1
GORGE CHAVEZ,1,1,1,0,0,0,0,1,0,1
GRACO LLC,1,1,1,1,1,0,0,0,0,1
GREENPOINT AG HOLDINGS LLC,1,1,0,0,0,0,0,0,1,0
GREY CONTRACTING OF GREENVILLE LLC,1,0,0,0,0,0,0,0,0,0
GULF COAST AUTO GROUP LLC,1,1,0,0,0,0,0,0,0,0
H AND B BUILDERS INC,1,1,0,0,0,0,0,0,0,0
H AND M CONSTRUCTION COMPANY LLC,1,0,0,0,0,0,0,0,0,0
HAGER COMPANIES,1,0,0,0,0,0,0,0,0,0
HALLMARK THOMASVILLE LP,1,0,0,0,0,0,0,0,0,0
HANCOCK RENTALS LLC,1,1,1,0,1,0,1,1,1,0
HANKS FURNITURE INC,1,1,1,0,0,0,0,1,0,1
HANNA STEEL,1,0,0,0,0,0,0,0,0,0
HAWTHORN 12 LLC,1,1,1,0,0,0,0,1,0,1
HCI OAK MOUNTAIN LLC,1,1,1,1,1,0,1,1,0,1
HCP 1ST AVENUE SOUTH LLC,1,0,0,0,0,0,0,0,0,0
HELIOS LLC,1,1,1,1,1,1,1,1,1,0
HERCULES POLY,1,1,0,0,0,0,0,0,1,0
HERITAGE PRESCHOOL OF ROSS BRIDGE DEVELOPMENT LLC,1,1,1,0,1,1,1,1,1,0
HICKS CONSTRUCTION,1,1,1,0,0,0,0,1,0,1
HIGHLAND GREEN LLC,1,0,0,0,0,0,0,0,0,0
HIGHPOINTE CHURCH,1,0,0,0,0,0,0,0,0,0
HILL INVESTMENTS LLC,1,0,0,0,0,0,0,0,0,0
HOBBS ISLAND SHOOTING RANGE LLC,1,1,1,0,0,0,0,1,0,1
HOGAN HOLDINGS 68 LLC,1,1,1,0,0,0,0,1,0,1
HONORED PARTNERS LLC,1,1,0,0,0,0,0,0,1,0
HSC CENTRE LLC,1,1,0,0,0,0,0,0,0,0
HSC JOHNSON ROAD LLC,1,1,1,1,0,0,0,0,0,1
HSC LANETT LLC,1,1,0,0,0,0,0,0,0,0
HUGHES FAMILY INVESTMENTS LTD,1,1,0,0,0,0,0,0,1,0
HULLS LLC,1,0,0,0,0,0,0,0,0,0
HUTCHISON HOMES INC,1,1,1,0,0,0,0,1,0,1
HUTTON ALBERTVILLE MARKETPLACE LLC,1,1,0,0,0,0,0,0,0,0
HWY 225 STORAGE LLC,1,1,0,0,0,0,0,0,0,0
ICE PLANT INC,1,1,1,0,0,0,0,1,0,1
INGE MCMAHON INVESTMENTS I LLC,1,1,0,0,0,0,0,0,0,0
INTEGRITY CABINET LLC,1,1,1,0,0,0,0,1,0,1
INTERNATIONAL PAPER,1,1,0,0,0,0,0,0,0,0
INTERNATIONAL UNION OF OPERATING ENGINEERS LOCAL 320,1,1,1,0,0,0,0,1,0,1
INVICTUS DEVELOPMENT LLC,1,1,0,0,0,0,0,0,1,0
J AND S INTERNATIONAL INC,1,1,1,0,0,0,0,1,0,1
J C THIRD PROPERTY LLC,1,0,0,0,0,0,0,0,0,0
J J MORLEY ENTERPRISES INC,1,1,0,0,0,0,0,0,0,0
JACK MARSHALL FOODS INC,1,1,0,0,0,0,0,0,0,0
JAMES A CLEMONS,1,1,1,1,0,0,0,0,1,0
JAMES BOOTH,1,1,0,0,0,0,0,0,0,0
JAMES BROTHERS DEVELOPMENT LLC,1,1,1,0,0,0,0,1,0,1
JAMES LORD,1,0,0,0,0,0,0,0,0,0
JAMES MCCORMICK,1,0,0,0,0,0,0,0,0,0
JASON MCCARTY,1,1,1,0,0,0,1,1,1,0
JBONE HOLDINGS LLC,1,1,1,0,0,0,0,1,0,1
JC CURTIS CONSTRUCTION COMPANY LLC,1,1,1,0,0,0,0,1,0,1
JDJ BUILDER INC,1,1,0,0,0,0,0,0,0,0
JEFF BENTON PROPERTIES II,1,1,1,0,0,0,0,1,0,1
JEFFERSON COUNTY GOLF ASSOCIATION,1,0,0,0,0,0,0,0,0,0
JENRON PROPERTIES LLC,1,0,0,0,0,0,0,0,0,0
JERRY WOOD,1,0,0,0,0,0,0,0,0,0
JH WRIGHT AND ASSOCIATES INC,1,0,0,0,0,0,0,0,0,0
JHS IV LLC,1,0,0,0,0,0,0,0,0,0
JINGLE BUILDERS LLC,1,1,1,1,0,0,0,1,0,1
JMAG PROPERTIES,1,1,1,0,0,0,0,1,0,1
JOF MEHAFFEY,1,0,0,0,0,0,0,0,0,0
JONES PROPERTIES QSR II LLC,1,1,1,0,0,0,0,1,0,1
JOSE MORENO,1,0,0,0,0,0,0,0,0,0
JUNIOR FOOD STORES OF WEST FLORIDA,1,1,1,1,0,0,0,1,0,1
JUNIOR FOOD STORES OF WEST FLORIDA INC,1,1,1,1,0,0,1,1,0,1
K AND G PROPERTIES LLC,1,1,0,0,0,0,0,0,0,0
KENDALL ELECTRIC INC,1,1,1,0,0,0,0,1,0,1
KENNETH LEDBETTER,1,0,0,0,0,0,0,0,0,0
KESSLER AND KESSLER LLC,1,0,0,0,0,0,0,0,0,0
KRISHNA I65 LLC,1,1,1,0,1,0,1,0,0,1
KTJ 335 LLC,1,1,1,0,0,0,0,1,0,1
KVK INVESTMENTS LLC,1,1,1,0,0,0,0,1,0,1
LAKESHORE PARKWAY RETAIL LP,1,0,0,0,0,0,0,0,0,0
LAKEVIEW DEVELOPMENT GROUP LLC,1,1,0,0,0,0,0,0,1,0
LAM BUILDERS LLC,1,1,1,0,0,0,0,1,0,1
LAND OF AUBURN LLC,1,1,0,0,0,0,0,0,1,0
LBA GSA ALBERTVILLE LLC,1,1,1,0,0,0,0,1,0,1
LEE OWEN,1,0,0,0,0,0,0,0,0,0
LEGACY ODENVILLE LLC,1,1,1,0,1,0,0,1,1,0
LIBERTY CUSTOM HOMES LLC,1,0,0,0,0,0,0,0,0,0
LIBERTY UTILITIES PEACH STATE NATURAL GAS CORP,1,0,0,0,0,0,0,0,0,0
LIGHT MOON LLC,1,1,1,0,0,0,0,1,0,1
LITTLE DEVELOPMENT COMPANY LLC,1,1,1,0,0,0,0,1,0,1
LITTLE HOUSE DEVELOPMENTS LLC,1,0,0,0,0,0,0,0,0,0
LITTLE TRAVIS LLC,1,1,0,0,0,0,0,0,1,0
LIVINGSTON FAMILY PROPERTY LLC,1,0,0,0,0,0,0,0,0,0
LLL LLC,1,1,1,1,0,0,1,0,0,1
LOCKWOOD HOMEOWNERS ASSOCIATION INC,1,1,0,0,0,0,0,0,1,0
LONGLEAF PROPERTIES LLC,1,1,1,0,0,0,1,1,1,0
LUIS CALDERON,1,0,0,0,0,0,0,0,0,0
M ALEXANDER PROPERTIES LLC,1,1,1,1,0,1,1,0,1,0
M3 PROPERTIES LLC,1,1,1,1,0,0,1,1,0,1
MAGNUM PROPERTIES LLC,1,0,0,0,0,0,0,0,0,0
MANNING EQUIPMENT COMPANY LLC,1,1,0,0,0,0,0,0,0,0
MARBELLA LAND GROUP LLC,1,1,1,0,0,0,0,1,0,1
MARK DUNNING INDUSTRIES,1,0,0,0,0,0,0,0,0,0
MARSHALL ASSOCIATES LLC,1,1,0,0,0,0,0,0,0,0
MARTHA BIGHAM,1,1,0,0,0,0,0,0,0,0
MATTHEW HUDNALL,1,0,0,0,0,0,0,0,0,0
MCWHORTER PROPERTIES HIDDEN LAKES DEVELOPMENT LLC,1,1,0,0,0,0,0,0,0,0
MEADOWBROOK CHURCH,1,1,0,0,0,0,0,0,0,0
MELISSA ALLEGRI,1,1,1,1,1,0,0,1,0,1
MICHAEL PERKINSON,1,0,0,0,0,0,0,0,1,0
MICKEY KELLEY,1,1,0,0,0,0,0,0,1,0
MIDFIELD CITY OF,1,1,1,0,0,0,0,1,0,1
MOBILE CONSTRUCTION MANAGEMENT LLC,1,1,0,0,0,0,0,0,0,0
MOBILE COUNTY BOARD OF EDUCATION,1,0,0,0,0,0,0,0,0,0
MOBILE VOLLEYBALL LLC,1,1,1,0,0,0,0,1,0,1
MONKEY MOO LLC,1,1,1,1,0,0,1,1,0,1
MONTEVALLO COTTAGES LLC,1,1,1,0,0,0,0,1,0,1
MR AND MRS A PAUL WOOLARD,1,0,0,0,0,0,0,0,0,0
MRM STORAGE LLC,1,1,1,0,0,0,0,1,0,1
MSC VULCAN LLC,1,1,1,0,0,0,0,1,0,1
MT PROPERTIES LLC,1,1,1,0,0,0,0,1,0,1
MURPHREE BRIDGE CORPORATION,1,0,0,0,0,0,0,0,0,0
MURRAY BUILDING COMPANY,1,0,0,0,0,0,0,0,0,0
MUSCLE SHOALS UTILITIES BOARD,1,0,0,0,0,0,0,0,0,0
MW ROGERS CONSTRUCTION CO LLC,1,1,0,0,0,0,0,0,0,0
NATHAN RIDGE LTD,1,1,0,0,0,0,0,0,0,0
NEW CONCEPT FUNERAL SERVICES LLC,1,1,0,0,0,0,0,0,1,0
NEW URBAN DEVELOPMENT EUFAULA LLC,1,1,1,0,0,0,0,1,0,1
NEWBY CHAPEL LLC,1,1,1,0,0,0,1,1,1,0
NEWCASTLE HOMES,1,1,1,1,0,1,1,1,0,1
NIC HUNTSVILLE MF LLC,1,0,0,0,0,0,0,0,0,0
NICK DAVIS LLC,1,1,1,0,0,0,0,1,0,1
NORFOLK SOUTHERN RAILWAY,1,0,0,0,0,0,0,0,0,0
NORTH ALABAMA PAVING,1,1,1,0,0,0,0,1,0,1
NOTO HOME BUILDERS LLC,1,1,0,0,0,0,0,0,0,0
OAK HILL VILLAGE PROPERTIES LLC,1,0,0,0,0,0,0,0,0,0
OAK TREE BAY LLC,1,0,0,0,0,0,0,0,0,0
OFALLON INVESTMENTS LLC,1,1,0,0,0,0,0,0,0,0
ORANGE HOOVER 31 LLC,1,1,1,0,0,0,0,1,0,1
ORANGE STORAGE 280 LLC,1,1,1,1,0,1,1,1,0,1
OREILLYS AUTO PARTS,1,1,1,0,0,0,0,1,0,1
OVERTON PARTNERS LLC,1,1,1,0,0,0,0,1,0,1
P AND R PROPERTY INVESTMENTS LLC,1,1,1,1,0,0,1,1,0,1
PANDA RESTAURANT GROUP INC,1,0,0,0,0,0,0,0,0,0
PARNELL DEVELOPMENT LLC,1,1,1,1,0,0,1,1,1,0
PATRIOT FUELING CENTERS LLC,1,1,1,0,0,0,0,1,0,1
PATTERSON LAND INC,1,1,1,0,0,0,0,1,0,1
PERDIDO CONSTRUCTION LLC,1,1,1,0,0,0,0,1,0,1
PHOENIX GULF TOWERS LLC,1,0,0,0,0,0,0,0,0,0
PINE CREEK BUILDERS INC,1,1,0,0,0,0,0,0,0,0
PINSON HIGHWAY 79 DG LLC,1,0,0,0,0,0,0,0,0,0
PLANTATIONS AT FISH RIVER LLC,1,1,1,1,0,0,1,1,1,0
PNC STONEWALL LLC,1,0,0,0,0,0,0,0,0,0
PREMIER KINGS LLC,1,1,1,0,1,1,1,1,0,1
PRIDMORE RENTALS LLC,1,1,0,0,0,0,0,0,0,0
PRINTSWELL INC,1,1,0,0,0,0,0,0,0,0
PRIVATE HOLDINGS LLC,1,0,0,0,0,0,0,0,0,0
PW DEVELOPMENT,1,1,1,0,0,0,0,1,0,1
R AND D ENTERPRISE INC,1,1,0,0,0,0,0,0,0,0
R J ALLEN AND ASSOCIATES INC,1,1,1,0,0,0,0,1,0,1
RABRAN GENERAL CONTRACTORS INC,1,0,0,0,0,0,0,0,0,0
RANDAL STATON,1,1,1,1,0,1,0,1,0,1
RANDY POSEY,1,0,0,0,0,0,0,0,0,0
RCS INDUSTRIAL AND ENVIRONMENTAL LLC,1,0,0,0,0,0,0,0,0,0
RED HYDRANT LLC,1,1,0,0,0,0,0,0,0,0
REDLAND GROCERY LLC,1,0,0,0,0,0,0,0,0,0
REGAL MOTOR COACH AND BOAT STORAGE LLC,1,1,0,0,0,0,0,0,0,0
REVERE AT RIVERLANDING LLC THE,1,0,0,0,0,0,0,0,0,0
RIDGECREST HOMES LLC,1,0,0,0,0,0,0,0,0,0
RIVER OAKS COMMUNITY LLC,1,1,1,1,1,1,1,1,1,0
RIVERWOOD ESTATES LLC,1,1,1,0,0,0,1,0,0,1
RIVES CONSTRUCTION COMPANY,1,1,1,0,1,0,0,1,1,0
RJ ALLEN AND ASSOCIATES INC,1,0,0,0,0,0,0,0,0,0
ROB T J BAGGETT INCORPORATED,1,0,0,0,0,0,0,0,0,0
ROBERT OWENS,1,1,1,1,1,0,1,1,0,1
ROBERT S GRANT CONSTRUCTION INC,1,0,0,0,0,0,0,0,0,0
ROCK CITY BAPTIST CHURCH,1,1,1,0,0,0,0,1,0,1
ROCK IT SELF STORAGE LLC,1,1,1,1,1,0,1,1,0,1
RODNEY PUGH,1,1,0,0,0,0,0,0,0,0
RONNIE G DANIEL,1,1,1,1,0,0,0,1,0,1
RS II LLC,1,1,1,0,0,0,0,1,0,1
RUSSELL LANDS WAREHOUSING AND LOGISTICS LLC,1,0,0,0,0,0,0,0,0,0
RW PRATTVILLE LLC,1,1,0,0,0,0,0,0,1,0
S ALABAMA KUBOTA AND RENTAL LLC,1,0,0,0,0,0,0,0,0,0
S AND C FAMILY PARTNERSHIP LTD,1,1,1,0,0,0,0,1,0,1
SALTERS COVE LLC,1,0,0,0,0,0,0,0,0,0
SAMFORD GLENN LLC,1,0,0,0,0,0,0,0,0,0
SAMUEL SON AND COMPANY USA INC,1,0,0,0,0,0,0,0,0,0
SANBUCK INC,1,1,1,1,0,1,1,0,0,1
SAND POINT LLC,1,1,1,0,0,0,0,1,0,1
SCHREINER DEVELOPMENT ATHENS LLC,1,1,1,0,0,0,0,1,0,1
SCHREINER WINCHESTER LLC,1,1,1,0,0,0,0,1,0,1
SCOTT TAYLOR,1,1,1,1,0,0,0,0,0,1
SECOND HAND LIONS LLC,1,1,0,0,0,0,0,0,0,0
SHAFIQ SAMJI,1,0,0,0,0,0,0,0,0,0
SHANNON PROVENCE,1,1,0,0,0,0,0,0,0,0
SHIVALAYA HOTELS LLC,1,1,1,0,0,0,0,1,0,1
SHOALS AIRPORT LLC,1,0,0,0,0,0,0,0,0,0
SIDES AUTO BODY REPAIR INC,1,1,0,0,0,0,0,0,0,0
SILVER EAGLE LTD INC,1,1,0,0,0,0,0,0,1,0
SITEMIX OF ALABAMA LLC,1,1,0,0,0,0,0,0,1,0
SKEGEE TRAVEL CENTER LLC,1,1,1,0,0,1,1,0,1,0
SNIDER PROPERTIES LLC,1,0,0,0,0,0,0,0,0,0
SOLDIERS CREEK FARMS LLC,1,1,1,0,1,0,1,0,1,0
SOUTH CENTRAL CONFERENCE OF ASSOCIATION OF SDA,1,1,1,0,0,0,0,1,0,1
SOUTH CENTRAL MENTAL HEALTH CENTER,1,1,0,0,0,0,0,0,0,0
SOUTHEAST GENERAL CONTRACTORS,1,1,1,0,0,0,0,1,0,1
SOUTHERN HOME BUILDERS LLC,1,1,0,0,0,0,0,0,0,0
SOUTHERN SHAVING LLC,1,0,0,0,0,0,0,0,0,0
SOUTHERN STORAGE OF ROBERTSDALE,1,1,1,1,0,0,1,0,0,1
SPRINGHILL REALTY LLC,1,1,0,0,0,0,0,0,0,0
ST LAWRENCE CHURCH,1,1,1,0,0,0,0,1,0,1
STAFFORD FAMILY PROPERTIES LLC,1,1,1,0,0,0,0,1,0,1
STANLEY CONSTRUCTION INC,1,0,0,0,0,0,0,0,0,0
STAR HILL APARTMENTS LLC,1,0,0,0,0,0,0,0,0,0
STATEWIDE CORPORATION INC,1,0,0,0,0,0,0,0,0,0
STEPHEN T WILSHER,1,0,0,0,0,0,0,0,0,0
STERLING GATE VENTURE LLC,1,1,1,1,1,1,1,1,0,1
STEVE AYERS LEGACY INVESTMENTS LLC,1,1,1,0,0,0,0,1,1,0
STEVE HODGE BUILDING AND DEVELOPMENT LLC,1,1,0,0,0,0,0,0,1,0
STNL DECATUR LLC,1,1,0,0,0,0,0,0,0,0
STORAGE PORT HUNTSVILLE,1,1,1,0,0,0,0,1,0,1
STREAMLINE ENVIROMENTAL LLC,1,1,1,0,0,0,0,1,0,1
STX CORP,1,0,0,0,0,0,0,0,0,0
SULLIVAN AND ASSOCIATES HOME BUILDERS LLC,1,1,1,0,1,0,0,0,0,1
SUNBELT RENTALS INC,1,1,1,0,0,0,0,1,0,1
SUPERMART LLC,1,1,1,0,0,0,1,1,1,0
SWEETWATER INVESTMENTS,1,1,1,0,0,0,1,0,0,1
TANGLEWOOD PARTNERS LLC,1,1,0,0,0,0,0,0,0,0
TARA GRAPHICS INC,1,1,1,0,0,0,0,1,0,1
TAYLOR CORP,1,0,0,0,0,0,0,0,0,0
TBG II LLC,1,0,0,0,0,0,0,0,0,0
TCG MCCALLA TRACE LLC,1,1,1,1,1,0,1,1,1,0
THORNTON CONSTRUCTION CO INC,1,0,0,0,0,0,0,0,0,0
THREE RIVERS ENTERPRISES,1,0,0,0,0,0,0,0,0,0
TIMMY L JEFFERY JR,1,1,0,0,0,0,0,0,1,0
TK PROPERTY MANAGEMENT LLC,1,1,1,0,0,0,0,1,0,1
TOTAL HOTEL CONCEPT LLC,1,1,1,0,0,0,0,1,0,1
TRACER LLC,1,1,0,0,0,0,0,0,0,0
TRAILHEAD DEVELOPMENT LLC,1,1,1,0,0,0,0,1,0,1
TRI AD INVESTMENT LLC,1,0,0,0,0,0,0,0,0,0
TRUSSVILLE CHURCH OF CHRIST,1,1,1,0,0,0,0,1,0,1
TUCKER COVE LLC,1,1,1,0,0,0,1,1,1,0
TWO LAKES LLC,1,1,1,1,1,1,1,1,1,0
VENTURE CONSTRUCTION COMPANY INC,1,0,0,0,0,0,0,0,0,0
VILLAGE AT BRIDGE CREEK LTD,1,1,1,0,0,0,0,1,0,1
VILLAGE AT BROCKS GAP LLC THE,1,1,1,0,0,0,0,1,0,1
VITRUVIAS THERAPEUTICS INC,1,1,1,0,0,0,0,1,0,1
WALK OF TUSCALOOSA LLC THE,1,0,0,0,0,0,0,0,0,0
WATER WORKS AND SEWER BOARD OF THE CITY OF ANNISTON,1,0,0,0,0,0,0,0,0,0
WAYNE DAVIS CONSTRUCTION,1,1,1,1,1,0,1,1,1,0
WEAVIN LLC,1,1,1,0,0,0,1,1,0,1
WHITEROCK AND ASSOCIATES INC,1,1,0,0,0,0,0,0,1,0
WILLIAM ASHLEY,1,0,0,0,0,0,0,0,0,0
WILLIAM HUFFAKER,1,0,0,0,0,0,0,0,0,0
WINTER HOMES,1,1,1,0,0,0,0,1,0,1
WOOD E AND IS INC,1,0,0,0,0,0,0,0,0,0
WYNNE ENTERPRISES INC,1,1,1,0,0,0,0,1,0,1
ZIEGLER CORPORATION,1,1,1,1,0,0,0,1,0,1
0000000234,1,0,0,0,0,0,0,0,0,0
0000000263,1,1,0,0,0,0,0,0,1,0
0000000298,1,0,0,0,0,0,0,0,0,0
0000000306,1,0,0,0,0,0,0,0,0,0
0000000432,1,0,0,0,0,0,0,0,0,0
0000001386,1,1,1,0,0,0,0,1,0,1
0000002442,1,1,1,0,0,0,1,1,0,1
0000002791,1,0,0,0,0,0,0,0,0,0
0000002937,1,0,0,0,0,0,0,0,0,0
0000004536,1,0,0,0,0,0,0,0,0,0
0000005081,1,0,0,0,0,0,0,0,0,0
0000005137,1,0,0,0,0,0,0,0,0,0
0000007611,1,0,0,0,0,0,0,0,0,0
0000008550,1,0,0,0,0,0,0,0,0,0
0000011364,1,0,0,0,0,0,0,0,0,0
0000011688,1,0,0,0,0,0,0,0,0,0
0000012759,1,0,0,0,0,0,0,0,0,0
0000013169,1,0,0,0,0,0,0,0,0,0
0000015333,1,0,0,0,0,0,0,0,0,0
0000016138,1,1,1,0,0,0,0,1,0,1
0000017060,1,0,0,0,0,0,0,0,0,0
0000017265,1,1,1,0,0,0,0,1,0,1
0000018269,1,0,0,0,0,0,0,0,0,0
0000023288,1,1,0,0,0,0,0,0,0,0
0000024929,1,1,1,0,0,0,0,1,1,0
0000026850,1,0,0,0,0,0,0,0,0,0
0000027009,1,1,1,0,0,0,0,1,0,1
0000036836,1,1,1,1,0,0,0,0,0,1
0000041119,1,0,0,0,0,0,0,0,0,0
0000041350,1,0,0,0,0,0,0,0,0,0
0000042808,1,0,0,0,0,0,0,0,0,0
0000043762,1,1,0,0,0,0,0,0,0,0
0000044240,1,0,0,0,0,0,0,0,0,0
0000048051,1,0,0,0,0,0,0,0,0,0
0000048178,1,0,0,0,0,0,0,0,0,0
0000048687,1,1,0,0,0,0,0,0,1,0
0000050427,1,1,0,0,0,0,0,0,0,0
0000050788,1,1,1,0,0,0,0,1,0,1
0000050916,1,0,0,0,0,0,0,0,0,0
0000051254,1,1,0,0,0,0,0,0,0,0
0000051349,1,0,0,0,0,0,0,0,0,0
0000052741,1,1,0,0,0,0,0,0,0,0
0000053275,1,0,0,0,0,0,0,0,0,0
0000053466,1,1,1,0,0,0,0,1,0,1
0000053517,1,1,0,0,0,0,0,0,0,0
0000053539,1,1,0,0,0,0,0,0,0,0
0000053572,1,0,0,0,0,0,0,0,0,0
0000053592,1,1,1,0,0,0,0,1,0,1
0000053594,1,0,0,0,0,0,0,0,0,0
0000053599,1,1,0,0,0,0,0,0,0,0
0000053650,1,1,1,0,0,0,0,1,0,1
0000053659,1,1,1,0,1,1,1,1,1,0
0000053704,1,1,1,0,0,0,0,1,0,1
0000053709,1,1,0,0,0,0,0,0,0,0
0000053711,1,1,0,0,0,0,0,0,1,0
0000053718,1,1,1,0,0,0,1,1,1,0
0000053813,1,0,0,0,0,0,0,0,0,0
0000053834,1,0,0,0,0,0,0,0,0,0
0000053939,1,1,1,0,0,0,0,1,0,1
0000054027,1,1,1,1,1,1,1,1,0,1
0000054030,1,1,1,0,0,0,0,1,0,1
0000054078,1,1,1,1,0,1,1,0,0,1
0000054094,1,1,1,1,0,0,0,1,0,1
0000054152,1,1,0,0,0,0,0,0,0,0
0000054190,1,0,0,0,0,0,0,0,0,0
0000054193,1,1,1,1,1,0,0,1,0,1
0000054238,1,0,0,0,0,0,0,0,0,0
0000054249,1,1,1,0,0,0,0,1,0,1
0000054258,1,1,1,0,0,0,0,1,0,1
0000054313,1,1,1,0,0,0,0,1,0,1
0000054386,1,1,1,1,0,0,1,1,1,0
0000054393,1,1,1,0,0,0,0,1,0,1
0000054407,1,1,1,0,0,0,1,0,0,1
0000054482,1,1,1,0,0,0,0,1,0,1
0000054483,1,1,1,0,0,0,0,1,0,1
0000054489,1,0,0,0,0,0,0,0,0,0
0000054490,1,0,0,0,0,0,0,0,0,0
0000054491,1,0,0,0,0,0,0,0,0,0
0000054493,1,0,0,0,0,0,0,0,0,0
0000054495,1,0,0,0,0,0,0,0,0,0
0000054496,1,1,1,1,0,0,0,1,1,0
0000054498,1,0,0,0,0,0,0,0,0,0
0000054499,1,0,0,0,0,0,0,0,0,0
0000054500,1,0,0,0,0,0,0,0,0,0
0000054501,1,0,0,0,0,0,0,0,0,0
0000054502,1,0,0,0,0,0,0,0,0,0
0000054503,1,0,0,0,0,0,0,0,0,0
0000054507,1,1,0,0,0,0,0,0,0,0
0000054516,1,0,0,0,0,0,0,0,0,0
0000054517,1,0,0,0,0,0,0,0,0,0
0000054521,1,0,0,0,0,0,0,0,0,0
0000054522,1,1,1,0,0,0,0,1,0,1
0000054523,1,0,0,0,0,0,0,0,0,0
0000054526,1,1,0,0,0,0,0,0,1,0
0000054527,1,0,0,0,0,0,0,0,0,0
0000054529,1,1,1,1,0,0,1,1,0,1
0000054530,1,1,1,1,1,0,0,1,0,1
0000054531,1,1,1,1,1,0,1,0,0,1
0000054532,1,0,0,0,0,0,0,0,0,0
0000054533,1,0,0,0,0,0,0,0,0,0
0000054534,1,0,0,0,0,0,0,0,0,0
0000054535,1,0,0,0,0,0,0,0,0,0
0000054545,1,0,0,0,0,0,0,0,0,0
0000054546,1,0,0,0,0,0,0,0,0,0
0000054547,1,1,1,0,0,0,0,1,0,1
0000054550,1,1,1,1,1,1,1,1,1,0
0000054555,1,0,0,0,0,0,0,0,0,0
0000054557,1,1,0,0,0,0,0,0,1,0
0000054558,1,1,1,0,0,0,1,1,0,1
0000054559,1,1,1,0,0,0,0,1,0,1
0000054560,1,1,0,0,0,0,0,0,0,0
0000054564,1,1,1,0,0,0,0,1,0,1
0000054566,1,1,1,0,0,0,0,1,1,0
0000054570,1,0,0,0,0,0,0,0,0,0
0000054571,1,0,0,0,0,0,0,0,0,0
0000054572,1,0,0,0,0,0,0,0,0,0
0000054576,1,0,0,0,0,0,0,0,0,0
0000054578,1,1,0,0,0,0,0,0,0,0
0000054580,1,1,1,0,0,0,1,1,0,1
0000054581,1,1,1,0,0,0,0,1,0,1
0000054583,1,1,0,0,0,0,0,0,1,0
0000054584,1,0,0,0,0,0,0,0,0,0
0000054585,1,1,1,0,0,0,0,1,0,1
0000054586,1,1,1,0,0,0,0,1,0,1
0000054589,1,0,0,0,0,0,0,0,0,0
0000054590,1,1,1,1,0,0,1,1,1,0
0000054592,1,1,0,0,0,0,0,0,0,0
0000054593,1,1,1,0,0,0,0,1,0,1
0000054594,1,0,0,0,0,0,0,0,0,0
0000054596,1,0,0,0,0,0,0,0,0,0
0000054597,1,1,1,1,0,0,1,1,1,0
0000054604,1,1,0,0,0,0,0,0,0,0
0000054606,1,1,0,0,0,0,0,0,0,0
0000054607,1,1,0,0,0,0,0,0,1,0
15TH EAST I LLC,1,1,1,0,0,0,0,1,0,1
1910 MALL BOULEVARD LLC,1,1,0,0,0,0,0,0,0,0
68V VALAMOUR 2020 LLC,1,0,0,0,0,0,0,0,0,0
68V WALDEN FIELDS 2020 LLC,1,0,0,0,0,0,0,0,0,0
AA FLUID POWER SERVICES INC,1,0,0,0,0,0,0,0,0,0
AAA HOLDINGS LLC,1,1,1,0,0,0,0,1,1,0
ADC 100 LLC,1,0,0,0,0,0,0,0,0,0
AFFORDABLE FOUNDATION AND HOME REPAIRS INC,1,1,1,0,0,0,0,1,0,1
AL TRUSSVILLE HWY 11 LLC,1,0,0,0,0,0,0,0,0,0
ALABAMA FARMERS COOPERATIVE INC,1,1,1,0,0,0,0,1,0,1
ALABASTER CITY OF WATER AND GAS BOARD,1,1,1,0,0,0,1,0,0,1
ALAN YATES,1,0,0,0,0,0,0,0,0,0
ALEX CITY I HALL NEW APARTMENTS LTD,1,0,0,0,0,0,0,0,0,0
AM KING,1,1,1,1,0,0,1,1,1,0
AMSAFE MINI STORAGE INC,1,1,0,0,0,0,0,0,0,0
ANCHOR POINT CHURCH,1,1,1,0,1,0,1,1,0,1
ANDALUSIA HALL NEW APARTMENTS LTD,1,1,0,0,0,0,0,0,0,0
ANDREA KAISER SHILSTON,1,1,1,0,0,0,0,1,0,1
ANGELAS RIDGE LLC,1,1,1,0,0,0,0,1,0,1
ANNISTON CITY OF WATER WORKS SEWER BOARD,1,0,0,0,0,0,0,0,0,0
APTITUDE BIRMINGHAM LLC,1,0,0,0,0,0,0,0,0,0
AR PROPERTIES LLC,1,1,1,1,1,1,1,1,1,0
ATHENS CITY SCHOOLS,1,1,1,0,0,0,0,1,0,1
ATMORE SENIOR VILLAGE LTD,1,1,1,1,0,1,1,0,0,1
AUBURN ASSISTED LIVING LLC,1,0,0,0,0,0,0,0,0,0
AUTUMN TREE LLC,1,1,0,0,0,0,0,0,1,0
B AND B LLC,1,1,1,0,0,0,0,1,1,0
BALDWIN COUNTY BOARD OF EDUCTATION,1,1,1,1,1,0,1,1,1,0
BAMA CONCRETE BIRMINGHAM,1,0,0,0,0,0,0,0,0,0
BANK OF FRANKEWING,1,1,0,0,0,0,0,0,0,0
BARBER TERRACE REDEVELOPMENT LTD,1,1,1,0,0,0,1,1,0,1
BC CONSTRUCTION GROUP LLC,1,1,1,0,0,0,0,1,0,1
BEAR COMMUNICATIONS LLC,1,0,0,0,0,0,0,0,0,0
BELLE MINA FARM LTD,1,1,1,0,0,0,0,1,0,1
BELLSOUTH COMMUNICATIONS LLC,1,0,0,0,0,0,0,0,0,0
BENCHMARK QUAILTY HOMES LLC,1,0,0,0,0,0,0,0,0,0
BENCHMARK QUALITY HOMES LLC,1,1,0,0,0,0,0,0,1,0
BENTLEY FAMILY PROPERTIES LLC,1,1,1,0,0,0,0,1,0,1
BERG PIPE MOBILE CORPORATION,1,0,0,0,0,0,0,0,0,0
BIBB COUNTY BOARD OF EDUCATION,1,0,0,0,0,0,0,0,0,0
BIG MITTEN ASSOCIATES INC,1,0,0,0,0,0,0,0,0,0
BIG RED INC,1,0,0,0,0,0,0,0,0,0
BILL DAVIS,1,0,0,0,0,0,0,0,0,0
BILL JOHNSTON JR,1,1,1,0,0,0,0,1,0,1
BISHOP AND COMPANY LLC,1,0,0,0,0,0,0,0,0,0
BKS ENTERPRISE LLC,1,1,1,0,0,0,1,0,0,1
BLACKBEAR ALABAMA SOLAR 1 LLC,1,1,1,1,0,0,1,0,0,1
BLADE CONSTRUCTION,1,1,1,0,0,0,1,1,0,1
BLESSED FRANCIS XAVIER SEELOS PARISH,1,1,1,1,0,0,1,0,1,0
BLUEGRASS APARTMENTS LP,1,1,1,0,0,0,0,1,0,1
BOB MORROW CONSTRUCTION INC,1,1,0,0,0,0,0,0,0,0
BONNIE PLANTS INC,1,1,0,0,0,0,0,0,0,0
BRIAN MANDERSON,1,1,0,0,0,0,0,0,1,0
BRIARPATCH RESIDENTIAL ASSOCIATION LLC,1,0,0,0,0,0,0,0,0,0
BROOKWOOD PROPERTIES LLC,1,1,0,0,0,0,0,0,0,0
BRUIN DRIVE LLC,1,1,1,0,0,0,0,1,0,1
BUQUET AND LEBLANC INC,1,0,0,0,0,0,0,0,0,0
BURCH CORPORATION,1,0,0,0,0,0,0,0,0,0
BURFORDS CONSTRUCTION,1,1,1,0,0,0,0,1,0,1
CALLOWAY HOMES,1,1,1,1,1,1,0,1,1,0
CALVARY BAPTIST,1,0,0,0,0,0,0,0,0,0
CAMBRON RIDGE LLC,1,0,0,0,0,0,0,0,0,0
CAMELOT EXTENSION HOMEOWNERS ASSOCIATION INC,1,0,0,0,0,0,0,0,0,0
CAMP CREEK DEVELOPMENT,1,1,1,0,0,0,0,1,0,1
CAMPUS PROPERTIES LLC,1,1,1,1,0,0,1,0,0,1
CARL WEAVER,1,0,0,0,0,0,0,0,0,0
CARRIGAN BRITT LLC,1,1,1,0,0,0,0,1,0,1
CB AND I STORAGE TANK SOLUTIONS LLC,1,1,1,1,1,0,1,1,0,1
CENTERPOINT FELLOWSHIP CHURCH INC,1,1,0,0,0,0,0,0,0,0
CENTRAL ELMORE WATER AND SEWER AUTHORITY,1,0,0,0,0,0,0,0,0,0
CHRIS BREWER CONTRACTING INCORPORATED,1,1,1,1,1,0,1,1,0,1
CIRCLE A MANUFACTURING INC,1,0,0,0,0,0,0,0,0,0
CIRCLE K STORE INC,1,1,1,0,0,0,0,1,0,1
CK ENTERPRISES LLC,1,1,1,0,0,0,1,1,1,0
COLORMASTERS LLC,1,1,1,0,0,0,0,1,0,1
COMMERCIAL CONSRTUCTION AND MAINTENANCE INC,1,1,1,0,0,0,0,1,0,1
COMMUNITY INVESTMENTS INC,1,1,0,0,0,0,0,0,1,0
CONSTRUCTION MANAGERS INC,1,0,0,0,0,0,0,0,0,0
COOLEYCO LLC,1,0,0,0,0,0,0,0,0,0
COOPER CONSTRUCTION CO,1,0,0,0,0,0,0,0,0,0
COPELAND CUSTOM HOMES INCORPORATED,1,1,1,0,0,0,1,0,0,1
COPT BRIDGE STREET OFFICE LLC,1,0,0,0,0,0,0,0,0,0
CORNERSTONE OXFORD LLC,1,1,1,0,0,0,0,1,0,1
COTTAGES AT COTTON BAYOU LLC,1,1,1,0,0,0,1,0,0,1
COTTINGHAM INVESTMENTS LLC,1,0,0,0,0,0,0,0,0,0
COTTON PRODUCERS COOP INC,1,0,0,0,0,0,0,0,0,0
COUNTY LINE ROAD LLC,1,1,1,0,0,0,0,1,0,1
COURTLAND CITY OF,1,0,0,0,0,0,0,0,0,0
D C OIL COMPANY,1,0,0,0,0,0,0,0,0,0
DAVID HOUSE,1,0,0,0,0,0,0,0,0,0
DAVID STRASSBURG,1,1,1,0,0,0,1,0,1,0
DAVIS TIRE AND AUTO OF PPHENIX CITY,1,0,0,0,0,0,0,0,0,0
DEANGELIS DIAMOND,1,0,0,0,0,0,0,0,0,0
DEKALB AMBULANCE SERVICE,1,1,1,0,0,0,0,1,0,1
DERMATOLOGY PARTNERS OF MOBILE LLC,1,0,0,0,0,0,0,0,0,0
DESIGNS 4 YOU HOME BUILDERS INC,1,0,0,0,0,0,0,0,0,0
DISCOUNT TIRE OF ALABAMA,1,1,1,0,0,0,0,1,0,1
DIVERSIFIED REAL ESTATE DEVELOPMENT,1,0,0,0,0,0,0,0,0,0
DOLLAR TREE STORES INC,1,0,0,0,0,0,0,0,0,0
DOMINION SOUTH OAK LLC,1,1,1,1,1,1,1,1,1,0
DPH DAS LLC,1,0,0,0,0,0,0,0,0,0
DRUMMOND COMPANY INC,1,0,0,0,0,0,0,0,0,0
DRYDEN CONTRACTING INC,1,0,0,0,0,0,0,0,0,0
DUSTIN WEIL,1,0,0,0,0,0,0,0,0,0
E M DUNAWAY GENERAL CONTRACTORS INC,1,1,1,1,0,0,1,0,0,1
EARTH SCAPES INC,1,0,0,0,0,0,0,0,0,0
EBSCO INCOME PROPERTIES LLC,1,1,1,1,1,0,1,1,1,0
EDDIE YOUNGBLOOD BUILDERS INC,1,1,1,0,0,0,0,1,0,1
EDWIN MCINTYRE,1,0,0,0,0,0,0,0,0,0
EGP PROPERTY LLC,1,1,1,0,0,0,0,1,0,1
ELBERTA TOWN OF,1,0,0,0,0,0,0,0,0,0
ELLENS COVE LLC,1,1,1,0,0,1,0,1,1,0
ENCOMPASS HEALTH CORPORATION,1,0,0,0,0,0,0,0,0,0
ERS INC,1,0,0,0,0,0,0,0,0,0
ESCC REAL ESTATE LLC,1,1,1,1,0,0,0,1,0,1
FAIRLANE LLC,1,1,1,1,0,0,1,1,0,1
FEDEX WAY LLC,1,1,0,0,0,0,0,0,0,0
FERGUSON 1347,1,0,0,0,0,0,0,0,0,0
FOLEY HOSPITAL CORPORATION AL DBA SOUTH BALDWIN REGIONAL MEDICAL CENTER,1,1,1,0,0,0,1,0,0,1
FORT MORGAN BAYSIDE LLC,1,1,0,0,0,0,0,0,0,0
FORWARD CHURCH,1,1,0,0,0,0,0,0,0,0
FOSTER HERITAGE DEVELOPMENT LLC,1,1,1,0,0,0,0,1,0,1
FRED DEMPSEY CONSTRUCTION LLC,1,0,0,0,0,0,0,0,0,0
FRONTLINE CAPITAL PARTNERS INC,1,0,0,0,0,0,0,0,0,0
GALANCO INC,1,0,0,0,0,0,0,0,0,0
GAMBLE HOLDINGS LLC,1,1,1,0,1,0,1,1,0,1
GANESHA LLC,1,1,0,0,0,0,0,0,1,0
GAYLON PIERCE CONSTRUCTION LLC,1,0,0,0,0,0,0,0,0,0
GE AUBURN LLC,1,0,0,0,0,0,0,0,0,0
GERALD N CANDITO CONSTRUCTION CORPORATION,1,1,1,0,0,0,0,1,0,1
GOOD SHEPHERD CATHOLIC CHURCH,1,1,1,0,0,0,0,1,0,1
GRAYSON CARTER AND SON CONTRACTIING INC,1,1,0,0,0,0,0,0,0,0
GREANEY WHITE AND ASSOCIATES INC,1,0,0,0,0,0,0,0,0,0
GREG MCCULLOUGH CONSTRUCTION INC,1,0,0,0,0,0,0,0,0,0
GRIFFCO DESIGN BUILD,1,1,1,0,0,0,0,1,0,1
GUIDRY LAND DEVELOPMENT LLC,1,1,1,1,0,1,1,1,1,0
GULF COAST TRUCK AND EQUIPMENT COMPANY INC,1,0,0,0,0,0,0,0,0,0
GULF SHORES RVC LLC,1,1,1,1,0,0,0,1,1,0
GURLEY PROPERTIES INC,1,0,0,0,0,0,0,0,0,0
GUTHRIE REAL ESTATE ENTERPRISES LLC,1,1,0,0,0,0,0,0,1,0
H AND C PROPERTIES LLC,1,1,1,1,0,0,1,1,1,0
H AND N INVESTMENTS LLC,1,0,0,0,0,0,0,0,0,0
HANK FORSHEY,1,1,0,0,0,0,0,0,0,0
HARDEN PROPERTIES LLC,1,1,1,0,0,0,0,1,0,1
HARDY PROPERTIES LLC,1,1,1,0,0,0,0,1,0,1
HARPERS STATION DOTHAN PROPCO LLC,1,0,0,0,0,0,0,0,0,0
HARVILL INC,1,0,0,0,0,0,0,0,0,0
HATHAWAY CONSTRUCTION,1,0,0,0,0,0,0,0,0,0
HD AND D LAND COMPANY LLC,1,0,0,0,0,0,0,0,0,0
HEALTHCARE PARTNERS LLC,1,1,1,0,0,0,0,1,0,1
HEATHER HUMPHREY,1,0,0,0,0,0,0,0,0,0
HEER PROPERTIES LLC,1,1,0,0,0,0,0,0,1,0
HEIDELBERG MATERIALS SOUTHEAST AGG LLC,1,0,0,0,0,0,0,0,0,0
HELENA CITY OF,1,1,1,0,0,0,1,0,0,1
HIGHLAND DEVELOPMENT OF ALABAMA LLC,1,0,0,0,0,0,0,0,0,0
HIGHWAY 50 BLUECREEK BOAT AND RV STORAGE,1,0,0,0,0,0,0,0,0,0
HIMALAYAN CONVENIENCE STORES,1,1,0,0,0,0,0,0,0,0
HOLDER CONSTRUCTION GROUP LLC,1,0,0,0,0,0,0,0,0,0
HOLT TEXAS LTD,1,0,0,0,0,0,0,0,0,0
HOOVER STADIUM TRACE WOBB LLC,1,0,0,0,0,0,0,0,0,0
HSC GENEVA LLC,1,1,0,0,0,0,0,0,1,0
HULGAN COMPANY LLC THE,1,0,0,0,0,0,0,0,0,0
HUNTSVILLE WESTSIDE APARTMENTS LLC,1,1,1,0,0,0,0,1,0,1
HUTCHINSON HOMES INC,1,1,1,1,1,0,0,0,0,1
HYDROSEED PROS LLC,1,0,0,0,0,0,0,0,0,0
INDORAMA VENTURES SUSTAINABLE SOLUTIONS LLC,1,0,0,0,0,0,0,0,0,0
INSIGHTFUL PARTNERS LLC,1,0,0,0,0,0,0,0,0,0
INSIGNIFICANT LLC,1,1,0,0,0,0,0,0,1,0
ISBELL CONSTRUCTION COMPANY INC,1,1,0,0,0,0,0,0,0,0
J HUNT ENTERPRISES,1,1,0,0,0,0,0,0,1,0
JAMES ANDERSON,1,1,0,0,0,0,0,0,0,0
JAMES PHILLIPS LONNIE DALE LLC,1,1,1,0,0,0,0,1,0,1
JARED PROPERTIES,1,1,1,1,0,0,1,1,0,1
JBROOKS CONSTRUCTION LLC,1,1,0,0,0,0,0,0,1,0
JEFFERY SCOTT ODEN,1,0,0,0,0,0,0,0,0,0
JLD HOLDINGS LLC,1,1,0,0,0,0,0,0,1,0
JOHN AND VIRGINIA FUSSELL,1,1,0,0,0,0,0,0,0,0
JOHN ECKENSTALER BUILDERS INCORPORATED,1,1,1,0,0,0,0,1,0,1
JOHN GRIGGS AND ASSOCIATES CONSTRUCTION LLC,1,0,0,0,0,0,0,0,0,0
JOHN SOULES FOODS ALABAMA LLC,1,0,0,0,0,0,0,0,0,0
JOHN VICTOR DEACY,1,1,1,1,0,1,1,0,0,1
JOHNSON KREIS CONSTRUCTION COMPANY,1,0,0,0,0,0,0,0,0,0
JOHNSON OUTDOORS MARINE ELECTRONICS INC,1,0,0,0,0,0,0,0,0,0
JONES VALLEY TEACHING FARM,1,1,1,0,0,0,0,1,0,1
JOSHUA HENDERSON,1,1,0,0,0,0,0,0,0,0
JTH CONSTRUCTION INC,1,1,1,0,0,0,0,1,0,1
JULIE PARKER,1,1,1,0,0,0,1,0,0,1
KD HOMES LLC,1,1,0,0,0,0,0,0,0,0
KEITH HARBIN,1,0,0,0,0,0,0,0,0,0
KEITH LANKFORD,1,1,0,0,0,0,0,0,0,0
KEN BEASLEY,1,1,0,0,0,0,0,0,0,0
KENNETH HOLLAND,1,1,1,0,0,0,0,1,0,1
KIMBERLY T SMITH,1,0,0,0,0,0,0,0,0,0
KITCHEN EQUIPMENT AND SUPPLY CO INC,1,1,0,0,0,0,0,0,0,0
KITTLE PROPERTY GROUP INC,1,0,0,0,0,0,0,0,0,0
KIWI LAND HOLDINGS LLC,1,0,0,0,0,0,0,0,0,0
KOREY WEBB CONSTRUCTION LLC,1,0,0,0,0,0,0,0,0,0
KW DEVELOPMENT LLC,1,1,1,1,1,0,1,1,1,0
LAGASSE CONSTRUCTION INC,1,0,0,0,0,0,0,0,0,0
LAKE MARTIN SIGNATURE CO LLC,1,1,0,0,0,0,0,0,0,0
LAKELAND 134 LLC,1,1,1,1,0,0,0,1,0,1
LAND SERVICES LLC,1,1,1,1,0,0,0,1,1,0
LANDING AT EASTLEIGH LTD THE,1,1,1,0,0,0,0,1,0,1
LARRY PITS,1,0,0,0,0,0,0,0,0,0
LARRY WARE,1,0,0,0,0,0,0,0,0,0
LAUNDRY UNLIMITED DOTHAN LLC,1,1,0,0,0,0,0,0,1,0
LAURENDINE STORAGE,1,1,0,0,0,0,0,0,0,0
LAVENDER INC,1,0,0,0,0,0,0,0,0,0
LCS RESTORATION SERVICES LLC,1,1,0,0,0,0,0,0,0,0
LEE ROAD 430 DUPLEXES,1,0,0,0,0,0,0,0,0,0
LEGACY LANE RV RESORT LLC,1,0,0,0,0,0,0,0,0,0
LIBERTY HILL LTD,1,1,0,0,0,0,0,0,0,0
LOXLEY DEVELOPMENT LLC,1,1,1,0,0,1,0,1,0,1
LUVERNE I HALL NEW APARTMENTS LTD,1,0,0,0,0,0,0,0,0,0
MADISON AND FRANKLIN ASSOCIATES LLC,1,0,0,0,0,0,0,0,0,0
MADISON CITY OF WATER AND WASTEWATER BD,1,0,0,0,0,0,0,0,0,0
MALM LLC,1,1,1,0,0,0,0,1,0,1
MANSA NPT LLC,1,1,1,1,0,0,0,1,0,1
MARC MCINTYRE,1,1,0,0,0,0,0,0,1,0
MARCUS CASSIMUS,1,1,1,0,0,0,0,1,0,1
MARINER MOBILE 1 LLC,1,0,0,0,0,0,0,0,0,0
MARSHALL BUILD DESIGN LLC,1,1,1,1,1,0,1,1,0,1
MARSHALL DEKALB ELECTRIC COOPERATIVE,1,1,1,0,0,0,0,1,0,1
MARTIN CHRISTIE,1,1,1,1,1,0,0,0,0,1
MATAWAN LLC,1,1,1,1,1,0,0,1,0,1
MATTHEW PHILLIPS,1,1,0,0,0,0,0,0,0,0
MAUND FAMILY I LLC,1,1,1,0,0,0,0,1,0,1
MAX HOME,1,0,0,0,0,0,0,0,0,0
MAYNOR CONTRACTING LLC,1,1,1,0,0,0,0,1,0,1
MCA CONSTRUCTION INC,1,1,1,1,0,0,0,0,0,1
MCCULLOUGH SNAPPY SERVICE,1,0,0,0,0,0,0,0,0,0
MCDONALD CONSTRUCTION COMPANY INC,1,0,0,0,0,0,0,0,0,0
MCVAY CONSTRUCTION COMPANY,1,1,1,1,1,0,0,0,0,1
MIDDLE ROAD STORAGE DBA ELK RIVER STORAGE,1,0,0,0,0,0,0,0,0,0
MIDDLEBURG REAL ESTATE PARTNERS LLC,1,0,0,0,0,0,0,0,0,0
MIDDLETON OIL CO INC,1,1,1,0,0,0,0,1,0,1
MIKE COUPLAND,1,0,0,0,0,0,0,0,0,0
MINK CREEK VILLAGE LLC,1,0,0,0,0,0,0,0,0,0
MISTY DAVIS,1,0,0,0,0,0,0,0,0,0
MITIGATE ALABAMA LLC,1,0,0,0,0,0,0,0,0,0
MOFFETT ROAD LAND LLC,1,1,0,0,0,0,0,0,0,0
MOORE OIL COMPANY,1,1,1,0,0,0,0,1,0,1
MORROW CONSTRUCTION COMPANY INC,1,0,0,0,0,0,0,0,0,0
MORTON BUILDINGS INC,1,0,0,0,0,0,0,0,0,0
MOSSES WATER AND SEWER AUTHORITY,1,0,0,0,0,0,0,0,0,0
MUSCLE SHOALS SOLAR CENTER,1,1,0,0,0,0,0,0,1,0
NEALCO PRODUCTS INC,1,1,1,0,0,0,0,1,0,1
NEW GENERATIONS FOOD LLC,1,1,1,0,0,0,0,1,0,1
NEW LIFE ASSEMBLY OF GOD INC,1,1,1,0,0,0,0,1,0,1
NEXT LEVEL FITNESS COMPLEX LLC,1,0,0,0,0,0,0,0,0,0
NGI ACQUISITIONS LLC,1,1,1,0,0,0,0,1,1,0
NICHOLAS PETTRY,1,1,1,0,0,0,0,1,0,1
NOTASULGA TOWN OF,1,0,0,0,0,0,0,0,0,0
NOVARE GROUP INC,1,1,1,0,0,0,1,1,1,0
NUMMY BUILDERS INC,1,1,0,0,0,0,0,0,0,0
O R PETERSON,1,1,1,0,0,0,0,1,0,1
OAKLEIGH CROSSING FAMILY I LLC,1,0,0,0,0,0,0,0,0,0
OLIVER RAY PETERSON,1,0,0,0,0,0,0,0,0,0
P AND N DEVELOPMENT LLC,1,0,0,0,0,0,0,0,0,0
PANATTONI DEVELOPMENT COMPANY,1,1,1,0,0,0,0,1,0,1
PARK LANE PRATT LLC,1,1,0,0,0,0,0,0,1,0
PARKWAY PROPERTIES LLC,1,1,1,0,0,0,0,1,0,1
PATTERSON RENTAL PROPERTIES LLC,1,1,1,0,0,0,0,1,0,1
PELHAM INVESTMENT COMPANY LLC,1,1,1,0,0,0,0,1,0,1
PERRY SOLEM,1,1,0,0,0,0,0,0,0,0
PHOENIX FABRICATORS AND ERECTORS LLC,1,0,0,0,0,0,0,0,0,0
PHOENIX REAL ESTATE LLC,1,1,1,0,0,0,0,1,0,1
PIEDMONT FAMILY PRACTICE,1,0,0,0,0,0,0,0,0,0
POLARIS INDUSTRIES INC,1,0,0,0,0,0,0,0,0,0
PPG INDUSTRIES INC,1,0,0,0,0,0,0,0,0,0
PRATTVILLE BAPTIST HOSPITAL,1,1,0,0,0,0,0,0,0,0
PREMIUM PROPERTIES,1,1,0,0,0,0,0,0,1,0
PRESCO PETEROLEUM INC,1,1,0,0,0,0,0,0,0,0
PRICE CONSTUCTION COMPANY INC,1,0,0,0,0,0,0,0,0,0
PROMINENCE VALLEY LLC,1,1,1,1,1,0,0,1,0,1
PROVIDENCE PARK LTD,1,1,0,0,0,0,0,0,0,0
QUADRANT PROPERTIES LLC,1,1,0,0,0,0,0,0,0,0
QUALITY INVESTMENTS PROPERTIES LLC,1,1,0,0,0,0,0,0,0,0
R AND R CONTRACTORS LLC,1,0,0,0,0,0,0,0,0,0
RAM KINGFISHER SUBDIVISION PARTNERS LLC,1,1,1,0,0,0,1,0,0,1
RCA TRUCKING,1,1,0,0,0,0,0,0,0,0
READY MIX USA CEMEX,1,0,0,0,0,0,0,0,0,0
RELIGOUS CORP DAYSPRING BAPT CHURCH,1,1,0,0,0,0,0,0,0,0
RF MYERS ENTERPRISES LLC,1,1,0,0,0,0,0,0,0,0
RGH MIDTOWN LLC,1,1,1,0,0,0,0,1,0,1
RJBARRY,1,1,1,0,0,0,1,1,0,1
ROBERDS CORPORATION,1,1,1,1,0,0,1,0,0,1
ROBERT COBB,1,1,1,0,0,0,0,1,0,1
ROBERT DANIEL,1,0,0,0,0,0,0,0,0,0
ROBERT EATON BUILDERS INC,1,1,1,0,0,0,0,1,0,1
ROBSON INVESTMENTS INC,1,0,0,0,0,0,0,0,0,0
ROGER LUCAS,1,0,0,0,0,0,0,0,0,0
ROGERS CARTAGE CO,1,1,1,0,0,0,0,1,0,1
ROGERS WILLARD INC,1,0,0,0,0,0,0,0,0,0
RONNIE BOYD,1,1,1,0,0,0,0,1,0,1
RUSSELL RANCH LLC,1,0,0,0,0,0,0,0,0,0
S AND J FOSTER PROPERTIES LLC,1,0,0,0,0,0,0,0,0,0
SAGE DEVCO LLC,1,1,1,1,0,0,1,1,0,1
SAINT FRANCIS XAVIER CHURCH,1,0,0,0,0,0,0,0,0,0
SAMUEL W SHARP,1,1,0,0,0,0,0,0,0,0
SANDERSON ROAD LLC,1,1,0,0,0,0,0,0,0,0
SCF BUILDING LLC,1,0,0,0,0,0,0,0,0,0
SCF RC FUNDING III LLC,1,1,1,0,0,0,1,0,1,0
SCHOLT INDUSTRIES INC,1,0,0,0,0,0,0,0,0,0
SCOTCH HOMES AND LAND DEVELOPMENT GROUP INC,1,1,1,1,0,0,1,1,1,0
SCOTTSBORO CHERT PIT INC,1,1,1,0,0,0,0,1,0,1
SEEFRIED INDUSTRIAL PROPERTIES,1,0,0,0,0,0,0,0,0,0
SHAD HAYNES,1,1,0,0,0,0,0,0,0,0
SHREYA CONSTRUCTION LLC,1,0,0,0,0,0,0,0,0,0
SILVER OAKS LLC,1,1,0,0,0,0,0,0,0,0
SOHAM GROUP LLC,1,1,1,0,1,0,1,1,0,1
SOUTHEAST DEMOLITION AND ENVIRNOMENTAL SERVICES INC,1,1,1,0,0,0,0,1,0,1
SOUTHEAST EDUCATION INC,1,1,0,0,0,0,0,0,1,0
SOUTHEASTERN RENOVATION SERVICES LLC,1,1,1,0,0,0,1,1,1,0
SOUTHERN FOOD SERVICES LLC,1,0,0,0,0,0,0,0,0,0
SOUTHERN PROPERTY AND DEVELOPMENT LLC,1,0,0,0,0,0,0,0,0,0
SOUTHERN TRAVEL CENTERS LLC,1,1,1,1,0,0,1,1,1,0
SPECULATIVE INVESTMENTS LLC,1,1,0,0,0,0,0,0,0,0
STATION NUMBER 5 LLC,1,0,0,0,0,0,0,0,0,0
STENEN DEVELOPMENT INC,1,1,1,1,1,1,1,1,1,0
STEPHANIE WORKS,1,1,0,0,0,0,0,0,1,0
STEVEN CRIM,1,1,1,0,0,0,0,1,0,1
STEVEN M CLOWDUS,1,0,0,0,0,0,0,0,0,0
STONEGATE LLC,1,0,0,0,0,0,0,0,0,0
STORAGE ANN STREET LLC,1,1,1,0,0,1,1,0,1,0
STOREEASE MADISON LLC,1,0,0,0,0,0,0,0,0,0
SUMMER LAKE II LLC,1,0,0,0,0,0,0,0,0,0
SUMMERVILLE HIGHLANDS LLC,1,1,1,0,0,0,0,1,0,1
SUPERIOR INLAND TERMINALS LLC,1,1,0,0,0,0,0,0,1,0
TALON DEVELOPMENT INC,1,0,0,0,0,0,0,0,0,0
TAYLOR CORPORATION INC,1,0,0,0,0,0,0,0,0,0
TC AUBURN LLC,1,0,0,0,0,0,0,0,0,0
TCG KOSLIN LLC,1,1,1,1,1,0,1,1,1,0
TCG TIMBERLEAF LLC,1,1,1,1,0,0,1,1,1,0
TED MONK,1,1,1,1,0,0,0,0,0,1
TELEDYNE BROWN ENGINEERING,1,0,0,0,0,0,0,0,0,0
TH LAND COMPANY LLC,1,0,0,0,0,0,0,0,0,0
TIM AND VICKY GERMAN,1,0,0,0,0,0,0,0,0,0
TIMBERLAKE HOMES,1,0,0,0,0,0,0,0,0,0
TIN TOP STORAGE LLC,1,1,1,1,0,0,1,1,0,1
TIRE GROUP PROPERTIES,1,1,0,0,0,0,0,0,0,0
TL SERVICE CENTER INC,1,1,1,0,0,0,0,1,0,1
TOM WEST COMPANY INC,1,1,0,0,0,0,0,0,1,0
TONY PORCO CONSTRUCTION LLC,1,1,1,0,0,0,0,1,0,1
TORTORIGI CONSTRUCTION,1,0,0,0,0,0,0,0,0,0
TORTORIGI CONSTRUCTION CO INC,1,0,0,0,0,0,0,0,0,0
TOWN MADISON HOMES LLC,1,1,1,0,0,0,0,1,1,0
TRACTOR AND EQUIPMENT CO,1,0,0,0,0,0,0,0,0,0
TRADEPORT DISTRIBUTION CENTER II LLC,1,0,0,0,0,0,0,0,0,0
TRI STAR SERVICES LLC,1,1,0,0,0,0,0,0,0,0
TRIPLE T INVESTMENTS LLC,1,1,0,0,0,0,0,0,0,0
TUSCACAL LLC,1,1,1,0,0,0,1,1,1,0
TUSCALOOSA COUNTY PARK AND RECREATION AUTHORITY THE,1,0,0,0,0,0,0,0,0,0
TUSCALOOSA WON LLC,1,0,0,0,0,0,0,0,0,0
TUTWILER PROPERTIES LLC,1,1,1,0,0,0,0,1,0,1
UNDER PAR GOLF LLC,1,1,1,0,0,0,0,1,0,1
UNITED PARCEL SERVICE INC,1,0,0,0,0,0,0,0,0,0
UNITED STATES STEEL REAL ESTATE,1,1,1,0,0,0,1,1,0,1
UNIVERSAL PRECAST INC,1,1,0,0,0,0,0,0,1,0
VALLEY OAKS LTD,1,1,0,0,0,0,0,0,1,0
VALLEY STONE LLC,1,1,0,0,0,0,0,0,0,0
VALOR COMMUNTIES LLC,1,1,1,1,0,0,1,1,1,0
VANDERBILT PROPERTIES LLC,1,1,1,0,0,0,1,1,1,0
VAQUERO HUNTSVILLE PARTNERS LP,1,1,0,0,0,0,0,0,0,0
WATER RESOURCE MANAGEMENT LLC,1,0,0,0,0,0,0,0,0,0
WATERCOLOR LAKE TUSCALOOSA LLC,1,0,0,0,0,0,0,0,0,0
WAYNE FARMS,1,1,0,0,0,0,0,0,0,0
WEDGWORTH CONSTRUCTION CO INC,1,0,0,0,0,0,0,0,0,0
WHATABURGER RESTAURANTS LLC,1,1,0,0,0,0,0,0,0,0
WHEELER BASIN UTILITIES SERVICES INC,1,0,0,0,0,0,0,0,0,0
WHITE CAP,1,1,1,0,0,0,0,1,0,1
WILSHIRE DEVELOPMENT ALABAMA LLC,1,0,0,0,0,0,0,0,0,0
WIREGRASS CONSRTUCTION COMPANY INC,1,1,1,1,0,1,0,0,1,0
WISDOM PROPERTIES INC,1,1,1,0,0,0,0,1,0,1
WSNEWELL AND SONS INC,1,1,0,0,0,0,0,0,0,0
YOUNGBLOOD BARRETT CONSTRUCTION AND ENGINEERING,1,1,1,0,1,1,1,0,0,1
ZACHARY M WARD,1,1,1,0,0,0,0,1,0,1
ZANTHOS PROPERTIES LLC,1,1,1,1,0,0,1,1,1,0
130 OUTFIELD DRIVE,1,1,1,0,0,0,0,1,0,1
181 INVESTMENTS LLC,1,1,1,0,1,0,0,1,0,1
24 7 DEVELOPMENT PARTNERS OF ALABAMA LLC,1,1,0,0,0,0,0,0,1,0
251 LLC,1,0,0,0,0,0,0,0,0,0
261 LAND LLC,1,1,1,0,0,0,1,1,1,0
3M RESIDUARY LLC,1,0,0,0,0,0,0,0,0,0
3TS TRUCKING CONTAINER DIVISION LLC,1,1,0,0,0,0,0,0,0,0
4G LAND HOLDINGS LLC,1,0,0,0,0,0,0,0,0,0
68V PRIMLAND 2018 LLC,1,1,1,1,0,0,1,1,0,1
69 CENTER SOUTH INC,1,0,0,0,0,0,0,0,0,0
708 ENTERPRISE LLC,1,1,1,0,0,0,0,1,0,1
A AND C CONSTRUCTION COMPANY INC,1,0,0,0,0,0,0,0,0,0
ABBIE CWP LLC,1,1,0,0,0,0,0,0,1,0
ADAM MORRELL,1,0,0,0,0,0,0,0,0,0
ADOLPH GETHERS,1,1,0,0,0,0,0,0,1,0
AGAPE BUILDERS,1,0,0,0,0,0,0,0,0,0
AILERON MONROVIA LLC,1,0,0,0,0,0,0,0,0,0
AIR SNOW PROPERTIES LLC,1,1,0,0,0,0,0,0,0,0
AIRPORT BLVD STORAGE LLC,1,1,0,0,0,0,0,0,0,0
AL BIRMINGHAM MEADOWVIEW LLC,1,1,1,1,1,0,1,1,0,1
AL NOOR LLC,1,1,1,0,0,0,0,1,0,1
ALABAMA ARMADA LLC,1,1,1,0,1,0,1,0,0,1
ALABAMA DEPARTMENT OF FINANCE,1,0,0,0,0,0,0,0,0,0
ALABAMA GRAPHITE,1,0,0,0,0,0,0,0,0,0
ALABAMA WATER UTILITIES INC,1,0,0,0,0,0,0,0,0,0
ALDI INC MT JULIET DIVISION,1,1,0,0,0,0,0,0,0,0
AMERICA 1 INDUSTRIES LLC,1,1,1,0,0,0,0,1,0,1
ANDERSON LAKES II LLC,1,1,0,0,0,0,0,0,0,0
ANDREW RANKIN,1,0,0,0,0,0,0,0,0,0
APT INVESTORS ARCHCO AUBURN OWNER LLC,1,0,0,0,0,0,0,0,0,0
ARCO MURRAY NATIONAL CONSTRUCTION COMPANY INC,1,0,0,0,0,0,0,0,0,0
ARLINGTON CONSTRUCTION LLC,1,1,1,0,0,0,0,1,0,1
AUTO SELF STORAGE INC,1,0,0,0,0,0,0,0,0,0
B AND L FAMILY INVESTMENTS LLC,1,1,0,0,0,0,0,0,1,0
BALCH DEVELOPMENT II LLC,1,0,0,0,0,0,0,0,0,0
BALDWIN CUSTARD SARALAND LLC,1,1,1,0,0,0,0,1,0,1
BALDWIN EMC,1,1,0,0,0,0,0,0,0,0
BALLARD CONSTRUCTION COMPANY INC,1,0,0,0,0,0,0,0,0,0
BART MANNING,1,1,0,0,0,0,0,0,1,0
BAT TUSCALOOSA HOLDINGS LLC,1,1,1,1,0,0,1,1,1,0
BAY HILLS LLC,1,1,0,0,0,0,0,0,0,0
BAYER ACQUISITION AND DEVELOPMENT LLC,1,0,0,0,0,0,0,0,0,0
BAYSIDE PROPERTIES LLC,1,1,0,0,0,0,0,0,0,0
BEAVER CREEK HORIZONS PARTNERS LLC,1,1,1,0,0,0,1,1,1,0
BEL INVESTMENTS LLC,1,1,0,0,0,0,0,0,0,0
BELLE MOR LLC THE,1,1,1,0,0,0,0,1,1,0
BENT RIVER DEVELOPMENT LLC,1,1,1,0,0,0,1,1,0,1
BERKLEY HALL CONSTRUCTION LLC,1,1,1,0,0,0,0,1,0,1
BERT TURNER,1,0,0,0,0,0,0,0,0,0
BIG PINEY WYOMING LAND LLC,1,0,0,0,0,0,0,0,0,0
BIG ROCK STONE LLC,1,0,0,0,0,0,0,0,0,0
BILL LUNSFORD CONSTRUCTION AND DEVELOPMENT INC,1,0,0,0,0,0,0,0,0,0
BIRMINGHAM COMPOST LLC,1,0,0,0,0,0,0,0,0,0
BIRMINGHAM TREE AND DEBRIS LLC,1,0,0,0,0,0,0,0,0,0
BLUE HOLE PRESERVE LLC,1,0,0,0,0,0,0,0,0,0
BLUE WATER CAR WASH 9 LLC,1,1,1,0,0,0,0,1,0,1
BLUESTONE BUILDING LLC,1,0,0,0,0,0,0,0,0,0
BOBBY WAYNE MANN,1,0,0,0,0,0,0,0,0,0
BOISE WHITE PAPER LLC,1,0,0,0,0,0,0,0,0,0
BONAVENTURE INVESTMENTS LLC,1,1,1,0,0,0,0,1,0,1
BONNIE PLANT INC,1,1,1,0,0,0,0,1,0,1
BOOMER ADAMSVILLE LLC,1,1,1,0,0,0,0,1,0,1
BRAGG COMMERCIAL PROPERTIES LLC,1,1,1,0,0,0,0,1,0,1
BRELAND HOMES,1,0,0,0,0,0,0,0,0,0
BRENT BOUDOIN,1,1,1,1,1,0,1,1,1,0
BRIAN WHEAT,1,0,0,0,0,0,0,0,0,0
BRM RESIDENTIAL HOMES INC,1,1,0,0,0,0,0,0,1,0
BROAD BRANCH DEVELOPMENT LLC,1,0,0,0,0,0,0,0,0,0
BROOKHILL LLC,1,0,0,0,0,0,0,0,0,0
BROOKSIDE SQUARE LLC,1,1,1,0,0,0,1,0,1,0
BROWN AND GRIFFIN PROPERTIES LLC,1,0,0,0,0,0,0,0,0,0
BRUCE BROWN,1,1,0,0,0,0,0,0,0,0
BRYAN TODD MANN,1,1,1,0,0,0,0,1,0,1
BTC WHOLESALE DISTRIBUTORS INC,1,0,0,0,0,0,0,0,0,0
BUHL ELROD AND HOLMAN WATER AUTHORITY,1,0,0,0,0,0,0,0,0,0
BYROM BUILDING CORP,1,1,1,0,1,0,1,1,1,0
CAHABA RIVER CLINIC PARTNERS II LLC,1,1,1,0,0,0,0,1,0,1
CAINS TREE AND LANDSCAPE INC,1,1,0,0,0,0,0,0,0,0
CALIBER CARWASH,1,1,0,0,0,0,0,0,0,0
CAM DEVELOPMENT 1 LLC,1,0,0,0,0,0,0,0,0,0
CAMPBELL CONSTRUCTION JC INC,1,1,1,0,0,0,0,1,0,1
CAMPFIELD LANDS LLC,1,1,1,1,0,0,1,0,1,0
CARLOS CHIP POWERS II ROCKY CHILDERS DANIEL SISK,1,1,0,0,0,0,0,0,0,0
CARRIAGE HOMES LLC,1,1,1,1,0,0,1,0,0,1
CASH AUTO DEALS,1,1,1,0,0,0,0,1,0,1
CASH CONSTRUCTION INC,1,1,0,0,0,0,0,0,0,0
CBC TOWN CREEK LLC,1,1,1,0,0,0,0,1,0,1
CCG BROOKWOOD LLC,1,0,0,0,0,0,0,0,0,0
CCSR CONSTRUCTION,1,1,1,0,0,0,0,1,0,1
CHAPEL HEIGHTS AUBURN LLC,1,1,0,0,0,0,0,0,1,0
CHARLES MCPHERSON,1,1,0,0,0,0,0,0,0,0
CHASE BUILDING GROUP,1,1,1,0,0,0,0,1,0,1
CHASE CREEK APARTMENTS LLC,1,1,1,0,0,0,0,1,0,1
CHELSEA PARK INC,1,0,0,0,0,0,0,0,0,0
CHEROKEE PLANTATION LLC,1,0,0,0,0,0,0,0,0,0
CHRISTOPHER B HARMON,1,1,0,0,0,0,0,0,1,0
CHRISTOPHER BROWN,1,0,0,0,0,0,0,0,0,0
CHURCH OF GOD AT CROSSROADS ALABAMA INC,1,1,1,1,0,0,0,1,0,1
CIRCULUS HOLDINGS LLC,1,1,1,0,0,0,0,1,0,1
CJI LLC,1,1,0,0,0,0,0,0,0,0
CK CONSTRUCTION SERVICES LLC,1,1,1,0,0,0,0,1,0,1
CLARK ADAMS INVESTMENTS LLC,1,1,0,0,0,0,0,0,0,0
CLARKCO OILFIELD SERVICES INC,1,1,1,0,0,0,0,1,0,1
CM 280 LLC,1,1,1,0,1,0,1,0,0,1
CMWXB INC,1,1,0,0,0,0,0,0,1,0
COLLEGE LAND LLC,1,0,0,0,0,0,0,0,0,0
COLLINS ENTERPRISES LLC,1,1,1,0,0,0,0,1,0,1
COMMUNITY UTILITIES OF ALABAMA INC,1,1,1,0,0,0,0,1,0,1
COMPASS CONSTRUCTION AND DEVELOPMENT,1,0,0,0,0,0,0,0,0,0
CONSOLIDATED PIPE AND SUPPLY COMPANY,1,0,0,0,0,0,0,0,0,0
COOLEY CONSTRUCTION COMPANY INC,1,1,0,0,0,0,0,0,0,0
COREY RHODES,1,1,1,1,1,0,0,1,0,1
CORINTH CONSTRUCTION,1,0,0,0,0,0,0,0,0,0
CORPORATE WAREHOUSE SERVICES INC,1,1,1,0,0,0,0,1,0,1
COTTON BAYOU HOLDINGS LLC,1,1,1,0,0,0,0,1,1,0
CPL HOLDINGS LLC,1,1,1,0,0,0,0,1,1,0
CRAFT HOMES CONSTRUCTION LLC,1,0,0,0,0,0,0,0,0,0
CREEKSIDE COVE PROPERTIES LLC,1,0,0,0,0,0,0,0,0,0
CRN DEVELOPMENT,1,1,1,0,0,1,1,1,1,0
CROSS DEVELOPMENT CC MONTGOMERY TAYLOR LLC,1,1,1,1,1,0,1,0,1,0
CRUCIBLE CONSTRUCTION,1,1,1,0,0,0,1,0,0,1
CSC PROPERTIES LLC,1,1,0,0,0,0,0,0,0,0
CTS EXCAVATION LLC,1,1,0,0,0,0,0,0,1,0
CUSTOM CUT SOLUTIONS LLC,1,0,0,0,0,0,0,0,0,0
CWK PROPERTIES LLC,1,1,1,0,0,0,0,1,0,1
CYPRESSBROOK OAKWOOD LP,1,0,0,0,0,0,0,0,0,0
D AND G BUILDING GROUP LLC,1,0,0,0,0,0,0,0,0,0
D AND S COWBOYS 1 LLC,1,1,1,0,0,0,0,1,0,1
DAC HOMES LLC,1,0,0,0,0,0,0,0,0,0
DADEVILLE POLE COMPANY LLC,1,1,0,0,0,0,0,0,0,0
DANNY C GRIFFIN,1,1,1,0,0,0,0,1,0,1
DANNY CLEMENT BUILDER INC,1,1,0,0,0,0,0,0,0,0
DANNY CLEMENTS BUILDERS INC,1,1,0,0,0,0,0,0,0,0
DAPHNE CYPRESS BREAK LLC,1,1,1,0,0,0,1,1,0,1
DAYSTAR CHURCH,1,1,1,0,0,0,0,1,0,1
DELANEY TRACE LLC,1,1,0,0,0,0,0,0,1,0
DENNIS GROUP INC THE,1,0,0,0,0,0,0,0,0,0
DF CHASE INC,1,0,0,0,0,0,0,0,0,0
DIBENEDETTO ENTERPRISES LLC,1,1,0,0,0,0,0,0,0,0
DIRT FOR SALE LLC,1,1,1,0,0,0,0,1,0,1
DISCOUNT TIRE,1,1,0,0,0,0,0,0,0,0
DISCOVERY LIFE SCIENCES,1,1,1,0,0,0,0,1,0,1
DOLLY RIDGE HOLDINGS LLC,1,0,0,0,0,0,0,0,0,0
DON KEUM,1,1,0,0,0,0,0,0,0,0
DON SPURLIN,1,1,1,0,0,0,0,1,0,1
DOTHAN I HALL NEW APARTMENTS LTD,1,1,0,0,0,0,0,0,0,0
DOUBLE DIAMOND CONSTRUCTION COMPANY INC,1,0,0,0,0,0,0,0,0,0
DOUG TAYLOR,1,1,0,0,0,0,0,0,1,0
DOVE TRANSPORTATION LLC,1,1,1,1,0,0,0,1,0,1
DOWLING THREATT ENTERPRISES LLC,1,1,0,0,0,0,0,0,0,0
DOWN BY THE BAY LLC,1,1,1,0,0,0,0,1,0,1
DOZIER PROPERTIES INC,1,1,0,0,0,0,0,0,1,0
DR DAVID CLAY CAMPBELL,1,1,1,0,0,0,0,1,0,1
DR SCOTTSBORO LLC,1,1,1,1,1,0,0,0,1,0
DRAIN ENTERPRISES INC,1,1,1,0,0,0,0,1,0,1
DSLD LAND MANAGEMENT,1,1,1,1,0,1,1,1,1,0
DYKES STREET PDI LLC,1,1,0,0,0,0,0,0,0,0
E AND C PROPERTIES LLC,1,1,1,0,0,0,0,1,0,1
EAGLE POINT DEVELOPMENT LLC,1,0,0,0,0,0,0,0,0,0
EBCI INC,1,0,0,0,0,0,0,0,0,0
EDDIE PERMAN,1,1,1,0,0,0,0,1,0,1
ELMORE DEVELOPMENT AND ASSOCIATES LLC,1,1,0,0,0,0,0,0,0,0
EMERALD RIDGE IV LLC,1,0,0,0,0,0,0,0,0,0
EMMETT HALL,1,1,1,0,0,0,1,1,1,0
EMP INVESTMENTS LLC,1,1,0,0,0,0,0,0,0,0
ERICK VINES,1,0,0,0,0,0,0,0,0,0
ERIK KALLAS,1,0,0,0,0,0,0,0,0,0
ESCAMBIA COUNTY ALABAMA COMMUNITY HOSPITALS INC,1,1,1,0,1,1,0,0,0,1
ETERNAL WORD TELEVISION NETWORK INC,1,0,0,0,0,0,0,0,0,0
ETOWAH COUNTY BOARD OF EDUCATION,1,0,0,0,0,0,0,0,0,0
EUAFAULA HOUSING AUTHORITY,1,0,0,0,0,0,0,0,0,0
FAIRHOPE LANDING RV RESORT LLC,1,1,1,0,0,0,0,1,0,1
FAREWAY HAZEL GREEN LLC,1,1,0,0,0,0,0,0,0,0
FAREWAY TROY I LLC,1,1,0,0,0,0,0,0,0,0
FEDERAL EMERGENCY MANAGEMENT AGENCY CDP,1,0,0,0,0,0,0,0,0,0
FEDEX GROUND SYSTEM INC,1,1,0,0,0,0,0,0,0,0
FENDERSON LLC,1,1,0,0,0,0,0,0,0,0
FITZGERALD CONSTRUCTION LLC,1,1,1,0,0,0,0,1,0,1
FORA EVENT VENUE LLC,1,0,0,0,0,0,0,0,0,0
FOUR STAR FREIGHTLINER INC,1,1,0,0,0,0,0,0,0,0
FOWLER AUCTION AND REAL ESTATE SERVICE INC,1,0,0,0,0,0,0,0,0,0
FOX OPELIKA LLC,1,1,0,0,0,0,0,0,1,0
FRANK COLLAZO,1,1,0,0,0,0,0,0,1,0
FRANK SMITH,1,1,1,0,0,0,0,1,0,1
FRANK SPENCER,1,1,1,0,0,0,1,1,0,1
FRANKIE PRICE,1,0,0,0,0,0,0,0,0,0
GADSDEN CITY OF BOARD OF EDUCATION,1,0,0,0,0,0,0,0,0,0
GAME DAY ATHLETICS SURFACES INC,1,0,0,0,0,0,0,0,0,0
GARDEN STREET COMMUNITIES,1,1,0,0,0,0,0,0,1,0
GARY BULLARD,1,0,0,0,0,0,0,0,0,0
GARY L HUNT,1,1,0,0,0,0,0,0,0,0
GATEWAY COMMERCIAL BROKERAGE INC,1,1,1,0,0,0,0,1,0,1
GCR DEVELOPMENT LLC,1,1,1,0,1,0,0,1,1,0
GENEROUS PARTNERS LLC,1,1,1,0,0,0,0,1,0,1
GEORGIA PACIFIC WFS LLC,1,0,0,0,0,0,0,0,0,0
GEORGIA THOMPSON,1,1,1,1,0,1,0,1,0,1
GERALD N CANDITO CONSTRUCTION CORP,1,1,1,0,0,0,0,1,0,1
GETAWAY LLC THE,1,0,0,0,0,0,0,0,0,0
GH AND G MEMORIAL LLC,1,1,0,0,0,0,0,0,0,0
GILLESPIE CONSTRUCTION LLC,1,1,1,0,0,0,0,1,0,1
GINGER MACNEALY,1,1,0,0,0,0,0,0,0,0
GLENN WILSON,1,1,1,1,0,0,0,1,0,1
GLOBAL IMPACT CHURCH,1,0,0,0,0,0,0,0,0,0
GOOD OLE BOYS BBQ III LLC,1,1,1,0,0,0,0,1,0,1
GP GHANSHYAM PATEL,1,1,1,0,0,0,0,1,0,1
GPJ INVESTMENTS LLC,1,1,1,0,0,0,0,1,0,1
GRACE POINTE CHURCH OF GOD,1,1,1,0,0,0,0,1,0,1
GRADY WILLETT,1,0,0,0,0,0,0,0,0,0
GRANTHAM DEVELOPMENT COMPANY LLC,1,1,1,0,0,0,0,1,1,0
GRAYSON CONSTRUCTION LLC,1,1,1,0,0,0,0,1,0,1
GREATER SHILOH MISSIONARY BAPTIST CHURCH,1,1,1,0,0,0,0,1,0,1
GREEN CLOVER PROPERTIES LLC,1,1,0,0,0,0,0,0,1,0
GREENING AUTO COMPANY LLC,1,1,1,0,0,0,0,1,0,1
GREENTECH MANAGEMENT LLC,1,0,0,0,0,0,0,0,0,0
GREYSTAR DEVELOPMENT AND CONSTRUCTION LP,1,1,1,0,0,0,0,1,0,1
GROVE GROUP LLC THE,1,1,1,0,1,0,0,1,1,0
GRP CARWASH LLC,1,1,0,0,0,0,0,0,0,0
GULF HAULING AND CONSTRUCTION,1,1,1,0,0,0,0,1,0,1
H2S LLC,1,1,1,1,0,0,0,1,1,0
HABITAT FOR HUMANITY INC,1,1,1,0,1,0,1,0,0,1
HAMLET AT MIDCITY LLC THE,1,1,1,0,0,0,0,1,0,1
HARRIS ELECTRIC PROPERTIES LLC,1,1,1,0,0,0,0,1,0,1
HATHAWAY CONSTRUCTION SERVICES,1,1,1,0,0,0,0,1,0,1
HAYDEN CITY OF,1,1,1,0,0,0,0,1,0,1
HEATH HUGHES,1,0,0,0,0,0,0,0,0,0
HELENA AGRI ENTERPRISES LLC,1,1,0,0,0,0,0,0,0,0
HERNANDEZ UNIVERSAL PROPERTIES INC,1,1,1,0,0,0,0,1,0,1
HH HEALTH SYSTEM MARSHALL LLC,1,1,1,0,0,0,0,1,0,1
HHH INVESTMENTS LLC,1,0,0,0,0,0,0,0,0,0
HIDDEN CREEK APARTMENTS LLC,1,1,1,0,0,0,0,1,0,1
HIGH COUNTRY AUTOMOTIVE LLC,1,0,0,0,0,0,0,0,0,0
HIGHPOINT PARTNERS LLC,1,0,0,0,0,0,0,0,0,0
HIGHWAY 98 RV AND BOAT STORAGE LLC,1,1,1,1,0,0,0,1,0,1
HNR PROPERTIES LLC,1,1,1,0,0,0,1,1,1,0
HOLMAN FREIGHT COMPANY LLC,1,0,0,0,0,0,0,0,0,0
HOME DEPOT USA INC THE,1,0,0,0,0,0,0,0,0,0
HOOTIE LLC,1,1,0,0,0,0,0,0,0,0
HUGHES SWIMMING POOLS INC,1,1,0,0,0,0,0,0,0,0
HUNTER SMITH,1,1,1,0,0,0,0,1,0,1
HUNTSVILLE HOLINESS CHURCH,1,1,0,0,0,0,0,0,1,0
HUSK LLC,1,1,1,0,1,0,1,1,1,0
HWY 72 CDC LLC,1,0,0,0,0,0,0,0,0,0
I 10 GULF COAST LOGISTICS CENTER LLC,1,1,1,1,1,0,0,1,1,0
I3I VENTURES GP LLC,1,0,0,0,0,0,0,0,0,0
ICE RENTALS LLC,1,1,1,1,0,0,0,0,0,1
II LAND INC,1,1,0,0,0,0,0,0,0,0
IMS MANAGEMENT LLC,1,1,1,1,0,0,1,1,0,1
INCREDIBLE PARTNERS LLC,1,0,0,0,0,0,0,0,0,0
INDIAN MOUNTAIN ATV PARK LLC,1,1,1,0,0,0,0,1,0,1
INTERSECT HUNTSVILLE I LLC,1,1,1,0,0,0,0,1,0,1
IPEX USA LLC,1,1,1,0,0,0,0,1,0,1
IVY ROW AT SOUTH LLC,1,1,0,0,0,0,0,0,0,0
IVY ROW AT TROY LLC,1,0,0,0,0,0,0,0,0,0
J AND J DEVELOPMENT LLC,1,1,0,0,0,0,0,0,0,0
J AND M EXCHANGE LLC,1,1,0,0,0,0,0,0,0,0
J B SNIPES LLC,1,1,1,0,0,0,0,1,0,1
J C CURTIS CONSTRUCTION COMPANY LLC,1,1,1,1,0,0,1,1,0,1
JACK LLC,1,1,1,0,1,0,0,1,0,1
JAMES PAVING COMPANY,1,1,0,0,0,0,0,0,0,0
JARED CROUSILLAC,1,1,0,0,0,0,0,0,0,0
JASON SLATEN,1,1,0,0,0,0,0,0,0,0
JAY PIGFORD,1,0,0,0,0,0,0,0,0,0
JCF LIVING,1,0,0,0,0,0,0,0,0,0
JERROD ADAMS LLC,1,1,1,0,0,0,0,1,0,1
JIM COOPER CONSTRUCTION INC,1,1,1,0,0,0,0,1,0,1
JIM PARKER RESIDENTIAL LLC,1,1,0,0,0,0,0,0,0,0
JK PROPERTIES LLC,1,1,1,0,0,0,0,1,0,1
JM RUSSELL PROPERTIES LLC,1,0,0,0,0,0,0,0,0,0
JOHN C BARKER,1,0,0,0,0,0,0,0,0,0
JOHN SCRIBNER,1,1,0,0,0,0,0,0,0,0
JOHNSTON CONSTRUCTION LLC,1,1,1,0,0,0,0,1,0,1
JON PIERCE,1,1,1,1,0,0,1,0,1,0
JOSEPH SMITH,1,1,1,1,0,0,0,0,0,1
JOYCE ALLEN,1,1,0,0,0,0,0,0,0,0
KATHY HIGNIGHT,1,1,1,0,0,0,0,1,1,0
KENNETH BROADWATER,1,1,0,0,0,0,0,0,1,0
KERBY HOMES LLC,1,1,1,1,0,0,1,1,0,1
KNIGHT SWIFT TRANSPORTATION HOLDINGS INC,1,1,0,0,0,0,0,0,0,0
KYUNGSHIN LEAR SALES AND ENGINEERING,1,1,0,0,0,0,0,0,0,0
L AND M EXCAVATING INC,1,1,1,0,0,0,1,1,1,0
L SQUARED CONSTRUCTION,1,0,0,0,0,0,0,0,0,0
LAKESIDE COTTAGES 2 LLC,1,0,0,0,0,0,0,0,0,0
LAKESIDE INVESTMENTS LLC,1,1,1,0,0,0,0,1,0,1
LANEJONES LLC,1,0,0,0,0,0,0,0,0,0
LBA GSA ANDALUSIA LLC,1,0,0,0,0,0,0,0,0,0
LEE AUDIS LLC,1,0,0,0,0,0,0,0,0,0
LEGACY TRAIL LP,1,1,1,0,0,0,0,1,0,1
LEGENDARY MARINE,1,1,1,0,1,1,0,1,1,0
LEO AT HUNTSVILLE LLC,1,0,0,0,0,0,0,0,0,0
LI CYCLE INC,1,1,1,1,1,0,0,1,0,1
LILY LEATHERWOOD,1,1,0,0,0,0,0,0,1,0
LIMESTONE BUIDLING GROUP LLC,1,1,0,0,0,0,0,0,0,0
LINDSEY CONSTRUCTION CO INC,1,0,0,0,0,0,0,0,0,0
LINECO INC,1,1,1,0,0,0,0,1,0,1
LK USA INC,1,1,1,1,1,0,0,1,1,0
LOCUST FORK CITY OF,1,1,0,0,0,0,0,0,0,0
LOST BOYS LAND COMPANY LLC,1,1,1,0,0,0,0,1,1,0
LOUCAP LLC,1,0,0,0,0,0,0,0,0,0
LYNN PERSELL HOMEBUILDERS,1,1,1,0,0,0,0,1,0,1
MADISON LAND RESOURCES,1,1,0,0,0,0,0,0,0,0
MADISON SPORTS ACADEMY LLC,1,1,1,0,0,0,0,1,0,1
MAIDEN HEIGHTS PARTNERS LLC,1,0,0,0,0,0,0,0,0,0
MALBIS PLANTATION INC,1,1,1,0,0,0,0,1,0,1
MARION JAGGEARS,1,1,1,0,0,0,1,1,1,0
MARK AND REBECCA SHIPP,1,1,1,1,0,0,0,0,0,1
MARKET PROPERTIES LLC,1,1,0,0,0,0,0,0,0,0
MARTINREA TUSCALOOSA INC,1,0,0,0,0,0,0,0,0,0
MARVIN KEITH PETTY,1,1,0,0,0,0,0,0,0,0
MATHEW CADDIS,1,0,0,0,0,0,0,0,0,0
MATT HAMPTON,1,1,0,0,0,0,0,0,1,0
MAUND FAMILY FARM LLC,1,1,0,0,0,0,0,0,0,0
MBDS PROPERTIES LLC,1,1,1,0,0,0,0,1,0,1
MC CULLMAN LLC,1,1,0,0,0,0,0,0,0,0
MCCLELLAN DEVELOPMENT AUTHORITY,1,0,0,0,0,0,0,0,0,0
MCCOY AND CO INC,1,0,0,0,0,0,0,0,0,0
MCGIFFERT PROPERTIES LLC,1,1,0,0,0,0,0,0,0,0
MCLEOD CONSTRUCTION,1,1,1,1,0,0,1,1,0,1
MCVAY CONSTRUCTION INC,1,1,1,0,0,0,0,1,0,1
MD REAL ESTATE HOLDING LLC,1,0,0,0,0,0,0,0,0,0
MDR CALERA LLC,1,1,1,0,0,0,0,1,0,1
MEADOWS CONSTRUCTION INC,1,1,0,0,0,0,0,0,0,0
MEDICAL ASSOCIATES OF THE SHOALS PC,1,1,1,0,0,0,0,1,0,1
METRO RV THEODORE LLC,1,1,0,0,0,0,0,0,0,0
MH VERTICAL,1,1,1,0,0,0,0,1,0,1
MH VERTICAL HOLDINGS LLC,1,1,1,1,0,0,1,0,1,0
MICHAEL FONTAINE,1,1,1,0,0,0,0,1,0,1
MIKE BELEW,1,1,0,0,0,0,0,0,0,0
MILLIGANS HURRI CLEAN LLC,1,1,1,1,0,0,1,0,0,1
MITCHELL CHRYSLER DODGE JEEP RAM,1,0,0,0,0,0,0,0,0,0
MOBILE PAPERBOARD CORP,1,0,0,0,0,0,0,0,0,0
MONTGOMERY WHITEWATER,1,0,0,0,0,0,0,0,0,0
MOON CONCRETE SERVICES INC,1,0,0,0,0,0,0,0,0,0
MOORE DOZER SERVICE,1,1,1,0,0,0,0,1,0,1
MORGANTOWN DEVELOPMENT COMPANY INC,1,1,1,1,1,0,1,1,1,0
MOUNDVILLE TOWN OF,1,0,0,0,0,0,0,0,0,0
MOUNTAIN BROOK CITY,1,0,0,0,0,0,0,0,0,0
MT OLIVE CHRISTIAN FELLOWSHIP CHURCH,1,1,0,0,0,0,0,0,0,0
MU LLC,1,1,1,0,0,0,0,1,0,1
NAVIGATOR INTERNATIONAL INC,1,1,0,0,0,0,0,0,0,0
NAVIGATOR INTERNATIONAL LLC,1,0,0,0,0,0,0,0,0,0
NEPTUNE DESIGN STUDIO LLC,1,1,0,0,0,0,0,0,0,0
NEW LIFE COMMUNITY CHURCH,1,1,1,1,1,1,1,1,1,0
NEWCASTLE HOMES INC,1,1,1,0,0,0,0,1,0,1
NORTH GEORGIA CONCRETE INC,1,1,0,0,0,0,0,0,0,0
NPM PROPERTIES,1,1,0,0,0,0,0,0,1,0
NPM PROPERTIES INC,1,1,0,0,0,0,0,0,1,0
OAK COVE LLC,1,1,1,0,0,0,1,0,1,0
OAK PLACE LLC,1,1,1,0,0,0,0,1,0,1
ODYSSEY AT HIGBEE FARMS LLC,1,1,1,0,0,0,0,1,0,1
OLIVIA FORD,1,1,0,0,0,0,0,0,0,0
OLP MOBILE LLB,1,1,0,0,0,0,0,0,0,0
ONE EIGHTY CHURCH,1,1,1,0,0,0,1,1,0,1
ORCHARD WAY MOBILE HOME PARK LLC,1,1,0,0,0,0,0,0,0,0
OUTDOOR SOLUTIONS INC,1,0,0,0,0,0,0,0,0,0
OUTLOOK LLC THE,1,1,0,0,0,0,0,0,0,0
OW INVESTMENTS LLC,1,1,0,0,0,0,0,0,0,0
OWENS CROSSING LLC,1,1,0,0,0,0,0,0,0,0
P AND M WILSON PROPERTIES LLC,1,0,0,0,0,0,0,0,0,0
PADDINGTON AL LAND LLC,1,1,1,0,0,0,0,1,0,1
PAIGE MCKERCHAR,1,0,0,0,0,0,0,0,0,0
PANATTONI DEVELOPMENT COMPANY INC,1,0,0,0,0,0,0,0,0,0
PAUL TAYLOR,1,1,0,0,0,0,0,0,0,0
PEADEN LLC,1,1,0,0,0,0,0,0,0,0
PEOPLES BANK OF ALABAMA INC,1,1,1,0,0,0,0,1,1,0
PFI LTD,1,1,0,0,0,0,0,0,1,0
PHIL HARRIS CONSTRUCTION INC,1,0,0,0,0,0,0,0,0,0
PHOENIX GULF SHORES II LLC,1,0,0,0,0,0,0,0,0,0
PIERCE AND PIERCE LLC,1,1,1,0,0,0,1,1,1,0
PIERCE HENINGBURG,1,1,0,0,0,0,0,0,1,0
PIKE LIBERAL ARTS SCHOOL,1,1,0,0,0,0,0,0,0,0
PINE RIDGE 1 LLC,1,0,0,0,0,0,0,0,0,0
PLEASING PARTNERS LLC,1,0,0,0,0,0,0,0,0,0
POBOY PROPERTIES LLC,1,0,0,0,0,0,0,0,0,0
POTTERSVILLE LLC,1,0,0,0,0,0,0,0,0,0
PRATT COTTON GIN MILL LLC,1,0,0,0,0,0,0,0,0,0
PRECISION ALLOY AND SUPPLY,1,1,1,0,0,0,0,1,0,1
PREMIER FAMILY CARE REAL ESTATE LLC,1,1,1,0,0,0,0,1,0,1
PREMIER TECH INC,1,1,0,0,0,0,0,0,0,0
PRIME DESIGN HOMES LLC,1,1,0,0,0,0,0,0,0,0
PRIORITY WIRE AND CABLE INC,1,0,0,0,0,0,0,0,0,0
PRIVATE HOLDING LLC,1,1,0,0,0,0,0,0,0,0
PROCARE CONTRACTING LLC,1,1,0,0,0,0,0,0,1,0
PRODUCTS SE PIPE LINE CORPORATION,1,0,0,0,0,0,0,0,0,0
PROMINENCE HOMES AND COMMUNITIES LLC,1,0,0,0,0,0,0,0,0,0
PROVIDENCE HOSPITAL,1,1,1,0,0,0,0,1,0,1
PTC DEVELOPMENT LLC,1,1,0,0,0,0,0,0,1,0
QADER PROPERTIES LLC,1,1,1,0,0,0,0,1,0,1
QUIKTRIP CORPORTATION,1,1,0,0,0,0,0,0,1,0
R AND J KEEF PROPERTIES LLC,1,1,1,0,0,0,0,1,0,1
R AND L FOODS LLC,1,1,0,0,0,0,0,0,0,0
RAM MILLBROOK HOSPITALITY TWO LLC,1,1,0,0,0,0,0,0,0,0
RAM MONTGOMERY HOSPITALITY THREE LLC,1,1,0,0,0,0,0,0,0,0
RAM OXFORD HOSPITALITY LLC,1,1,1,1,0,1,1,1,1,0
RAM WEAVER SUBDIVISION PARTNERS LLC,1,0,0,0,0,0,0,0,0,0
REAL MARKET GROUP LLC,1,1,0,0,0,0,0,0,1,0
REDEMPTION LLC,1,0,0,0,0,0,0,0,0,0
RENFROE CONSTRUCTION COMPANY LLC,1,0,0,0,0,0,0,0,0,0
RESERVES AT GREEN MEADOWS LLC THE,1,0,0,0,0,0,0,0,0,0
REX LAKE RD LLC,1,1,1,0,0,0,0,1,0,1
RICE CREEK LLC,1,0,0,0,0,0,0,0,0,0
RIGHT WAY CHRISTIAN CENTER CHURCH,1,1,0,0,0,0,0,0,0,0
RISE A REAL ESTATE COMPANY,1,1,1,0,1,0,0,1,0,1
RIVER AND ROCKET LLC,1,1,1,0,0,0,0,1,0,1
RIVER RIDGE RETREAT LLC,1,0,0,0,0,0,0,0,0,0
RIVER VALLEY INGREDIENTS HANCEVILLE,1,0,0,0,0,0,0,0,0,0
ROBERT GATES,1,0,0,0,0,0,0,0,0,0
ROBERT HOLLAND,1,1,1,0,0,0,0,1,1,0
ROCK CREEK INC,1,1,0,0,0,0,0,0,0,0
ROGER SPICKARD,1,0,0,0,0,0,0,0,0,0
RONALD FOSTER,1,1,1,1,1,0,1,1,1,0
RONALD FOUST,1,0,0,0,0,0,0,0,0,0
ROYAL SWITCHGEAR MANUFACTURING COMPANY LLC,1,0,0,0,0,0,0,0,0,0
RUSSELL PALMER,1,1,0,0,0,0,0,0,1,0
RW DEVELOPMENT LLC,1,1,1,0,0,0,1,1,1,0
S AND I LLC,1,0,0,0,0,0,0,0,0,0
SAFE HARBOR DEVELOPMENT,1,1,1,0,0,0,0,1,0,1
SALP SITE D LLC,1,1,0,0,0,0,0,0,0,0
SAMKWANG USA INC,1,1,0,0,0,0,0,0,0,0
SAMUEL TAYLOR BELL,1,0,0,0,0,0,0,0,0,0
SAN ROCK LLC,1,1,1,0,0,0,1,0,1,0
SANDRA WEAVER,1,1,1,0,0,0,0,1,0,1
SCANNELL PROPERIES 569 LLC,1,1,1,1,0,0,1,1,1,0
SCHRIMSHER COMPANY INC,1,1,1,0,0,0,0,1,0,1
SCHUMACHER HOMES LLC,1,0,0,0,0,0,0,0,0,0
SCOTT KING,1,0,0,0,0,0,0,0,0,0
SCOTT MICHAELS,1,1,1,0,0,0,0,1,0,1
SEAN BURNS,1,1,1,1,0,0,0,1,0,1
SEASTAR INC,1,1,0,0,0,0,0,0,1,0
SECTION TOWN OF WATERWORKS SEWER AND GAS BOARD,1,0,0,0,0,0,0,0,0,0
SEEFRIED INDUSTRIAL PROPERTIES INC,1,0,0,0,0,0,0,0,0,0
SEGWYN LLC,1,0,0,0,0,0,0,0,0,0
SERGIO TOLEDO VAZQUEZ,1,1,1,0,0,0,0,1,1,0
SHON EDWARDS,1,1,1,0,0,0,0,1,0,1
SHOOTERS PARADISE,1,1,0,0,0,0,0,0,1,0
SHORELINE REAL ESTATE LLC,1,1,1,1,1,0,1,1,1,0
SHRIJI HOOVER AL LLC,1,1,1,1,1,0,0,1,0,1
SKYLAND BOULEVARD STORAGE LLC,1,0,0,0,0,0,0,0,0,0
SLADE BLACKWELL,1,1,0,0,0,0,0,0,0,0
SNAP ON LOGISTICS COMPANY,1,1,1,0,0,0,0,1,0,1
SNEAD TOWN OF,1,1,1,0,0,0,0,1,0,1
SOHAIL CONSTRUCTION,1,1,0,0,0,0,0,0,0,0
SOUTHEAST MAINTENANCE INC,1,1,0,0,0,0,0,0,0,0
SOUTHEASTERN CONTRACTORS LLC,1,0,0,0,0,0,0,0,0,0
SOUTHERN LUMBER AND HARDWARE LLC,1,1,0,0,0,0,0,0,0,0
SOUTHERN OIL COMPANY INC,1,0,0,0,0,0,0,0,0,0
SOUTHERN TIRE MART AT PILOT LLC,1,0,0,0,0,0,0,0,0,0
SOUTHMINSTER PRESBYTERIAN CHURCH,1,0,0,0,0,0,0,0,0,0
SPECIAL TOUCH OF NORTH AL LLC,1,0,0,0,0,0,0,0,0,0
SPRATLIN CONSTRUCTION COMPANY,1,1,1,1,1,0,1,1,1,0
SQUARETAIL CONSTRUCTION LLC,1,1,0,0,0,0,0,0,0,0
SRC CONTRACTORS INC,1,1,1,0,0,0,0,1,0,1
ST ELMO IRVINGTON WATER AUTHORITY,1,1,0,0,0,0,0,0,0,0
ST JOHN AME CHURCH,1,1,1,0,0,0,0,1,0,1
STAFFORD FULTONDALE LLC,1,0,0,0,0,0,0,0,0,0
STAYAPT SUITES,1,1,1,1,0,0,1,1,0,1
STERLING GROUP,1,1,0,0,0,0,0,0,1,0
STERLING HEIGHTS LP,1,0,0,0,0,0,0,0,0,0
STEVE HODGE BUILDING AND DEVELOPMENT,1,0,0,0,0,0,0,0,0,0
STIX CONTRACTING INC,1,1,1,0,0,0,0,1,0,1
STORAGE ADVANTAGE LLC,1,1,1,0,0,0,0,1,0,1
STRICKLER ENTERPRISES LLC,1,1,1,0,0,0,0,1,0,1
STUART CONSTRUCTION LLC,1,1,1,1,0,0,1,1,1,0
SUMTER COUNTY WATER AUTHORITY,1,0,0,0,0,0,0,0,0,0
SUNBELT LAND INVESTMENTS LLC,1,1,1,0,0,0,1,1,1,0
SW HUNTSVILLE LLC,1,1,1,0,0,0,0,1,0,1
SWINT STORAGE MOBILE AL LLC,1,1,0,0,0,0,0,0,0,0
SYMS CONTRACTORS INC,1,1,1,0,0,0,0,1,0,1
T AND G CONSULTING GROUP LLC,1,1,0,0,0,0,0,0,0,0
TACKETT HOLDINGS LLC,1,1,1,0,0,0,0,1,0,1
TALL OAKS LLC,1,0,0,0,0,0,0,0,0,0
TAYLOR AND MIREE CONSTRUJCTION INC,1,1,1,0,0,0,0,1,0,1
TCG SADDLEWOOD TRAILS LLC,1,1,1,1,1,1,1,1,1,0
TERRA PRO LLC,1,0,0,0,0,0,0,0,0,0
TERRY HOLDINGS LLC,1,1,0,0,0,0,0,0,0,0
TGC MADISON HOTEL LLC,1,1,1,0,0,0,0,1,0,1
THOMAS SELF STORAGE LLC,1,0,0,0,0,0,0,0,0,0
THORNTON DEVELOPMENT LLC,1,1,1,0,0,0,1,1,1,0
THRASHER CONSTRUCTION LLC,1,1,1,0,0,0,0,1,0,1
TILLISON BEND CAMPGROUND LLC,1,1,0,0,0,0,0,0,0,0
TMC REAL ESTATE LLC,1,0,0,0,0,0,0,0,0,0
TOMANDLILAENTERPRISES LLC,1,1,1,0,0,0,0,1,0,1
TOMMY REAID,1,1,0,0,0,0,0,0,1,0
TRUSTMARK CONSTRUCTION CORPORATION,1,1,1,0,0,0,0,1,0,1
TUSCALOOSA FORD LLC,1,0,0,0,0,0,0,0,0,0
TWG DEVELOPMENT LLC,1,0,0,0,0,0,0,0,0,0
TWO OAKS DEVELOPMENT,1,1,1,0,0,0,0,1,1,0
U NAILED IT CONSTRUCTION LLC,1,0,0,0,0,0,0,0,0,0
UAB HEALTH SYSTEM,1,1,1,1,1,0,1,1,1,0
UBALDO AGUIRRE,1,1,1,0,0,0,0,1,0,1
UNITED PACKERS LLC,1,0,0,0,0,0,0,0,0,0
UNIVERSITY OF SOUTH ALABAMA HEALTH CARE AUTHORITY,1,1,0,0,0,0,0,0,0,0
USA BALDWIN COUNTY ASC LLC,1,1,1,0,0,0,0,1,0,1
VANESSA ELIAS,1,1,1,0,0,0,1,0,0,1
VB BTS LLC,1,0,0,0,0,0,0,0,0,0
VCP SEAMANS LLC,1,1,1,0,0,0,0,1,0,1
VERIZON WIRELESS,1,1,1,0,0,0,0,1,0,1
VICTOR SALITURE,1,1,1,1,0,0,0,0,0,1
VINCENT J DENNIS,1,1,0,0,0,0,0,0,0,0
VIZION DRIVEN COMMUNITIES LLC,1,1,1,0,0,0,0,1,0,1
WALMART INC,1,0,0,0,0,0,0,0,0,0
WARD PROPERTIES INC,1,0,0,0,0,0,0,0,0,0
WATERWORKS AND SEWER BOARD OF SARDIS CITY THE,1,0,0,0,0,0,0,0,0,0
WAYNE DAVIS CONCRETE CO INC,1,1,0,0,0,0,0,0,1,0
WAYNE HILL CONSTRUCTION CO INC,1,1,0,0,0,0,0,0,0,0
WAYNES FARMS LLC DECATUR WEST FURTHER P,1,0,0,0,0,0,0,0,0,0
WCE LLC,1,1,1,0,0,0,0,1,0,1
WELLNESS GROUP LLC THE,1,1,1,1,1,0,0,1,0,1
WELLSTONE INC,1,1,0,0,0,0,0,0,0,0
WESTMINSTER CHRISTIAN ACADEMY,1,1,1,0,0,0,0,1,0,1
WF SOUTHTOWN FAMILY LP,1,0,0,0,0,0,0,0,0,0
WHEELER LAND COMPANY LLC,1,1,0,0,0,0,0,0,0,0
WHIT DUCKETT CONSTRUCTION LLC,1,0,0,0,0,0,0,0,0,0
WHITE SPUNNER CONSTRUCTION LLC,1,1,0,0,0,0,0,0,0,0
WHITERIDGE OPELIKA LLC,1,1,0,0,0,0,0,0,0,0
WILLIAM DIANNA REALTY LLC,1,0,0,0,0,0,0,0,0,0
WILLIAM MILLER,1,0,0,0,0,0,0,0,0,0
WILLIAM REESE JR,1,1,1,1,0,1,1,1,0,1
WILSON PROPERTIES LLC,1,1,0,0,0,0,0,0,0,0
WRIGHT SERVICES,1,0,0,0,0,0,0,0,0,0
YEARWOOD CONSTRUCTION LLC,1,0,0,0,0,0,0,0,0,0
YOUNGHOUSE HOLDINGS LLC,1,1,1,0,0,0,0,1,0,1
ZACKERY WAGNON,1,0,0,0,0,0,0,0,0,0
ZP 360 HUNTSVILLE MOUNTAIN LLC,1,0,0,0,0,0,0,0,0,0
ZP 361 HUNTSVILLE RESEARCH PARK LLC,1,0,0,0,0,0,0,0,0,0
ZZ AND R CONSTRUCTION COMPANY LLC,1,0,0,0,0,0,0,0,0,0
1106 SIGNAL POINT LLC,1,1,1,0,0,0,0,1,0,1
1542 BALCH LLC,1,1,1,0,0,0,0,1,0,1
210 POF INVESTMENTS,1,1,1,0,0,0,0,1,1,0
2200 STEEL STREET LLC,1,1,0,0,0,0,0,0,0,0
297 RAY THORINGTON LLC,1,1,1,0,0,0,1,0,0,1
59 STORAGE LLC,1,1,1,0,0,0,0,1,0,1
84 LUMBER COMPANY,1,1,1,0,0,0,0,1,0,1
A AND R CONSTRUCTION MANAGEMENT AND DEVELOPMENT LLC,1,1,1,1,1,0,0,1,0,1
A GRIFFIN CONSTRUCTION LLC,1,1,1,0,0,0,0,1,0,1
AARAV 2020 INC,1,1,0,0,0,0,0,0,1,0
ACHARYA LLC,1,1,0,0,0,0,0,0,0,0
ADAMS HOME LLC,1,1,1,0,1,0,0,1,1,0
AILERON MADISON LLC,1,1,0,0,0,0,0,0,0,0
AIRBUS DS MILITARY AIRCRAFT INC,1,0,0,0,0,0,0,0,0,0
AL SOLAR D LLC,1,1,1,1,0,0,1,0,0,1
ALABAMA FARM CREDIT ACA,1,1,1,0,0,0,0,1,0,1
ALABAMA MINERAL SPRINGS LLC,1,1,1,0,0,0,1,1,0,1
ALABAMA SCHOOL OF MATH AND SCIENCE,1,1,0,0,0,0,0,0,0,0
ALEX NOVAK,1,0,0,0,0,0,0,0,0,0
ALEXTI GLOBAL LLC,1,0,0,0,0,0,0,0,0,0
AMAC DEVELOPMENT GROUP LLC,1,0,0,0,0,0,0,0,0,0
AMADEUS DEVELOPMENT GROUP LLC,1,1,0,0,0,0,0,0,1,0
AMERICAN PET RESORTS LLC,1,1,1,1,1,0,0,1,0,1
AMORE AND SOLE HOLDING LLC,1,1,1,0,0,0,0,1,0,1
AMVAC CHEMICAL CORPORATION,1,0,0,0,0,0,0,0,0,0
ANDREW MCNAIR,1,1,0,0,0,0,0,0,1,0
ANNE WILHELM,1,1,0,0,0,0,0,0,0,0
ARBOURS AT MOORES MILL LLC,1,1,1,0,0,0,0,1,0,1
ARC MSL JV LLC,1,1,1,0,0,0,0,1,0,1
ARCO MURRAY NATIONAL CONSTRUCTION COMPANY,1,0,0,0,0,0,0,0,0,0
ARKANSAS LAND AND REALTY INC,1,1,1,0,0,0,0,1,0,1
ASHETON GLENN LLC,1,0,0,0,0,0,0,0,0,0
ASHFORD CITY OF,1,0,0,0,0,0,0,0,0,0
ATHENS STATE UNIVERSITY FOUNDATION INC,1,1,1,0,0,0,0,1,0,1
ATTALLA CITY OF WATER WORKS BOARD,1,0,0,0,0,0,0,0,0,0
AU CHELSEA HOSPITALITY GROUP LLC,1,1,1,1,1,0,1,1,0,1
AUBREY CRYER,1,1,1,0,0,0,0,1,0,1
AUTAUGA COUNTY WATER AND SEWER AUTHORITY,1,0,0,0,0,0,0,0,0,0
AVIATOR LLC,1,1,1,0,0,0,0,1,0,1
B BLESSED PROPERTIES LLC,1,1,1,0,0,0,0,1,0,1
BACK PORCH INVESTMENT LLC,1,0,0,0,0,0,0,0,0,0
BAKER AND DANIEL LLC,1,1,1,0,0,0,0,1,1,0
BALDWIN BONE AND JOINT PC,1,1,1,0,0,0,0,1,0,1
BALDWIN COUNTY ELECTRIC MEMBERSHIP CORPORATION,1,1,0,0,0,0,0,0,0,0
BALDWIN CUSTARD FOLEY LLC,1,1,0,0,0,0,0,0,0,0
BALLARD CONCRETE,1,0,0,0,0,0,0,0,0,0
BARN AND BEACH LLC,1,1,0,0,0,0,0,0,0,0
BATTEN AND SHAW INC,1,0,0,0,0,0,0,0,0,0
BEESWAX INVESTMENT PROP LLC,1,1,1,1,1,0,1,1,1,0
BERRY CONSTRUCTION CO INC,1,1,1,0,0,0,0,1,0,1
BESSEMER BOARD OF EDUCATION,1,1,0,0,0,0,0,0,0,0
BIG TUNA EXPRESS CARWASH SPRINGHILL LLC,1,1,0,0,0,0,0,0,0,0
BILLY ANDERSON,1,1,0,0,0,0,0,0,0,0
BIRMINGHAM CITY OF WATER WORKS SEWER BOARD,1,0,0,0,0,0,0,0,0,0
BJS RESIDENTIAL PROPERTIES,1,1,1,0,0,0,1,1,0,1
BLACK CAP EDUCATION LLC,1,1,1,0,0,0,0,1,0,1
BLAIR GILLILAND,1,0,0,0,0,0,0,0,0,0
BLOUNTSVILLE TOWN OF UTILITY BOARD,1,0,0,0,0,0,0,0,0,0
BNC HOLDINGS LLC,1,1,0,0,0,0,0,0,0,0
BP AND G DEVELOPMENTS LLC,1,1,1,0,1,0,0,1,1,0
BRAD CLIFTON,1,0,0,0,0,0,0,0,0,0
BRADFORD QOZB LLC THE,1,1,1,0,0,0,0,1,0,1
BRAMLETT BUICK GMC,1,1,1,0,0,0,0,1,0,1
BRELAND CAPITAL LLC,1,1,1,0,0,0,1,1,1,0
BRIAN GAMBLE,1,1,1,0,0,0,0,1,0,1
BRIAN KOON,1,0,0,0,0,0,0,0,0,0
BRIAN ROBINSON BUILDER INC,1,1,1,0,0,0,0,1,0,1
BRIAN T ARMSTRONG CONSTRUCTION,1,1,0,0,0,0,0,0,0,0
BRIARCLIFF PROPERTIES LLC,1,1,1,0,0,0,0,1,0,1
BRIDGEWATER INTERIORS LLC,1,0,0,0,0,0,0,0,0,0
BRIDLE PATH PARTNERS LLC,1,1,0,0,0,0,0,0,0,0
BRIMARK BUILDERS LLC,1,1,0,0,0,0,0,0,0,0
BROWN TAYLOR DEVELOPMENT LLC,1,0,0,0,0,0,0,0,0,0
BUCKSHOT SPEEDWAY LLC,1,1,1,1,1,1,1,1,1,0
BUILDINGS UNLIMITED LLC,1,0,0,0,0,0,0,0,0,0
BUTLER COUNTY BOARD OF EDUCATION,1,0,0,0,0,0,0,0,0,0
C P ACHEE BUILDERS INC,1,1,1,0,0,0,0,1,0,1
C W VISIONS LLC,1,1,1,1,0,0,1,0,0,1
CALIBER COLLISION CENTER NORTHPORT,1,0,0,0,0,0,0,0,0,0
CALIBER COLLISION CENTER PRATTVILLE,1,1,0,0,0,0,0,0,0,0
CALVIN TUCKER,1,1,0,0,0,0,0,0,1,0
CAMBRIA DC HOLDINGS LLC,1,1,1,0,0,0,0,1,0,1
CAMBRIDGE ESTATES LLC,1,0,0,0,0,0,0,0,0,0
CAMPUS NO 124 LLC,1,1,1,1,0,0,1,1,1,0
CAR WASH GUYS LLC THE,1,1,1,0,0,0,1,1,0,1
CARIBE SEASIDE LLC,1,1,1,0,0,0,0,1,0,1
CARL CANNON INC,1,1,1,0,0,0,0,1,0,1
CARL P BLUM,1,1,1,0,0,0,0,1,0,1
CARL RICHARD OLSON JR,1,1,0,0,0,0,0,0,0,0
CAROL LAND DEVELOPMENT LLC,1,0,0,0,0,0,0,0,0,0
CAROLYN MUNDY,1,0,0,0,0,0,0,0,0,0
CARROLLTON LLC,1,1,0,0,0,0,0,0,0,0
CASA PROPST PROPERTIES LLC,1,0,0,0,0,0,0,0,0,0
CDG ENGINEERS ASSOCIATES INC,1,1,0,0,0,0,0,0,0,0
CENTERPOINTE ATHENS PARTNERS LLC,1,1,1,0,0,0,0,1,0,1
CENTURY UNITED METHODIST CHURCH,1,0,0,0,0,0,0,0,0,0
CERROWIRE LLC,1,0,0,0,0,0,0,0,0,0
CHARLES REID,1,1,1,0,0,0,0,1,0,1
CHARLTON K BELL,1,1,1,0,0,0,0,1,0,1
CHEROKEE RIDGE DEVELOPMENT LLC,1,1,1,1,0,0,1,1,1,0
CHONEX INC,1,1,1,0,0,0,0,1,0,1
CHRIS ALBRITTON CONSTRUCTION COMPANY INC,1,1,0,0,0,0,0,0,0,0
CHRIS CLARK PROPERTIES LLC,1,0,0,0,0,0,0,0,0,0
CITY CENTRE III LLC,1,0,0,0,0,0,0,0,0,0
CMBIOMASS INC,1,0,0,0,0,0,0,0,0,0
COASTAL BEACH LIFTS INC,1,1,0,0,0,0,0,0,0,0
COASTAL PEDIATRICS HOLDINGS LLC,1,1,0,0,0,0,0,0,0,0
COLE BUILDERS LLC,1,1,1,0,0,0,0,1,0,1
COLLECTION AT TOWN MADISON LLC THE,1,1,0,0,0,0,0,0,1,0
COLONY CONSTRUCTION,1,0,0,0,0,0,0,0,0,0
COLTON MARSHALL,1,1,0,0,0,0,0,0,1,0
COTTAGE BUILDERS INC,1,1,1,0,0,0,0,1,0,1
COTTAGES AT STEGER LLC,1,1,0,0,0,0,0,0,1,0
COUNTY ROAD 12 LLC,1,0,0,0,0,0,0,0,0,0
COURAGEOUS PROPERTIES LLC,1,1,1,0,0,0,1,1,0,1
COX STREET PROPERTIES LLC,1,1,0,0,0,0,0,0,1,0
CRESTLINE DEVELOPMENT LLC,1,1,1,0,1,0,0,1,1,0
CRN MEADOWOOD CREEK LLC,1,1,1,0,0,0,0,1,1,0
CROSS DEVELOPMENT CC MADISON 72 LLC,1,0,0,0,0,0,0,0,0,0
CROSS DEVELOPMENT CC PELHAM LLC,1,1,1,1,1,1,1,1,1,0
CROWN LOXLEY II LLC,1,1,1,0,0,0,0,1,0,1
CTK PROPERTY GROUP LLC,1,1,0,0,0,0,0,0,0,0
CULPEPPER CONSTRUCTION CO LLC,1,1,1,0,0,1,1,0,1,0
CUSTOM ROOFING AND CONSTRUCTION LLC,1,0,0,0,0,0,0,0,0,0
D AND A DRYWALL,1,0,0,0,0,0,0,0,0,0
DALTON HOLDINGS LLC,1,1,0,0,0,0,0,0,0,0
DAVID BRADLEY,1,1,1,0,0,0,0,1,0,1
DCTN3 556 HUNTSVILLE AL LLC,1,1,1,0,0,0,0,1,0,1
DECATUR EXPRESS WASH LLC,1,1,1,0,0,0,0,1,0,1
DELTA INVESTMENTS LLC,1,1,1,1,0,0,1,0,1,0
DELUXETON DEVELOPMENT LLC,1,1,1,0,0,0,0,1,0,1
DENALI WATER SOLUTIONS LLC,1,0,0,0,0,0,0,0,0,0
DENBURY CARBON SOLUTIONS LLC,1,1,1,0,0,0,0,1,0,1
DEREK A PATTERSON,1,0,0,0,0,0,0,0,0,0
DERRICK BROWN,1,1,1,1,0,0,1,1,0,1
DESI ALABAMA LLC,1,1,0,0,0,0,0,0,0,0
DESTINATION DEVELOPMENT GROUP LLC,1,1,1,0,0,0,0,1,1,0
DG MONTGOMERY GUTHRIES LLC,1,1,0,0,0,0,0,0,0,0
DIESEL PIT LLC THE,1,0,0,0,0,0,0,0,0,0
DNA5 LLC,1,1,0,0,0,0,0,0,0,0
DODGE CITY PARK LLC,1,1,0,0,0,0,0,0,0,0
DOMINION HUNTSVILLE LLC,1,1,1,0,0,0,0,1,0,1
DONALD ALLEN DEVELOPMENT INC,1,1,0,0,0,0,0,0,0,0
DOSTER CONSTRUCTION,1,0,0,0,0,0,0,0,0,0
DUANE OFIELD,1,1,0,0,0,0,0,0,0,0
EAGLE VOL AL LLC,1,0,0,0,0,0,0,0,0,0
EAST MEMORIAL BAPTIST CHURCH,1,1,0,0,0,0,0,0,0,0
EBC CAPITAL HOLDING LLC,1,1,1,0,0,0,0,1,0,1
EBRAHIM MAKHTARI,1,1,1,0,0,0,0,1,0,1
ECLECTIC PROPERTIES LLC,1,0,0,0,0,0,0,0,0,0
ECLIPSE HOSPITALITY II LLC,1,1,1,0,0,0,0,1,0,1
EEH HOLDINGS LLC,1,1,0,0,0,0,0,0,1,0
EIG14T O2B AL MADISON LLC,1,1,0,0,0,0,0,0,0,0
EMBRACE UNITED METHODIST CHURCH INC,1,1,0,0,0,0,0,0,0,0
EMPIRE TRUCK SALES LLC,1,1,0,0,0,0,0,0,0,0
ENA PROPERTIES LLC,1,0,0,0,0,0,0,0,0,0
ENGLER REI LLC,1,1,0,0,0,0,0,0,1,0
ENPOWER SOLUTIONS LLC,1,0,0,0,0,0,0,0,0,0
ENSTOR GAS LLC,1,0,0,0,0,0,0,0,0,0
EQUIPMENTSHARE COM INC,1,1,0,0,0,0,0,0,0,0
ERC MANAGEMENT INC,1,1,0,0,0,0,0,0,0,0
ERIC LAZZARI CONSTRUCTION LLC,1,1,1,0,0,0,0,1,0,1
ESFELLER CONSTRUCTION COMPANY INC,1,1,0,0,0,0,0,0,1,0
EVANS ROAD DEVELOPMENT LLC,1,1,0,0,0,0,0,0,1,0
EVERGREEN COVERED RV AND BOAT STORAGE,1,1,0,0,0,0,0,0,0,0
EVERSTEAD AT MADISON LLC,1,1,1,1,0,0,0,1,1,0
EXPRESS OIL CHANGE FRANCHISE LLC,1,0,0,0,0,0,0,0,0,0
FARM FRESH CATTLE COMPANY LLC,1,1,0,0,0,0,0,0,0,0
FARMSTEAD DEVELOPMENT LLC,1,1,1,0,0,0,0,1,0,1
FIELDS MASONRY,1,0,0,0,0,0,0,0,0,0
FIVE STAR CREDIT UNION FOUNDATION,1,0,0,0,0,0,0,0,0,0
FLANAGAN CONTRACTING LLC,1,1,1,0,1,0,1,0,0,1
FLIP HUNTSVILLE LLC,1,0,0,0,0,0,0,0,0,0
FOLEY AL APARTMENTS LLC,1,0,0,0,0,0,0,0,0,0
FORREST REGISTER,1,1,0,0,0,0,0,0,0,0
FOUNDATION OF JESUS CHURCH,1,0,0,0,0,0,0,0,0,0
FRANK TODD WHITE,1,1,1,1,0,0,0,1,0,1
FULLER HVAC,1,1,0,0,0,0,0,0,0,0
G AND H VENTURES LLC,1,0,0,0,0,0,0,0,0,0
GA PROPERTIES LLC,1,1,1,1,0,0,1,1,1,0
GADSDEN CITY OF WATER WORKS AND SEWER BD,1,1,1,0,0,0,0,1,0,1
GARBER CONSTRUCTION COMPANY INC,1,1,0,0,0,0,0,0,0,0
GDM USA INC,1,1,1,0,0,0,0,1,0,1
GEAUX ROUTE HOLDINGS 2 LLC,1,0,0,0,0,0,0,0,0,0
GENERAL ENGINEERING COMPANY,1,1,1,0,0,0,0,1,0,1
GH AND G DAPHNE LLC,1,1,1,0,0,0,0,1,0,1
GIANT RESOURCE RECOVERY ATTALLA INC,1,0,0,0,0,0,0,0,0,0
GILLETTE LAND DEVELOPMENT LLC,1,1,1,0,0,0,0,1,0,1
GINA ABBAS,1,1,1,0,0,0,0,1,0,1
GLB CULLMAN LLC,1,1,1,0,0,0,0,1,0,1
GLENDA NORRIS,1,1,0,0,0,0,0,0,1,0
GLENN GUNTER,1,1,1,1,0,0,1,1,0,1
GLORY FELLOWSHIP BAPTIST CHURCH INC,1,1,1,0,0,0,0,1,0,1
GP RETAIL LLC,1,1,1,0,0,0,0,1,0,1
GRACE COMMUNITY CHURCH OF WEST ALABAMA INC,1,0,0,0,0,0,0,0,0,0
GRAND RIVER MOTORSPORTS PARK LLC,1,1,1,1,0,0,0,1,1,0
GRANDVIEW MEDICAL GROUP RESEARCH LLC,1,0,0,0,0,0,0,0,0,0
GRAYCLIFF CAPITAL PARTNERS,1,0,0,0,0,0,0,0,0,0
GRAYSVILLE DOWNTOWN REDEVELOPMENT AUTHORITY THE,1,1,1,0,0,0,1,1,0,1
GREENO ROAD MOB LLC,1,1,1,0,0,0,0,1,0,1
GREENSBORO AIRPORT AUTHORITY,1,0,0,0,0,0,0,0,0,0
GREYSTAR DEVELOPMENT AND CONSTRUCTION L P,1,1,0,0,0,0,0,0,0,0
GROUND UP INVESTMENTS LLC,1,0,0,0,0,0,0,0,0,0
GUGLIELMI INVESTMENTS LLC,1,0,0,0,0,0,0,0,0,0
H F AND L CONSTRUCTION DBA OAKLEAF DEVELOPMENT,1,0,0,0,0,0,0,0,0,0
H J GROUP LLC,1,0,0,0,0,0,0,0,0,0
H L MARTIN DISTRIBUTING CO,1,1,1,0,0,0,0,1,0,1
HANDS OF HOPE HEALTH CARE CENTER,1,1,1,0,0,0,0,1,0,1
HANS LLC,1,1,0,0,0,0,0,0,1,0
HARALSON REAL ESTATE I LLC,1,0,0,0,0,0,0,0,0,0
HARRISON BUILDING COMPANY,1,0,0,0,0,0,0,0,0,0
HARVEST HILLS APARTMENTS LLC,1,1,1,0,0,0,0,1,0,1
HAWKINS GROUNDWORK INC,1,0,0,0,0,0,0,0,0,0
HCDJHA LLC,1,1,0,0,0,0,0,0,0,0
HEALTHGROUP OF ALABAMA LAUNDRY SERVICES,1,1,1,0,0,0,0,1,0,1
HEATH WALKER,1,0,0,0,0,0,0,0,0,0
HERE HUNTSVILLE LLC,1,0,0,0,0,0,0,0,0,0
HERITAGE LIBERTY PARK DEVELOMENT LLC,1,0,0,0,0,0,0,0,0,0
HIDDEN HILLS AT LEWIS SMITH LAKE LLC,1,0,0,0,0,0,0,0,0,0
HIDIWE LLC,1,1,1,1,0,0,0,1,1,0
HIGH PURITY SILICON AMERICA CORPORATION,1,0,0,0,0,0,0,0,0,0
HILTON TOMLINSON,1,1,0,0,0,0,0,0,0,0
HOLDEN ENERGY LLC,1,1,1,1,0,0,1,1,0,1
HOLLAND HOMES,1,0,0,0,0,0,0,0,0,0
HOLLIS RANDY JOHNS,1,1,0,0,0,0,0,0,0,0
HOSEY LANCOUR CONSTRUCTION LLC,1,1,0,0,0,0,0,0,0,0
HOSPITALITY CONSTRUCTION,1,0,0,0,0,0,0,0,0,0
HOWARD HAYNIE,1,0,0,0,0,0,0,0,0,0
HRC PROPERTY LLC,1,1,1,0,0,0,1,1,1,0
HUCKABEE COMPANY OF ALABAMA LLC THE,1,1,0,0,0,0,0,0,1,0
HUCKABEE COMPANY OF HUNTSVILLE LLC THE,1,1,0,0,0,0,0,0,0,0
HUFFMAN CONTRACTORS INC,1,0,0,0,0,0,0,0,0,0
HULL ROAD WETLANDS LLC,1,0,0,0,0,0,0,0,0,0
HUNTSVILLE WEST INDUSTRIAL I LLC,1,1,0,0,0,0,0,0,1,0
HUTTON COMPANY LLC THE,1,1,0,0,0,0,0,0,0,0
HUTTON SS WINCHESTER RD LLC,1,1,1,0,0,0,0,1,0,1
HWY 55 BOAZ LLC,1,1,1,0,0,0,0,1,0,1
HWY 55 GUNTERSVILLE LLC,1,1,1,0,0,0,0,1,0,1
HYUNDAI TRANSYS GEORGIA SEATING SYSTEM LLC,1,1,0,0,0,0,0,0,0,0
IMG INVESTMENTS LLC,1,1,0,0,0,0,0,0,0,0
IMS OFFICE BUILDING LLC,1,0,0,0,0,0,0,0,0,0
INDIAN PINES GOLF CLUB,1,0,0,0,0,0,0,0,0,0
ITNOA LLC,1,1,0,0,0,0,0,0,0,0
IVY ROW AT JAX ST LLC,1,0,0,0,0,0,0,0,0,0
J AND L CARPET LLC,1,0,0,0,0,0,0,0,0,0
J C DEVELOPMENT COMPANY LLC,1,1,0,0,0,0,0,0,0,0
JACKSONVILLE BOARD OF EDUCATION,1,0,0,0,0,0,0,0,0,0
JAI SHIVSHAKTI INC,1,1,1,0,0,0,0,1,0,1
JAMES HARRIS,1,0,0,0,0,0,0,0,0,0
JAMES HOUSTON,1,0,0,0,0,0,0,0,0,0
JAMES RYAN SPEAKS,1,1,1,1,1,0,1,1,1,0
JAMIE BALLARD,1,0,0,0,0,0,0,0,0,0
JANA CARROLL,1,1,1,0,0,0,0,1,0,1
JASON WAITS,1,1,0,0,0,0,0,0,1,0
JAY INDUSTRIAL REPAIR,1,0,0,0,0,0,0,0,0,0
JBT POWER,1,1,0,0,0,0,0,0,0,0
JERROD RODDEN,1,1,1,0,0,0,0,1,0,1
JILL HAND,1,0,0,0,0,0,0,0,0,0
JIM BROWN INC,1,1,1,0,0,0,0,1,0,1
JIM CHRISTOPHER,1,1,0,0,0,0,0,0,1,0
JIMMY WHITE,1,0,0,0,0,0,0,0,1,0
JOHN BOBE,1,1,0,0,0,0,0,0,0,0
JOHN VACI,1,1,0,0,0,0,0,0,1,0
JOHNS MANVILLE INC,1,0,0,0,0,0,0,0,0,0
JOLSON CONSTRUCTION INC,1,1,1,0,0,1,0,1,1,0
JONATHAN ARNDT,1,1,1,0,0,0,0,1,0,1
JS BUILDING COMPANY,1,0,0,0,0,0,0,0,0,0
K W RAINES ASSOCIATES INC,1,0,0,0,0,0,0,0,0,0
KALCI PROPERTIES LLC,1,1,0,0,0,0,0,0,0,0
KASHMIR SINGH MALHI,1,1,1,0,0,0,0,1,0,1
KC LOGISTICS LLC,1,1,1,0,0,0,0,1,0,1
KEN SYLVIA,1,1,1,0,0,0,0,1,1,0
KENNAMETAL FIRTH STERLING,1,1,1,0,0,0,0,1,0,1
KERON P MCCOVERY,1,0,0,0,0,0,0,0,0,0
KESSLER MANAGEMENT SERVICES LLC,1,1,1,0,0,0,0,1,0,1
KEVIN CANNADY,1,1,1,1,0,0,1,1,1,0
KEVIN ETHEREDGE,1,1,0,0,0,0,0,0,0,0
KEVIN WEBER,1,1,1,1,1,0,1,1,1,0
KIM LEMPICKI,1,0,0,0,0,0,0,0,0,0
KINDERKIDS LEARNING CENTER INC,1,1,1,0,0,0,0,1,0,1
KINETIC CAPITAL I LLC,1,1,0,0,0,0,0,0,1,0
KINETIC CAPITAL III LLC,1,1,1,0,0,0,0,1,0,1
KING HOMES AND LAND INC,1,1,1,0,0,0,0,1,0,1
KJPROPERTY LLC,1,1,1,0,0,0,0,1,0,1
KROGER LIMITED PARTNERSHIP I,1,1,0,0,0,0,0,0,0,0
KWH PROPERTIES LLC,1,1,1,0,0,0,0,1,0,1
KYLE K KOEHLE,1,1,1,0,0,0,0,1,0,1
L SQUARED CONSTRUCTION LLC,1,1,1,0,0,0,0,1,0,1
LA LLC,1,1,1,0,0,0,0,1,0,1
LAND BANK LLC,1,0,0,0,0,0,0,0,0,0
LARRY JERNIGAN,1,0,0,0,0,0,0,0,0,0
LAS COLINAS TOWNHOMES LLC,1,1,0,0,0,0,0,0,0,0
LEFT LANE AUTO LLC,1,1,1,0,0,0,1,1,0,1
LEGACY LAND LLC,1,0,0,0,0,0,0,0,0,0
LENNAR HOMES ALABAMA LLC,1,1,0,0,0,0,0,0,0,0
LEWIS AGGREGATES LLC,1,1,0,0,0,0,0,0,0,0
LEWIS INC,1,1,0,0,0,0,0,0,0,0
LEWIS INCORPORATED,1,0,0,0,0,0,0,0,0,0
LHCM LLC,1,1,1,0,0,0,0,1,0,1
LIBERTY PARTNERS ENTERPRISES LLC,1,1,1,0,0,0,0,1,0,1
LINDE INC,1,1,1,0,0,0,0,1,0,1
LIVINGSTON FAMILY PROPERTIES LLC,1,1,1,1,0,0,1,1,0,1
LJ3 PROPERTIES,1,0,0,0,0,0,0,0,1,0
LKQ SOUTHEAST INC,1,0,0,0,0,0,0,0,0,0
LMS FOLEY LLC,1,1,0,0,0,0,0,0,0,0
LOKEYS LANDING LLC,1,0,0,0,0,0,0,0,0,0
LR HUNTSVILLE INVESTORS II LLC,1,0,0,0,0,0,0,0,0,0
LTLW LLC,1,1,1,0,0,0,0,1,0,1
LUDACHRIS LLC,1,1,1,0,0,0,0,1,0,1
M AND S CONSTRUCTION,1,1,0,0,0,0,0,0,0,0
MAPC TIMBER RIDGE TWO LLC,1,0,0,0,0,0,0,0,0,0
MARBLEHILL PARTNERS GP,1,1,1,0,0,0,0,1,0,1
MARC WILSON,1,1,1,0,0,0,0,1,1,0
MARIA SAINZ ORTIZ,1,0,0,0,0,0,0,0,0,0
MARIGOLD HOSPITALITY LLC,1,1,1,0,1,0,1,1,0,1
MARION DEAN GRIZZLE,1,1,1,1,0,0,1,1,1,0
MARK ALMAROAD CONSTRUCTION INC,1,0,0,0,0,0,0,0,0,0
MARK HOLMAN PROPERTY,1,0,0,0,0,0,0,0,0,0
MARONDA HOME LLC OF ALABAMA,1,1,1,0,0,0,0,1,0,1
MARTIE MURPHY,1,1,1,0,0,0,0,1,0,1
MARTIN MANAGEMENT CONSULTING LLC,1,0,0,0,0,0,0,0,0,0
MARVEL VENTURES LLC,1,1,1,0,0,0,0,1,0,1
MARY CARO LLC,1,0,0,0,0,0,0,0,0,0
MARYVALE PLACE LTD,1,1,0,0,0,0,0,0,0,0
MATTHEW CACACE,1,1,0,0,0,0,0,0,1,0
MAZDA TOYOTA MANUFACTURING USA INC,1,0,0,0,0,0,0,0,0,0
MBH DEVELOPMENT LLC,1,0,0,0,0,0,0,0,0,0
MBJ DEVELOPMENT INC,1,1,0,0,0,0,0,0,1,0
MCCAIG AND GRIFFIN LLC,1,1,1,0,0,0,1,1,0,1
MCCORKLE CONSTRUCTION COMPANY INC,1,1,0,0,0,0,0,0,0,0
MCCORMICK TRUCKING LLC,1,1,1,0,0,0,0,1,0,1
MCELROY CONSTRUCTION INC,1,0,0,0,0,0,0,0,0,0
MCTI STORAGE LLC,1,1,1,0,0,0,0,1,0,1
MEADOWS ESTATE LLC THE,1,1,1,0,0,0,0,1,1,0
MEDPRO EQUITY LLC,1,0,0,0,0,0,0,0,0,0
MERTS PRESERVATION LLC,1,1,0,0,0,0,0,0,1,0
METALPLATE GALVANIZING LP,1,0,0,0,0,0,0,0,0,0
MH VERTICAL LLC,1,1,1,0,0,0,0,1,0,1
MICHAEL GREER,1,1,0,0,0,0,0,0,0,0
MID AMERICA GOLF AND LANDSCAPE INC,1,0,0,0,0,0,0,0,0,0
MIKE BHADI,1,1,0,0,0,0,0,0,0,0
MLMD LLC,1,0,0,0,0,0,0,0,0,0
MOBILE COMMUNITY ACTION INC,1,1,0,0,0,0,0,0,0,0
MOC JACKSONVILLE LLC,1,1,1,1,0,0,1,0,0,1
MPT OPERATING PARTNERSHIP LP,1,0,0,0,0,0,0,0,0,0
MT VERNON BAPTIST CHURCH INC,1,1,1,0,0,0,0,1,0,1
MURPHY HOME BUILDERS LLC,1,1,1,0,1,0,1,0,0,1
MW SLAUGHTER LLC,1,1,0,0,0,0,0,0,1,0
NAC INVESTMENTS LLC,1,1,1,0,0,0,0,1,0,1
NEPTUNE DESIGN STUDIO,1,1,0,0,0,0,0,0,0,0
NEWTON AND SIMMONS INC,1,1,0,0,0,0,0,0,0,0
NEXGEN CRANE AND RIGGING LLC,1,1,1,0,0,0,0,1,0,1
NIAGARA BOTTLING LLC,1,1,0,0,0,0,0,0,0,0
NOON PELL CITY CENTER LLC,1,1,1,0,0,0,1,1,1,0
NOORUDDIN DHARANI,1,1,1,1,0,0,1,1,0,1
NORMAN LLC,1,1,1,0,0,0,0,1,0,1
NOVELIS CORPORATION BAY MINETTE,1,0,0,0,0,0,0,0,0,0
OAK LAKE LAND CLEARING LLC,1,1,0,0,0,0,0,0,1,0
OAK LEAF LAWN AND LANDSCAPE INC,1,1,1,1,0,0,1,1,0,1
OAK MOUNTAIN BUILDING SUPPLY LLC,1,1,1,0,0,0,1,0,0,1
OAKWOOD AVENUE SELF STORAGE LLC,1,0,0,0,0,0,0,0,0,0
OLD TOWN INVESTMENTS LLC,1,1,0,0,0,0,0,0,1,0
OPELIKA DEVELOPMENT VENTURES LLC,1,0,0,0,0,0,0,0,0,0
OPERATION GREEN TEAM FOUNDATION,1,0,0,0,0,0,0,0,0,0
OWENS CROSS ROADS TOWN OF,1,0,0,0,0,0,0,0,0,0
PACKAGING CORPORATION OF AMERICA,1,0,0,0,0,0,0,0,0,0
PATRIOT FUELING CENTER OF MONTGOMERY LLC,1,1,0,0,0,0,0,0,0,0
PAUL HENDRICK,1,1,1,0,0,0,0,1,0,1
PAYTON HARRIS,1,1,1,0,0,0,0,1,1,0
PEARSON HOMES,1,0,0,0,0,0,0,0,0,0
PEDIATRIC SMILES LLC,1,1,1,0,0,0,0,1,0,1
PEGRUM CREEK LLC,1,1,0,0,0,0,0,0,0,0
PENNSTAR LLC,1,1,1,0,0,0,0,1,0,1
PEPPERTREE HALL APARTMENTS LTD,1,0,0,0,0,0,0,0,0,0
PERMAN ENGINEERING CO,1,0,0,0,0,0,0,0,0,0
PERSONS DEVELOPMENT AND CONSTRUCTION SERVICES LLC,1,1,0,0,0,0,0,0,1,0
PHILLIP LONG,1,1,1,1,0,0,1,1,1,0
PHMI DEVELOPMENT LLC,1,1,0,0,0,0,0,0,0,0
PICKETT CONSTRUCTION LLC,1,0,0,0,0,0,0,0,0,0
PITTS DOZER SERVICE LLC,1,0,0,0,0,0,0,0,0,0
PLAINSMEN DEVELOPMENTS INC,1,0,0,0,0,0,0,0,0,0
PLATFORM DOTHAN LLC,1,1,0,0,0,0,0,0,1,0
POETS INC,1,1,0,0,0,0,0,0,1,0
POS PROPERTIES LLC,1,0,0,0,0,0,0,0,0,0
PRICE CIVIL SERVICES,1,0,0,0,0,0,0,0,0,0
PRIER CONSTRUCTION INC,1,1,0,0,0,0,0,0,1,0
PRIME GROUP DEVELOPMENT LLC,1,1,0,0,0,0,0,0,0,0
PRINCE OIL CO,1,1,1,0,0,0,1,1,1,0
PRM COUNTY LINE HUNTSVILLE OWNER LLC,1,0,0,0,0,0,0,0,0,0
PRO BUILT CONSTRUCTION,1,0,0,0,0,0,0,0,0,0
PRO V GENERAL CONTRACTING LLC,1,1,1,1,0,0,0,1,0,1
PUTMAN PROPERTIES,1,1,1,0,0,0,0,1,0,1
QUAIL CHASE GROUP LLC,1,0,0,0,0,0,0,0,0,0
QUILLA LLC,1,1,0,0,0,0,0,0,0,0
QUIRK PROPERTIES LLC,1,1,0,0,0,0,0,0,0,0
R AND R CONTRACTING LLC,1,1,1,0,0,0,0,1,0,1
RABREN GENERAL CONTRACTORS LP,1,1,1,0,0,0,0,1,1,0
RAHIM VISRAM,1,1,1,1,1,0,1,0,1,0
RAM DOTHAN HOSPITALITY LLC,1,1,0,0,0,0,0,0,0,0
RAM DOTHAN HOSPITALITY TWO LLC,1,1,0,0,0,0,0,0,0,0
RAM SARALAND I LLC,1,1,0,0,0,0,0,0,0,0
RDM3 LLC,1,1,1,1,1,0,0,1,0,1
REAL ESTATE INVESTMENTS LTD LLC,1,1,1,1,0,0,1,1,1,0
RED BAY CITY OF WATER AND GAS BOARD,1,0,0,0,0,0,0,0,0,0
RED ROCK RIDGE LLC,1,0,0,0,0,0,0,0,0,0
REDNECK BARBIE PROPERTIES LLC,1,0,0,0,0,0,0,0,0,0
REEVES ENGINEERING AND CONSTRUCTION LLC,1,1,0,0,0,0,0,0,0,0
RENAISSANCE BUILDERS II LLC,1,0,0,0,0,0,0,0,0,0
REWORLD ENERGY,1,0,0,0,0,0,0,0,0,0
RHONDA JAYE,1,1,0,0,0,0,0,0,0,0
RICK FLETCHER,1,1,0,0,0,0,0,0,0,0
RICKY HUDSON,1,1,1,0,0,0,0,1,0,1
ROCK CITY CONSTRUCTION COMPANY INC,1,1,1,0,0,0,0,1,0,1
ROCK THE SOUTH LLC,1,0,0,0,0,0,0,0,0,0
ROGERS FAMILY TRUST,1,0,0,0,0,0,0,0,0,0
ROGERS PROPERTY LLC,1,1,0,0,0,0,0,0,1,0
ROHDIE MADISON LLC,1,0,0,0,0,0,0,0,0,0
RONDA COTTON,1,1,1,0,0,0,0,1,0,1
ROY LEWIS CONSTRUCTION CORP,1,0,0,0,0,0,0,0,0,0
ROYAL AMERICAN DEVELOPMENT INC,1,0,0,0,0,0,0,0,0,0
RP ENTERPRISES INC,1,1,1,0,0,0,0,1,0,1
RSDPG LLC,1,1,1,0,0,0,0,1,0,1
RURAL KING ADMINISTRATION INC,1,1,1,0,0,0,0,1,0,1
RUSSELL MEDICAL CENTER,1,0,0,0,0,0,0,0,0,0
RUSSELLVILLE CITY OF,1,0,0,0,0,0,0,0,0,0
RYAN PITTS,1,1,0,0,0,0,0,0,0,0
S AND L PROPERTIES HAZEL GREEN LLC,1,1,0,0,0,0,0,0,0,0
SABZ INC,1,0,0,0,0,0,0,0,0,0
SAMKEE AMERICA INC,1,1,0,0,0,0,0,0,1,0
SB AND N HOLDINGS INC,1,1,1,0,0,0,0,1,0,1
SCOTTSBORO CITY OF BOARD OF EDUCATION,1,0,0,0,0,0,0,0,0,0
SDP AL FOLEY 1 LLC,1,1,1,1,0,1,1,0,0,1
SEE FOREVER DEVELOPMENT PARTNERS LLC,1,1,1,0,0,0,0,1,1,0
SHAMROCK LLC,1,1,1,0,0,0,0,1,0,1
SHERRY CALDWELL,1,1,0,0,0,0,0,0,0,0
SHORESIDE AT SIPSEY PROPERTY OWNERS ASSOCIATION,1,0,0,0,0,0,0,0,0,0
SILVERWOOD FARMS LLC,1,1,1,0,0,0,0,1,0,1
SLATE BARGANIER HOLDINGS LLC,1,1,0,0,0,0,0,0,1,0
SMITH PROPERTIES LLC,1,1,1,1,0,0,1,0,1,0
SMOKENECK HOLDINGS LLC,1,0,0,0,0,0,0,0,0,0
SOLID WASTE DISPOSAL AUTHORITY OF BALDWIN COUNTY THE,1,1,1,0,0,0,0,1,0,1
SOMERBY PARTNERS LLC,1,1,1,0,0,0,0,1,0,1
SOUTH BALDWIN REGIONAL MEDICAL CENTER AUXILIARY INC,1,1,0,0,0,0,0,0,0,0
SOUTH STAR BATTERY METALS CORP,1,0,0,0,0,0,0,0,0,0
SOUTHERN ALABAMA REGIONAL COUNCIL ON AGING,1,0,0,0,0,0,0,0,0,0
SOUTHERN COMMERCIAL CONSTRUCTION LLC,1,1,0,0,0,0,0,0,0,0
SOUTHERN INSTITUTE OF PLASTIC SURGERY INC,1,1,0,0,0,0,0,0,0,0
SOUTHERN SITE CONTRACTORS LLC,1,0,0,0,0,0,0,0,0,0
SOUTHWOOD DEVELOPMENT COMPANY LLC,1,0,0,0,0,0,0,0,0,0
SP US 31 BIRMINGHAM AL LLC,1,1,1,0,0,0,0,1,0,1
SPANISH FORT BIBLE BAPTIST CHURCH,1,1,1,0,0,0,0,1,0,1
SPRINGHILL VILLAGE LLC,1,1,0,0,0,0,0,0,0,0
SSRAJ INC,1,1,1,0,0,0,0,1,0,1
STAHLCO HOLDINGS LLC,1,1,0,0,0,0,0,0,0,0
STANLEY PARKER,1,0,0,0,0,0,0,0,0,0
STARLIGHT HAVEN AT WEISS LAKE LLC,1,0,0,0,0,0,0,0,0,0
STATEWIDE CORPORATION,1,0,0,0,0,0,0,0,0,0
STEADFAST DEVELOPMENT HOLDINGS INC,1,1,1,0,0,0,0,1,0,1
STERLING HIGHLANDS LLC,1,1,1,1,0,0,0,0,1,0
STEWART LUBRICANTS AND SERVICE COMPANY INC,1,1,1,1,1,0,1,0,1,0
STL CORPORATION,1,1,0,0,0,0,0,0,0,0
STONE OF THE SOUTH LLC,1,1,1,0,0,0,0,1,0,1
STOR LOXAL AL 59 LLC,1,0,0,0,0,0,0,0,0,0
STORE HERE LANETT LLC,1,0,0,0,0,0,0,0,0,0
SUMMERFIELDS AT GAMBLE HOUSE LLC,1,1,1,0,0,0,0,1,0,1
SUN COAST ENERGY LLC,1,1,0,0,0,0,0,0,0,0
SUPERIOR HYUNDAI MORGAN HUCKABY AUTO INC,1,1,1,1,1,0,1,1,1,0
T E STEVENS CONSTRUCTION,1,0,0,0,0,0,0,0,0,0
T2 ROCKET CITY I LLC,1,1,0,0,0,0,0,0,0,0
TALLEY LAMBERT CONSTRUCTION LLC,1,0,0,0,0,0,0,0,0,0
TAMWORTH LLC,1,0,0,0,0,0,0,0,0,0
TAN PROPERTIES LLC,1,1,1,0,0,0,0,1,0,1
TCG PINE RIDGE LLC,1,1,1,0,1,0,1,1,1,0
TERRY HARRAH,1,1,1,0,0,0,0,1,0,1
TERRY LAND COMPANY LLC,1,1,1,0,0,0,0,1,0,1
TEXAS ROADHOUSE INC,1,1,0,0,0,0,0,0,0,0
THEODORE MARINE TERMINAL INC,1,0,0,0,0,0,0,0,0,0
THEOPHILE ATAKOUSSOK,1,1,0,0,0,0,0,0,0,0
THOMAS CHAMBLEE,1,1,0,0,0,0,0,0,0,0
THOMAS INVESTMENT HOLDINGS LLC,1,1,1,1,0,0,0,1,0,1
THOMAS MOORE CONSTRUCTION INC,1,1,1,0,0,0,0,1,0,1
THOMPSON TRACTOR COMPANY INC,1,1,0,0,0,0,0,0,0,0
TIGERS SHADOW LLC,1,1,0,0,0,0,0,0,1,0
TILLMAN INFRASTRUCTURE LLC,1,0,0,0,0,0,0,0,0,0
TIM BRASHER,1,0,0,0,0,0,0,0,0,0
TITAN ROOFING AND CONSTRUCTION,1,1,0,0,0,0,0,0,0,0
TOBY HAFT,1,0,0,0,0,0,0,0,0,0
TODD ELLIS,1,1,0,0,0,0,0,0,1,0
TOM STEVENS,1,0,0,0,0,0,0,0,0,0
TONY DIEZ,1,1,1,1,0,0,1,1,1,0
TOPCAT 3 ENTERPRISES LLC,1,1,0,0,0,0,0,0,0,0
TOSCANELLO LLC,1,0,0,0,0,0,0,0,0,0
TOUCHSTAR CINEMAS INC,1,0,0,0,0,0,0,0,0,0
TOWN MADISON RESIDENCES LLC,1,1,1,0,0,0,0,1,0,1
TR INDUSTRIAL STEEL BUILDINGS,1,0,0,0,0,0,0,0,0,0
TRACKS LLC THE,1,1,1,0,0,0,0,1,0,1
TRC HENAGAR LLC,1,1,1,0,0,0,0,1,0,1
TRENT THOMAS,1,1,0,0,0,0,0,0,0,0
TRIAD DEVELOPMENT LLC,1,1,1,0,0,0,0,1,0,1
TRINITY RIDGE LP,1,0,0,0,0,0,0,0,0,0
TRUCK SPOT LLC,1,1,0,0,0,0,0,0,0,0
TRUSS HYMN LLC,1,1,0,0,0,0,0,0,0,0
TSF INVESTMENTS LLC,1,1,0,0,0,0,0,0,0,0
TUCKER PRITCHETT CONSTRUCTION COMPANY LLC,1,0,0,0,0,0,0,0,0,0
TURNER CONSTRUCTION COMPANY INC,1,1,1,0,0,0,0,1,0,1
TURNER LLC,1,1,1,0,0,0,0,1,0,1
TWELFTH AVENUE PROPERTIES LLC,1,0,0,0,0,0,0,0,0,0
TWO FISH PROPERTIES LLC,1,1,0,0,0,0,0,0,0,0
TWO WRONGS MAKE A RIGHT LLC,1,0,0,0,0,0,0,0,0,0
TYLER RYNE MURPH,1,1,1,1,0,0,0,1,0,1
UFP STRUCTURAL PACKAGING LLC,1,0,0,0,0,0,0,0,0,0
UNDERWOOD FAMILY PROPERTIES LLC,1,1,1,0,0,0,0,1,0,1
UNITED CONTRACTING LLC,1,1,0,0,0,0,0,0,0,0
UNITED LAUNCH ALLIANCE LLC,1,0,0,0,0,0,0,0,0,0
UNITED STATE GEOLOGICAL SURVEY,1,0,0,0,0,0,0,0,0,0
UNIVERSITY STATION PARKING AT DONAHUE LLC,1,1,0,0,0,0,0,0,0,0
UNSHELTERED INTERNATIONAL,1,0,0,0,0,0,0,0,0,0
VALVOLINE INSTANT OIL CHANGE,1,1,0,0,0,0,0,0,1,0
VANTAGE CONSTRUCTION LLC,1,0,0,0,0,0,0,0,0,0
VENTURE MILK LLC,1,0,0,0,0,0,0,0,0,0
VERACITY MANAGEMENT INC,1,0,0,0,0,0,0,0,0,0
VICTOR LAZZARI,1,1,1,0,0,0,0,1,0,1
VICTOR SCAPECCHI,1,1,0,0,0,0,0,0,0,0
VICTORY PROPERTIES LLC,1,1,0,0,0,0,0,0,0,0
WALKER COUNTY BOARD OF EDUCATION,1,1,1,0,0,0,0,1,0,1
WALTER D HEMBREE,1,1,0,0,0,0,0,0,0,0
WATERWALK HUNTSVILLE LLC,1,1,0,0,0,0,0,0,0,0
WAWA ALABAMA INC,1,1,0,0,0,0,0,0,0,0
WDG TUSCALOOSA LLC,1,0,0,0,0,0,0,0,0,0
WELLINGTON DEVELOPMENT CO LLC,1,0,0,0,0,0,0,0,0,0
WESCO GAS AND WELDING SUPPLY INC,1,1,1,0,0,0,0,1,0,1
WESLEY FARMER,1,0,0,0,0,0,0,0,0,0
WESTROCK CONVERTING LLC,1,0,0,0,0,0,0,0,0,0
WILKS TIRE AND BATTERY GUNTERSVILLE,1,1,1,0,0,0,0,1,0,1
WILLIAM HUTCHISON,1,1,1,1,1,0,1,0,1,0
WILLIAM L WELCH JR,1,0,0,0,0,0,0,0,0,0
WILLIAMS BOBCAT SERVICES OF ALABAMA LLC,1,1,1,1,1,0,1,1,1,0
WILLIAMS HOMEBUILDERS LLC,1,1,1,0,0,0,0,1,0,1
WINDSOR COURT LLC,1,1,1,1,1,1,1,1,0,1
WLP70 LLC,1,1,1,1,1,1,1,1,1,0
WOLF BRANCH LLC,1,1,1,0,0,0,0,1,0,1
WOWO HUNTSVILLE LLC,1,1,1,0,0,0,0,1,0,1
WRIGHT BROTHERS LLC,1,0,0,0,0,0,0,0,0,0
YOTA PROPERTIES LLC,1,1,1,1,0,0,0,1,0,1
ZAS LLC,1,0,0,0,0,0,0,0,0,0
007 REI LLC,1,1,1,0,0,0,0,1,0,1
07678,1,1,1,0,1,0,0,1,1,0
3 STARR PROPERTIES LLC,1,0,0,0,0,0,0,0,0,0
3G INVESTMENTS LLC,1,0,0,0,0,0,0,0,0,0
3J7B REAL ESTATE LLC,1,0,0,0,0,0,0,0,0,0
5 8 HOMES LLC,1,0,0,0,0,0,0,0,0,0
68 VENTURES LLC,1,1,0,0,0,0,0,0,1,0
927 COMPANY STREET LLC,1,0,0,0,0,0,0,0,0,0
A AND R DEVELOPMENT GROUP LLC,1,1,0,0,0,0,0,0,0,0
A G GASTON CONSTRUCTION CO INC,1,1,0,0,0,0,0,0,0,0
AAM EQUIPMENT LLC,1,1,0,0,0,0,0,0,0,0
ABACO ORANGE BEACH LLC,1,1,1,0,0,0,0,1,0,1
ABC POLYMERS INDUSTRIES,1,1,1,1,0,0,0,0,0,1
ACADIAN FARMS LLC,1,1,0,0,0,0,0,0,1,0
ACE RESIDENTIAL INVESTMENTS INC,1,1,1,0,0,0,0,1,0,1
ADALBERTO AREVALO,1,1,1,0,0,0,0,1,1,0
AG PELTZ GROUP LLC,1,0,0,0,0,0,0,0,0,0
AILERON GADSDEN LLC,1,1,1,0,0,0,0,1,0,1
ALABAMA AND GULF COAST RAILWAY,1,0,0,0,0,0,0,0,0,0
ALABAMA CONCRETE INC,1,1,1,0,0,0,0,1,0,1
ALABAMA DEPARTMENT OF FORENSIC SCIENCES,1,0,0,0,0,0,0,0,0,0
ALABAMA ELK RIVER DEVELOPMENT AGENCY INC,1,1,1,1,0,0,1,1,0,1
ALABAMA LAND GROUP LLC,1,1,0,0,0,0,0,0,0,0
ALAN MATTHEWS,1,1,1,0,0,0,0,1,0,1
ALEJANDRO CHAVEZ,1,1,1,0,0,0,0,1,0,1
ALLEN CLAYTON,1,0,0,0,0,0,0,0,0,0
ALTIUM PACKAGING LP,1,0,0,0,0,0,0,0,0,0
AMERCO REAL ESTATE COMPANY CONSTRUCTION DEPARTMENT,1,1,1,0,0,0,0,1,0,1
AMERICAN ASF LLC,1,0,0,0,0,0,0,0,0,0
AMERICAN WALLZONE SUPPLY LLC,1,0,0,0,0,0,0,0,0,0
AMERICAN WEATHERSTAR LLC,1,1,0,0,0,0,0,0,0,0
ANDERSON CONSTRUCTION OF MS LLC,1,1,0,0,0,0,0,0,0,0
ANNEX AT CARY CREEK LLC THE,1,1,0,0,0,0,0,0,1,0
APC STORAGE LLC,1,0,0,0,0,0,0,0,0,0
ARCLAND PROPERTY COMPANY LLC,1,1,1,0,0,0,0,1,1,0
ARCO MURRAY NATIONAL CONSTRUCTION COMPANY LLC,1,1,1,0,0,0,0,1,0,1
ARLINGTON PROPERTIES,1,1,1,0,0,0,0,1,0,1
ARMSTRONG AND ASSOCIATES INC,1,0,0,0,0,0,0,0,0,0
ARROWHEAD AL LAND LLC,1,1,0,0,0,0,0,0,1,0
ASHLEIGH AMERSON,1,1,1,0,0,0,0,1,0,1
ATHENS GCD LLC,1,1,1,1,0,0,1,1,1,0
AUBURN BUILDING COMPANY LLC,1,0,0,0,0,0,0,0,0,0
AVENUE D DEVELOPMENT LLC,1,0,0,0,0,0,0,0,0,0
AWDDS MONTLIMAR LLC,1,1,0,0,0,0,0,0,0,0
BAGGETT RETAIL TRAILER SALES,1,1,1,0,0,0,0,1,0,1
BAILEY ENGINEERING INC,1,1,0,0,0,0,0,0,0,0
BALLARD CONCRETE LLC,1,0,0,0,0,0,0,0,0,0
BAR1 LLC,1,1,1,0,0,0,1,0,0,1
BASCO LLC,1,0,0,0,0,0,0,0,0,0
BASSETT FURNITURE INDUSTRIES OF NORTH CAROLINA LLC,1,1,0,0,0,0,0,0,0,0
BAY ENTERPRISES INC,1,0,0,0,0,0,0,0,0,0
BCM MORRING COMPANY INC,1,1,1,0,0,0,0,1,0,1
BEAR PUMPING INC,1,1,1,0,0,0,0,1,0,1
BEAVER CREEK BAPTIST CHURCH INC,1,1,0,0,0,0,0,0,0,0
BEL INVESTMENTS FORT DEPOSIT AL LLC,1,0,0,0,0,0,0,0,0,0
BELLEWOOD MEDICAL BUILDING BMB LLC,1,0,0,0,0,0,0,0,0,0
BELLSOUTH TELECOMMUNICATIONS LLC,1,0,0,0,0,0,0,0,0,0
BENJAMIN BRYAN GOLDMAN,1,0,0,0,0,0,0,0,0,0
BESS HOMES AND ENTERPRISES LLC,1,1,1,1,0,0,1,1,1,0
BESSEMER CITY BOARD OF EDUCATION,1,1,1,0,0,0,0,1,0,1
BESSEMER ENERGY GROUP LLC,1,1,1,0,0,0,0,1,0,1
BESSEMER PROPERTIES I LLC,1,1,0,0,0,0,0,0,0,0
BETTER EARLY LLC,1,1,1,0,0,0,0,1,0,1
BIG WILLS WATER AND FPA,1,0,0,0,0,0,0,0,0,0
BILL LUNSFORD CONSTRUCTION AND DEVELOPMENT,1,0,0,0,0,0,0,0,0,0
BILTMORE COMMERCE PARK LLC,1,1,0,0,0,0,0,0,1,0
BIRDWELL NORTH PROPERTIES LLC,1,1,1,0,0,0,0,1,0,1
BJS RESIDENTIAL PROPERTIES LLC,1,1,0,0,0,0,0,0,0,0
BLACKJACK GARDENS INC,1,0,0,0,0,0,0,0,0,0
BLACKRIDGE PARTNERS II LLC,1,0,0,0,0,0,0,0,0,0
BLUE HARBOR INVESTMENTS LLC,1,1,0,0,0,0,0,0,0,0
BMB INVESTMENTS,1,1,1,0,0,0,0,1,1,0
BNW PROPERTIES LLC,1,0,0,0,0,0,0,0,0,0
BONNER LAND AND CATTLE COMPANY LLC,1,0,0,0,0,0,0,0,0,0
BOWERY DEVELOPMENT LLC THE,1,1,0,0,0,0,0,0,1,0
BRAE VILLAGE LLC,1,0,0,0,0,0,0,0,0,0
BRENT DUFFNER,1,1,0,0,0,0,0,0,1,0
BRETT HOLMES,1,0,0,0,0,0,0,0,0,0
BRIAN THOMAS PROPERTIES LLC,1,1,1,0,0,0,0,1,0,1
BRIAN TODD,1,1,1,0,0,0,0,1,0,1
BRIDGE STREET II MF LLC,1,0,0,0,0,0,0,0,0,0
BRITTANY ROBERT,1,1,1,0,0,0,0,1,0,1
BRITTSS ACE INC,1,0,0,0,0,0,0,0,0,0
BROTHERS HOSPITALITY GROUP,1,1,1,0,0,0,0,1,0,1
BROWNSFERRY MERCANTILE LLC,1,1,0,0,0,0,0,0,0,0
BRUNDIDGE CITY OF,1,0,0,0,0,0,0,0,0,0
BUSINESS BUILDINGS LLC,1,1,1,0,0,0,0,1,0,1
CAA HOLDINGS LLC,1,0,0,0,0,0,0,0,0,0
CAAM REAL ESTATE LLC,1,1,0,0,0,0,0,0,1,0
CAHABA LAND SERVICES,1,0,0,0,0,0,0,0,0,0
CALIBER COLLISON CENTER,1,1,1,0,0,0,0,1,0,1
CAPITAL PROGRAM MANAGEMENT LLC,1,1,1,0,0,0,0,1,0,1
CAPSTONE CONSTRUCTION LLC,1,1,1,0,0,0,0,1,0,1
CARROLL STREET STORAGE LLC,1,1,0,0,0,0,0,0,0,0
CARTER CHICKEN INC,1,0,0,0,0,0,0,0,0,0
CCS LAND LLC,1,1,0,0,0,0,0,0,1,0
CHARLES HILL,1,1,1,1,0,0,0,1,1,0
CHART INC,1,0,0,0,0,0,0,0,0,0
CHASE HOSPITALITY LLC,1,1,1,0,0,0,0,1,0,1
CHELSEA CITY OF,1,1,1,0,0,0,0,1,0,1
CHILDRENS HOSPITAL OF ALABAMA THE,1,1,0,0,0,0,0,0,0,0
CHISEL MILL DESIGN AND BUILD LLC,1,1,0,0,0,0,0,0,1,0
CHISHOLM HEIGHTS WATER AND FPA,1,0,0,0,0,0,0,0,0,0
CHOCTAW COUNTY ASSOCIATION VOLUNTARY FIRE DEPARTMENT,1,1,1,0,0,0,0,1,0,1
CHRIS BISHOP,1,0,0,0,0,0,0,0,0,0
CHRISTOPHER KENT,1,1,0,0,0,0,0,0,0,0
CHURCH H2O INC,1,1,0,0,0,0,0,0,1,0
CIVIL WORX CONSTRUCTION LLC,1,0,0,0,0,0,0,0,0,0
CK RENTALZ LLC,1,1,1,0,0,0,0,1,1,0
CLAREMONT PROPERTY COMPANY,1,1,1,0,0,0,0,1,0,1
CLIMB CAPITAL LLC,1,0,0,0,0,0,0,0,0,0
CLOVERBEND PROPERTIES LLC,1,1,1,0,0,0,0,1,0,1
CNA ESTATES LLC,1,1,0,0,0,0,0,0,0,0
COALING WATER AUTHORITY,1,0,0,0,0,0,0,0,0,0
COCA COLA BOTTLING COMPANY UNITED CENTRAL LLC,1,0,0,0,0,0,0,0,0,0
COFFEE COUNTY RNG,1,1,1,0,0,0,0,1,0,1
COKER WATER AUTHORITY,1,0,0,0,0,0,0,0,0,0
COLGLAZIER BUILDERS LLC,1,0,0,0,0,0,0,0,0,0
COLLECTION AT CLIFT FARM LLC THE,1,0,0,0,0,0,0,0,0,0
COLLINSVILLE TOWN OF WATER WORKS AND SEWER BOARD,1,1,1,0,0,0,0,1,0,1
COMMUNITY ACTION PARTNERSHIP OF NORTH ALABAMA INC,1,1,1,1,0,1,1,0,1,0
COMMUNITY NEIGHBOR BANK,1,1,1,0,0,0,0,1,1,0
CONSTELLATION HUNTSVILLE I LLC,1,0,0,0,0,0,0,0,0,0
CONSTELLIUM,1,1,1,0,0,0,0,1,0,1
COPPER LINE BEVERAGES LLC,1,1,1,0,0,0,0,1,0,1
CORE CONSTRUCTION GROUP LLC THE,1,0,0,0,0,0,0,0,0,0
CORE INDUSTRIES INC,1,0,0,0,0,0,0,0,0,0
CORE PROPERTIES LLC,1,0,0,0,0,0,0,0,0,0
CORNER STORAGE LLC,1,1,0,0,0,0,0,0,0,0
CORNERSTONE PRESBYTERIAN CHURCH INC,1,1,0,0,0,0,0,0,0,0
COVENANT DRIVE STORAGE LLC,1,1,1,0,0,0,0,1,0,1
COVENANT STEEL WAREHOUSE INC,1,1,0,0,0,0,0,0,0,0
COWIKEE WATER AUTHORITY,1,0,0,0,0,0,0,0,0,0
CR PATE LOGGING INC,1,0,0,0,0,0,0,0,0,0
CRAIG GOHEEN II,1,1,1,0,0,0,0,1,1,0
CREEK RIDGE LLC,1,1,1,0,0,0,1,0,1,0
CREEKSIDE INTERNATIONAL SPEEDWAY LLC,1,1,0,0,0,0,0,0,0,0
CRESTWOOD MEDICAL CENTER,1,0,0,0,0,0,0,0,0,0
CSA EQUIPMENT COMPANY LLC,1,0,0,0,0,0,0,0,0,0
CTCG ASSETS LLC,1,1,0,0,0,0,0,0,0,0
CTH RENTALS LLC,1,0,0,0,0,0,0,0,0,0
CURTIS HERBIG,1,1,1,0,0,0,0,1,0,1
CYNTHIA BOSKIND,1,0,0,0,0,0,0,0,0,0
D F CHASE INC,1,1,0,0,0,0,0,0,1,0
D7 5 LLC,1,1,1,0,0,0,0,1,0,1
DAILY AG PRODUCTS INC,1,0,0,0,0,0,0,0,0,0
DALLAS BURT,1,1,1,1,0,0,0,1,1,0
DAVE AND BUSTERS OF ALABAMA INC,1,1,0,0,0,0,0,0,0,0
DAVID DEBTER,1,1,1,0,0,0,0,1,0,1
DAVID HOOPER,1,1,0,0,0,0,0,0,0,0
DAVID PEARSON,1,0,0,0,0,0,0,0,0,0
DAWSON MEMORIAL BAPTIST CHURCH,1,1,1,0,0,0,0,1,0,1
DELTA SELF STORAGE LLC,1,0,0,0,0,0,0,0,0,0
DIXIE TRACTOR COMPANY INC,1,1,1,0,0,0,0,1,0,1
DONGHEE AMERICA INC,1,0,0,0,0,0,0,0,0,0
DONNELL OWENS,1,1,0,0,0,0,0,0,0,0
DORA CITY OF WATER WORKS AND GAS BD,1,0,0,0,0,0,0,0,0,0
DOUBLE DRAGON DEVELOPMENT LLC,1,1,1,0,0,0,0,1,0,1
DOUGLAS FARMS LLC,1,1,1,1,0,0,1,0,0,1
DR HORTON,1,0,0,0,0,0,0,0,0,0
DR HORTON INC MISSISSIPPI MOBILE DIVISION,1,0,0,0,0,0,0,0,0,0
DR HORTON MONTGOMERY,1,0,0,0,0,0,0,0,0,0
DR JOSEPH CANNON,1,1,1,0,0,0,0,1,0,1
DRIVEN BRANDS INC,1,1,0,0,0,0,0,0,0,0
DRS INVESTMENT LLC,1,1,0,0,0,0,0,0,0,0
DRURY SOUTHWEST INC,1,1,0,0,0,0,0,0,0,0
DUBOSE CONSTRUCTION COMPANY,1,1,1,0,0,0,1,0,1,0
DUDLEY CONSTRUCTION LLC,1,1,1,0,0,0,0,1,0,1
E AND C BEAREGARD LLC,1,1,0,0,0,0,0,0,0,0
E AND C TALLASSEE LLC,1,0,0,0,0,0,0,0,0,0
EAGLE VOL OPELIKA LLC,1,1,0,0,0,0,0,0,0,0
EDGAR BEARDEN,1,0,0,0,0,0,0,0,0,0
ELAN HOME AND COMMUNITIES INC,1,0,0,0,0,0,0,0,0,0
ELAN HOMES AND COMMUNITIES INC,1,0,0,0,0,0,0,0,0,0
ELANDRAUS LLC,1,1,1,0,0,0,0,1,0,1
EQUIPMENTSHARE,1,1,1,0,0,0,0,1,0,1
ERIK KASUBA,1,1,1,0,0,0,0,1,0,1
ETHAN HAMNER,1,1,1,0,0,0,0,1,0,1
EVEREST CONSTRUCTION GROUP,1,1,1,0,0,0,0,1,0,1
EVERGREEN HOSPITALITY LLC,1,1,0,0,0,0,0,0,0,0
FAB WELD STEEL LLC,1,1,1,0,0,0,0,1,0,1
FDS MOBILE AL LLC,1,1,0,0,0,0,0,0,1,0
FILMONT RESIDENCES LLC,1,1,0,0,0,0,0,0,0,0
FINLAY HOLDINGS LLC,1,1,1,0,0,0,0,1,0,1
FIRST BAPTIST CHURCH OF CENTRE,1,0,0,0,0,0,0,0,0,0
FITZHUGH LEE CONSTRUCTION LLC,1,1,0,0,0,0,0,0,0,0
FLINT ACQUISITIONS LLC,1,0,0,0,0,0,0,0,0,0
FLORENCE CITY OF BOARD OF WATER SEWER COMMISSIONERS,1,1,1,0,0,0,0,1,0,1
FORD VOP LLC,1,0,0,0,0,0,0,0,0,0
FOUR GIRLS LLC,1,1,1,0,0,0,0,1,0,1
FRANKLIN TOWN OF,1,0,0,0,0,0,0,0,0,0
FREEDOM REAL ESTATE AND CAPITAL LLC,1,0,0,0,0,0,0,0,0,0
FRIEDMAN INDUSTRIES INCORPORATED,1,0,0,0,0,0,0,0,0,0
FRUITION DEVELOPERS LLC,1,0,0,0,0,0,0,0,0,0
FUQUAY COMMONS LLLP SHOPPES AT REDSTONE SQUARE,1,1,1,0,0,0,0,1,0,1
G PS ENTERPRISES INC,1,0,0,0,0,0,0,0,0,0
GATEWAY COMMUNITY CHURCH INC,1,1,0,0,0,0,0,0,1,0
GATEWAY HIGH POINT GP LLC,1,0,0,0,0,0,0,0,0,0
GEORGIANA CITY OF WATER WORKS AND SEWER BOARD,1,0,0,0,0,0,0,0,0,0
GEP NEIGHBORS SLD LLC,1,0,0,0,0,0,0,0,0,0
GK REAL ESTATE AND DEVELOPMENT LLC,1,1,1,1,1,1,1,1,1,0
GOLDEN BOYS PROPERTIES LLC,1,0,0,0,0,0,0,0,0,0
GORCON LLC,1,1,1,1,0,0,1,1,0,1
GRADETECH LLC,1,1,0,0,0,0,0,0,0,0
GRAND BAY GETAWAY LLC THE,1,1,1,0,0,0,0,1,0,1
GRAYS TIRE AND SERVICE CENTER,1,1,1,1,1,0,1,1,1,0
GREEN LITE DEVELOPMENT LLC,1,0,0,0,0,0,0,0,0,0
GREEN POND WATER SYSTEM INC,1,0,0,0,0,0,0,0,0,0
GRID REALTY LLC,1,1,1,0,0,0,1,1,1,0
GULF DISTRIBUTING HOLDINGS LLC,1,1,0,0,0,0,0,0,0,0
GULF INTERMODAL SERVICES LLC,1,1,0,0,0,0,0,0,0,0
GURU GAUTAM LLC,1,1,0,0,0,0,0,0,1,0
H AND H INTERESTS LLC,1,1,1,0,0,0,0,1,0,1
HAMILTON OFFICE PARK LLC,1,0,0,0,0,0,0,0,0,0
HAMPTON RIDGE PROPERTY OWNERS ASSOCIATION,1,1,1,0,0,0,0,1,0,1
HANCOCK CONSTRUCTION LLC,1,1,1,1,1,0,1,1,0,1
HAPPY SWEET HOMES LLC,1,1,1,1,1,0,1,1,1,0
HARESH PATEL,1,0,0,0,0,0,0,0,0,0
HARLESS INSULATION CO INC,1,1,1,0,0,0,0,1,0,1
HARMAN HUFFMAN CONSTRUCTION GROUP INC,1,0,0,0,0,0,0,0,0,0
HAROLD HARMON,1,0,0,0,0,0,0,0,0,0
HARRIS ROBINSON CONSTRUCTION INC,1,0,0,0,0,0,0,0,0,0
HART SERVICES OF ECLECTIC LLC,1,1,0,0,0,0,0,0,1,0
HEADLAND CITY OF,1,0,0,0,0,0,0,0,0,0
HEATH WALLACE LLC,1,0,0,0,0,0,0,0,0,0
HEIDI GIANG,1,0,0,0,0,0,0,0,0,0
HELMS CONSTRUCTION LLC,1,0,0,0,0,0,0,0,0,0
HENRY COUNTY WATER AUTHORITY INC,1,1,0,0,0,0,0,0,1,0
HERITAGE HOMES INC,1,1,1,0,0,0,0,1,0,1
HERITAGE USED CAR AND TRUCK PARTS LLC,1,0,0,0,0,0,0,0,0,0
HIDDEN HOLDINGS LLC,1,0,0,0,0,0,0,0,0,0
HIGHLAND GROUP LLC THE,1,1,1,1,0,0,0,1,0,1
HILLSIDE RV VILLAGE LLC,1,0,0,0,0,0,0,0,0,0
HINDS MOTORS SHOP BUILDING,1,1,1,0,0,0,1,1,1,0
HOKES BLUFF CITY OF,1,0,0,0,0,0,0,0,0,0
HOLLIS CROSSROADS LLC A SERIES OF DELTA T PROPERTIES LLC,1,1,1,0,0,0,1,0,0,1
HOLLY BARRANCO,1,0,0,0,0,0,0,0,0,0
HR PROPERTIES LLC,1,0,0,0,0,0,0,0,0,0
HRP CONSTRUCTION LLC,1,0,0,0,0,0,0,0,0,0
HSC ROGERSVILLE LLC,1,1,1,0,0,0,0,1,0,1
HSC STEVENSON LLC,1,1,1,0,0,0,0,1,0,1
HUEYTOWN CITY OF,1,0,0,0,0,0,0,0,0,0
HWY 50 BLUECREEK BOAT AND RV STORAGE LLC,1,0,0,0,0,0,0,0,0,0
HYDRASERVICE INC,1,1,1,0,0,0,0,1,0,1
IMPRESSIVE PARTNERS LLC,1,0,0,0,0,0,0,0,0,0
INA LLC,1,1,1,1,1,0,1,0,1,0
INDUSTRIAL RAILROAD AND CIVIL SERVICES,1,0,0,0,0,0,0,0,0,0
INICS BATTERY SOLUTIONS CORP,1,0,0,0,0,0,0,0,0,0
INKANA DEVELOPMENT LLC,1,0,0,0,0,0,0,0,0,0
IRON GEAR IV LLC,1,0,0,0,0,0,0,0,0,0
ISAAC N WILLIAMS,1,1,1,1,0,1,0,1,1,0
J A LETT CONSTRUCTION,1,1,0,0,0,0,0,0,0,0
JACKSONVILLE CITY OF WWORKS GAS SEWER BD,1,1,0,0,0,0,0,0,0,0
JACLYN STRINGER,1,0,0,0,0,0,0,0,0,0
JACOB AGNELL,1,0,0,0,0,0,0,0,0,0
JAMES G SANDERS III,1,0,0,0,0,0,0,0,0,0
JAMES PAVING COMPANY LLC,1,0,0,0,0,0,0,0,0,0
JAMES W ESTES JR,1,0,0,0,0,0,0,0,0,0
JASON CHANDLER,1,1,1,0,0,0,0,1,1,0
JASON RAGAN,1,0,0,0,0,0,0,0,0,0
JB EXCAVATING LLC,1,0,0,0,0,0,0,0,0,0
JCUP HOTELS LLC,1,1,0,0,0,0,0,0,1,0
JEFF BENTON PROPERTIES LLC,1,1,0,0,0,0,0,0,0,0
JEFF PHILLIPS,1,0,0,0,0,0,0,0,0,0
JEFFREY S BAILEY,1,1,1,1,0,0,1,1,1,0
JHR ATHENS PROPERTY LP,1,1,1,0,0,0,0,1,0,1
JIM BAIN,1,0,0,0,0,0,0,0,0,0
JIM CHAPMAN COMMUNITIES,1,1,1,1,0,1,0,1,1,0
JIMMY BRYAN CONSTRUCTION,1,1,0,0,0,0,0,0,0,0
JIMMY HANSON,1,1,1,0,0,0,0,1,0,1
JIMMY REESE,1,1,0,0,0,0,0,0,1,0
JLB HOLDINGS LLC,1,0,0,0,0,0,0,0,0,0
JN INVESTMENTS,1,0,0,0,0,0,0,0,0,0
JOE AND ROGER LLC,1,0,0,0,0,0,0,0,0,0
JOHN DODSON,1,1,1,0,0,0,0,1,0,1
JOHN G WALTON CONSTRUCTION COMPANY INC,1,0,0,0,0,0,0,0,0,0
JOHN HANNA,1,0,0,0,0,0,0,0,0,0
JON SEALE,1,1,1,1,0,1,1,1,1,0
JOSEPH LOPER,1,0,0,0,0,0,0,0,0,0
JOURNEY CHURCH LIMESTONE COUNTY,1,0,0,0,0,0,0,0,0,0
JT HARRISON CONSTRUCTION COMPANY NC,1,0,0,0,0,0,0,0,0,0
JUST GM AUTO AND TRUCK REPAIR LLC,1,0,0,0,0,0,0,0,0,0
K AND P LAND LLC,1,1,0,0,0,0,0,0,0,0
KASON MCCAFFERTY,1,1,1,0,0,0,0,1,0,1
KATHERINE DENTON,1,0,0,0,0,0,0,0,0,0
KATHERINE MCMILLIAN,1,0,0,0,0,0,0,0,0,0
KDR DEVELOPMENT LLC,1,0,0,0,0,0,0,0,0,0
KEITH MCDUFFIE,1,1,1,0,0,0,0,1,0,1
KELLA LLC,1,1,0,0,0,0,0,0,1,0
KELLY CAR WASH LLC,1,0,0,0,0,0,0,0,0,0
KELLY CREEK RV PARK,1,1,0,0,0,0,0,0,1,0
KEN HARRIS,1,1,0,0,0,0,0,0,0,0
KENNETH LORD,1,1,1,0,0,0,0,1,0,1
KENNY FRYE,1,0,0,0,0,0,0,0,0,0
KIMBRELL STATION LLC,1,1,0,0,0,0,0,0,0,0
KIMMER DEVELOPMENT COMPANY INC,1,0,0,0,0,0,0,0,0,0
KINGLINE EQUIPMENT INC,1,1,0,0,0,0,0,0,0,0
KJS FOREST PRODUCTS LLC,1,0,0,0,0,0,0,0,0,0
KQ GULF SHORES LLC,1,1,0,0,0,0,0,0,0,0
KT HOLDINGS LLC,1,1,1,1,0,0,1,1,0,1
L A CONCRETE INC,1,0,0,0,0,0,0,0,0,0
L AND G INDUSTRIES LLC,1,0,0,0,0,0,0,0,1,0
LAKEWOOD INVESTMENTS LLC,1,0,0,0,0,0,0,0,0,0
LAMB INVESTMENTS LLC,1,0,0,0,0,0,0,0,0,0
LANDSTAR LLC,1,0,0,0,0,0,0,0,0,0
LAST MINUTE INVESTMENTS LLC,1,0,0,0,0,0,0,0,0,0
LBA GOV MOBILE LLC,1,0,0,0,0,0,0,0,0,0
LBJR LLC,1,1,0,0,0,0,0,0,0,0
LEE RUSSELL COUNCIL OF GOVERNMENTS,1,0,0,0,0,0,0,0,0,0
LEGACY CONSTRUCTION AND DEVELOPMENT SERVICES LLC,1,1,1,0,0,0,1,1,0,1
LEGACY COVE LLC,1,0,0,0,0,0,0,0,0,0
LEGENDS DEVELOPMENT LLC,1,1,1,0,0,0,0,1,0,1
LHVC LLC,1,1,1,0,0,0,0,1,1,0
LIBERTY PARK AL RESIDENCES LLC,1,1,1,0,1,0,0,0,0,1
LINA MAJED HUSSEINI,1,0,0,0,0,0,0,0,0,0
LINKSMAN GOLF CLUB OF MOBILE,1,1,0,0,0,0,0,0,0,0
LMS GULF SHORES OAK ROAD LLC,1,1,1,0,0,0,0,1,0,1
LONGMEADOW WEST LLC,1,0,0,0,0,0,0,0,0,0
LOVES TRAVEL STOP AND COUNTRY STORE,1,1,1,0,0,0,0,1,0,1
LOWDER CONSTRUCTION COMPANY INC,1,0,0,0,0,0,0,0,0,0
LOWES HOME CENTERS INC,1,0,0,0,0,0,0,0,0,0
LUIS PABLO MEJIA PARRA,1,1,1,1,0,0,1,0,1,0
LUVERNE CITY OF WATER WORKS AND SEWER BOARD,1,0,0,0,0,0,0,0,0,0
LYNN NOLEN CONSTRUCTION INC,1,1,0,0,0,0,0,0,0,0
M AND G LLC,1,0,0,0,0,0,0,0,0,0
M AND T HOLDINGS LLC,1,1,1,0,0,0,0,1,0,1
MAB OPELIKA LLC A DELAWARE LIMITED LIABILITY COMPANY,1,0,0,0,0,0,0,0,0,0
MADISON RIVER HOMES LLC,1,0,0,0,0,0,0,0,0,0
MANCHA CONSTRUCTION PARTNERS LLC,1,0,0,0,0,0,0,0,0,0
MAPLES INDUSTRIES INC,1,1,1,0,0,0,0,1,0,1
MARKEL BEHEL,1,1,1,0,0,0,0,1,0,1
MARTIN ADAMS,1,0,0,0,0,0,0,0,0,0
MARY YARBROUGH,1,0,0,0,0,0,0,0,0,0
MASON HILLS LLC,1,1,1,0,0,0,0,1,0,1
MATTERHORN CAPITAL LLC,1,1,1,0,0,0,0,1,0,1
MATTHEW THOMPSON,1,0,0,0,0,0,0,0,0,0
MAXIMUS MEATS INC,1,1,1,0,0,0,0,1,0,1
MCG SUMMERDANCE PHASE 1 LLC,1,1,0,0,0,0,0,0,0,0
MCKENZIE AND FIG LLC,1,1,0,0,0,0,0,0,0,0
MCSHANE OZARK LLC,1,0,0,0,0,0,0,0,0,0
MELINDA ARNOLD,1,1,1,0,0,0,1,1,1,0
MELODY CAMPBELL,1,1,1,0,0,0,0,1,0,1
MERCEDES BENZ OF TUSCALOOSA,1,0,0,0,0,0,0,0,0,0
MICHAEL SCOTT WALLER,1,0,0,0,0,0,0,0,0,0
MICHAEL TUGGLE,1,0,0,0,0,0,0,0,0,0
MIKE MOONEY CONSTRUCTION,1,1,1,0,0,0,0,1,0,1
MIKE OHAYON,1,1,1,0,0,0,0,1,0,1
MO EQUIPMENT LLC,1,0,0,0,0,0,0,0,0,0
MONTE SANO BUSINESS PARK LLC,1,0,0,0,0,0,0,0,0,0
MONTICELLO CONSTRUCTION COMPANY INC,1,1,0,0,0,0,0,0,1,0
MORNING SIDE PELL CITY LLC,1,1,1,0,0,1,1,1,0,1
MOUNTAINTOP COMMUNITY CHURCH,1,1,1,0,0,0,0,1,0,1
NCRC HOUSING REHAB FUND LLC,1,1,0,0,0,0,0,0,0,0
NEAREN CONSTRUCTION COMPANY,1,1,1,0,0,0,0,1,0,1
NEW HORIZONS CREDIT UNION,1,1,1,0,0,0,0,1,0,1
NEW PILGRIM MISSIONARY BAPTIST CHURCH INC A CORPORATION,1,0,0,0,0,0,0,0,0,0
NEW SITE TOWN OF,1,0,0,0,0,0,0,0,0,0
NEW SOUTH LUMBER COMPANY INC,1,1,1,0,0,1,1,1,1,0
NEWTON INVESTMENT PROPERTIES LLC,1,1,0,0,0,0,0,0,0,0
NEXT LEVEL PETROLEUM LLC,1,0,0,0,0,0,0,0,0,0
NICK ANGLIN,1,0,0,0,0,0,0,0,0,0
NICK STEIN,1,1,1,0,0,0,0,1,0,1
NOON ATHENS MARKETPLACE LLC,1,1,1,0,0,0,0,1,0,1
NORTH ALABAMA ELECTRIC COOPERATIVE,1,1,1,0,0,0,1,1,0,1
NORTH ALABAMA SWIM SCHOOL,1,1,1,0,0,0,0,1,0,1
NORTH RIVER PROPERTIES LLC,1,0,0,0,0,0,0,0,0,0
NT AND C INVESTMENTS LLC,1,1,1,1,0,0,1,1,1,0
NUCOR TOWERS AND STRUCTURES INC,1,0,0,0,0,0,0,0,0,0
OIL EQUIPMENT COMPANY INC,1,1,1,0,0,0,0,1,0,1
OLD COLUMBIANA ROAD SELF STORAGE LLC,1,1,1,0,0,0,0,1,0,1
ONE CALL SERVICES OF ALABAMA LLC,1,0,0,0,0,0,0,0,0,0
ORIGIN INVESTMENTS LLC,1,1,0,0,0,0,0,0,1,0
OTTIS J SPARKS,1,1,0,0,0,0,0,0,0,0
OZARK FIRST ASSEMBLY OF GOD CHURCH,1,1,0,0,0,0,0,0,1,0
P A P A PROPERTIES LLC,1,1,1,0,0,0,0,1,0,1
PARKWAY VESTA LLC,1,1,0,0,0,0,0,0,0,0
PATRICK LAWLER,1,1,1,0,0,0,0,1,0,1
PECAN GROVE DEVELOPMENT LLC,1,0,0,0,0,0,0,0,0,0
PERZID ICHHAPORIA,1,1,0,0,0,0,0,0,1,0
PETE TAYLOR III,1,1,0,0,0,0,0,0,1,0
PHIL YANCE,1,0,0,0,0,0,0,0,0,0
PHILLIP KNUCKEY,1,0,0,0,0,0,0,0,0,0
PHILLIP W GOOLSBY,1,0,0,0,0,0,0,0,0,0
PHOENIX KEY LLC,1,0,0,0,0,0,0,0,0,0
PINE HOLDINGS OF ALABAMA LLC,1,1,0,0,0,0,0,0,0,0
PINNACLE LLC,1,0,0,0,0,0,0,0,0,0
PISGAH TOWN OF,1,0,0,0,0,0,0,0,0,0
POPSTROKE GREENS,1,0,0,0,0,0,0,0,0,0
PORT CITY FLOATS LLC,1,0,0,0,0,0,0,0,0,0
PRATTVILLE PROPERTIES 9 LLC,1,1,0,0,0,0,0,0,0,0
PRO 10 PARTNERS LLC,1,0,0,0,0,0,0,0,0,0
PW DEVELOPMENT PARTNERS LLC,1,1,1,0,0,0,0,1,0,1
R SOLUTIONS,1,1,1,0,0,0,0,1,1,0
RAINDROP CAR WASH ROEBUCK AL,1,0,0,0,0,0,0,0,0,0
RALIN AND ASSOCIATES,1,1,1,1,0,0,1,1,0,1
RAUSCH COLEMAN HOMES HUNTSVILLE LLC,1,1,1,0,0,0,0,1,0,1
RC BELL DAPHNE LLC,1,1,0,0,0,0,0,0,0,0
RC HOLDINGS OF ALABAMA LLC,1,1,1,0,0,0,1,1,1,0
RDT INVESTMENTS LLC,1,0,0,0,0,0,0,0,0,0
REALO PROPERTIES LLC,1,0,0,0,0,0,0,0,0,0
REBECCA LOTT,1,1,1,1,0,0,0,1,1,0
RECONSERVE,1,1,1,1,0,0,1,1,0,1
RED BULL CATTLE COMPANY LLC,1,0,0,0,0,0,0,0,0,0
RED CLAY EROSION CONTROL INC,1,1,1,1,0,0,1,0,1,0
REFORM CITY OF,1,0,0,0,0,0,0,0,0,0
RELIANCE INVESTORS LLC,1,0,0,0,0,0,0,0,0,0
RETIREMENT SYSTEMS OF ALABAMA RSA,1,0,0,0,0,0,0,0,0,0
RF LEASING LLC,1,1,1,0,0,0,0,1,0,1
RHETTA HAYNES,1,1,1,0,0,0,0,1,1,0
RICHARD CARROLL,1,0,0,0,0,0,0,0,0,0
RICHMOND AMERICAN HOMES OF TENNESSEE INC,1,1,0,0,0,0,0,0,0,0
RICK MERZ,1,0,0,0,0,0,0,0,0,0
RIVER BROOK EAT LLC,1,0,0,0,0,0,0,0,0,0
RIVER RUN RV PARK LLC,1,0,0,0,0,0,0,0,0,0
RIVERS AND CO LLC,1,1,0,0,0,0,0,0,0,0
ROCKET TOWN PROPERTIES LLC,1,0,0,0,0,0,0,0,0,0
ROCKY RIDGE PARK HOMES LLC,1,0,0,0,0,0,0,0,0,0
RODAN DEVELOPMENT COMPANY LLC,1,1,1,0,0,0,0,1,0,1
RODNEY RAMSEY,1,1,1,0,0,0,0,1,0,1
ROMAR RESORTS INC,1,0,0,0,0,0,0,0,0,0
ROOSTER CORNER LLC,1,1,0,0,0,0,0,0,1,0
ROSEHILL TRANSFER STATION AND LANDFILL LLC,1,1,0,0,0,0,0,0,1,0
RUSSELL TIMBERLANDS WETUMPKA LLC,1,1,0,0,0,0,0,0,0,0
RUSTY BRADLEY,1,1,0,0,0,0,0,0,0,0
RV ROADWAY AND ROADWAY COLLISION CENTER INC,1,1,0,0,0,0,0,0,1,0
S AND L PROPERTIES OXFORD LLC,1,0,0,0,0,0,0,0,0,0
S AND M TRANSPORTATION,1,0,0,0,0,0,0,0,0,0
S AND S STORAGE LLC,1,0,0,0,0,0,0,0,0,0
SAD DADDY HUNTING BLINDS LLC,1,0,0,0,0,0,0,0,0,0
SAND MOUNTAIN GP LLC,1,1,1,0,0,0,0,1,0,1
SAND MOUNTAIN SURFACE LLC,1,1,1,0,0,0,0,1,0,1
SCHULTE BUILDING SYSTEMS INC,1,1,1,1,0,0,1,0,0,1
SCOT INDUSTRIES INC,1,0,0,0,0,0,0,0,0,0
SCOTT CONSTRUCTION COMPANY,1,1,0,0,0,0,0,0,1,0
SCOTT CONSTRUCTION COMPANY LLC,1,1,0,0,0,0,0,0,0,0
SCP BPG MAGNOLIA HOLDINGS LLC,1,1,1,0,0,0,0,1,0,1
SDAC INC,1,0,0,0,0,0,0,0,0,0
SE TUSCUMBIA 20 LLC,1,1,1,0,0,0,0,1,0,1
SEASIDE ENTERPRIZES LLC,1,1,1,0,0,0,0,1,0,1
SEIBOLD CREEK DEVELOPMENT LLC,1,1,1,0,0,0,0,1,0,1
SES ELECTRICAL LLC,1,0,0,0,0,0,0,0,0,0
SHANE OSMER,1,1,1,0,0,0,0,1,0,1
SHANNON BROWN,1,1,1,0,0,0,0,1,0,1
SHARKEY HOLDINGS LLC,1,0,0,0,0,0,0,0,0,0
SHARON STICH,1,0,0,0,0,0,0,0,0,0
SHELLEY PROPERTIES LLC,1,0,0,0,0,0,0,0,0,0
SHIVAAY HOSPITALITY LLC,1,1,0,0,0,0,0,0,0,0
SHIVAAY OXFORD LLC,1,1,1,0,1,0,0,1,0,1
SHREE SAI ATHENS LLC,1,1,0,0,0,0,0,0,1,0
SIERRA DEVELOPMENT GROUP INC,1,1,1,0,0,0,0,1,0,1
SIX LLC,1,0,0,0,0,0,0,0,0,0
SIX TRADES LLC,1,0,0,0,0,0,0,0,0,0
SKC CONSTRUCTION LLC,1,0,0,0,0,0,0,0,0,0
SKY DEVELOPMENT SERVICE LLC,1,1,0,0,0,0,0,0,1,0
SMARTLAM NA DOTHAN LLC,1,0,0,0,0,0,0,0,0,0
SMB LAND LLC,1,1,1,0,0,0,0,1,1,0
SOUTH ALABAMA BUS SALES AND LEASING LLC,1,0,0,0,0,0,0,0,0,0
SOUTH DALLAS TURF FARM,1,0,0,0,0,0,0,0,0,0
SOUTH SHORE TUSCALOOSA LLC,1,0,0,0,0,0,0,0,0,0
SOUTHBOUND SNOW ROAD LLC,1,1,0,0,0,0,0,0,0,0
SOUTHEAST HEALTH SERVICES INC,1,0,0,0,0,0,0,0,0,0
SOUTHERN FOODS AND MARKETING INC,1,0,0,0,0,0,0,0,0,0
SOUTHERN RESEARCH INSTITUTE,1,0,0,0,0,0,0,0,0,0
SOUTHLAND INTERNATIONAL TRUCKS INC,1,1,0,0,0,0,0,0,0,0
STACY CHAFFIN,1,0,0,0,0,0,0,0,0,0
STERLING GROUP THE,1,0,0,0,0,0,0,0,0,0
STEVE MURPHEE,1,1,0,0,0,0,0,0,0,0
STRATEGIC REALITY PARTNERS LLC,1,1,1,0,1,0,1,1,0,1
STRUCTURES HOMES LLC,1,0,0,0,0,0,0,0,0,0
SUN CITY LLC,1,1,0,0,0,0,0,0,0,0
SWIFT CAPITAL LLC,1,1,0,0,0,0,0,0,0,0
SYLACAUGA FACILITIES LLC,1,1,1,0,0,0,1,1,1,0
T AND H MITCHELL PROPERTIES LLC,1,0,0,0,0,0,0,0,0,0
TAMMY HUGHES,1,1,1,0,0,0,0,1,1,0
TARA KENNEDY,1,1,0,0,0,0,0,0,0,0
TAYLOR CITY OF,1,0,0,0,0,0,0,0,0,0
TENNESSEE VALLEY COMMUNITIES,1,0,0,0,0,0,0,0,0,0
TERRY LEE FINLEY,1,1,1,0,0,0,0,1,1,0
THOMAS BENDER,1,1,1,0,0,0,0,1,0,1
THOMAS LAND DEVELOPMENT LLC,1,0,0,0,0,0,0,0,0,0
TILLMAN INFRASTRUCTURE,1,1,1,0,0,0,0,1,0,1
TILLMAN LODGING LLC,1,1,1,0,0,0,0,1,0,1
TIM RHODES PROPERTIES LLC,1,1,1,0,0,0,0,1,0,1
TIMBERLINE CONSTRUCTION GROUP LLC,1,1,1,0,0,0,0,1,0,1
TIMMY HALL TIMBER COMPANY INC,1,1,1,0,0,0,0,1,0,1
TIMOTHY TROY WARREN,1,0,0,0,0,0,0,0,0,0
TOMMIE CARLEE,1,1,0,0,0,0,0,0,1,0
TONIA MCDERMOTT,1,1,1,0,0,0,0,1,0,1
TRACK WEST PARTNERS LLC,1,0,0,0,0,0,0,0,0,0
TRACT 3 HOLDING LLC,1,0,0,0,0,0,0,0,0,0
TRIANA TOWN OF,1,0,0,0,0,0,0,0,0,0
TRIPLE BOGEY LLC,1,0,0,0,0,0,0,0,0,0
TUCKER CONTRACTING LLC,1,1,1,0,0,0,0,1,0,1
TUCKER PRITCHETT,1,1,1,0,0,0,0,1,0,1
TUNNELL SERVICES LLC,1,1,1,0,0,0,1,1,1,0
TURNER SITEWORK LLC,1,1,0,0,0,0,0,0,1,0
TUSCALOOSA BOAT STORAGE LLC,1,0,0,0,0,0,0,0,0,0
TUSCALOOSA OSCAR BAXTER LLC,1,0,0,0,0,0,0,0,0,0
TWIN CITY BUILDING MATERIALS AND SUPPLY LLC,1,1,0,0,0,0,0,0,1,0
TWITCHELL TECHNICAL PRODUCTS LLC,1,0,0,0,0,0,0,0,0,0
UNITED BANCORPORATION OF ALABAMA INC,1,1,1,0,0,0,0,1,0,1
VANCE HOLDING LLC,1,1,0,0,0,0,0,0,1,0
VERTEX REFINING ALABAMA LLC,1,0,0,0,0,0,0,0,0,0
VESTAVIA 31 RE LLC,1,0,0,0,0,0,0,0,0,0
VICTORIA MORTGAGE INC,1,1,1,0,0,0,0,1,0,1
VILLAGE CREEK DEVELOPMENT LLC,1,1,1,0,1,0,0,0,0,1
VILLAS AT FLINT CROSSING PARTNERS LLC,1,0,0,0,0,0,0,0,0,0
VLS ENVIRONMENTAL SOLUTIONS LLC,1,0,0,0,0,0,0,0,0,0
W A MAYS AND SONS LLC,1,1,0,0,0,0,0,0,0,0
WALTER HENRY POTTS,1,1,1,0,0,0,0,1,1,0
WATERHOLE TRADING COMPANY LLC,1,1,0,0,0,0,0,0,0,0
WATSONBRUHN BUILDERS LLC,1,1,1,0,0,0,0,1,0,1
WAYNE BIRDWELL,1,1,1,0,0,0,0,1,0,1
WEALTH HOSPITALITY GROUP LLC,1,0,0,0,0,0,0,0,0,0
WEAVER DIRECTIONAL BORING INC,1,0,0,0,0,0,0,0,0,0
WESLEY MOORE,1,1,0,0,0,0,0,0,1,0
WEST FRASER HUGULEY,1,0,0,0,0,0,0,0,0,0
WESTMORELAND COMPANY INC THE,1,1,1,0,0,0,0,1,0,1
WHARF RETAIL PROPERTIES LLC,1,1,0,0,0,0,0,0,0,0
WHEELER NATIONAL WILDLIFE REFUGE,1,1,1,0,0,0,0,1,0,1
WHITESBURG BAPTIST CHURCH OF HUNTSVILLE ALABAMA,1,0,0,0,0,0,0,0,0,0
WILLIAM SCHAMS,1,1,1,0,0,0,0,1,0,1
WILLIAM YANCE,1,1,1,0,0,0,0,1,0,1
WILLIAMS ENTERPRISE LLC,1,0,0,0,0,0,0,0,0,0
WILSONVILLE TOWN OF WATER WORKS BD,1,0,0,0,0,0,0,0,0,0
WISE V LLC,1,1,0,0,0,0,0,0,1,0
WOERNER EQUITY GROUP LLC,1,1,1,0,0,0,0,1,0,1
WOLF PROPERTIES LLC,1,1,1,0,0,0,0,1,0,1
WTD HOLDINGS INC,1,1,1,0,0,0,0,1,0,1
YARBROUGH FAMILY DEVELOPMENT LLC,1,1,1,0,0,0,0,1,1,0
ZION ASSEMBLY OF THE LORD,1,1,0,0,0,0,0,0,1,0
1830 FOUNDATION THE,1,1,1,0,0,0,0,1,0,1
2305 MONTEVALLO PARTNERS LLC,1,1,1,0,0,0,0,1,0,1
4D PROPERTY BUILDERS LLC,1,0,0,0,0,0,0,0,0,0
68 V RIMEL FARMS 2024 LLC,1,1,1,0,1,0,1,1,1,0
A AFFORDABLE BOAT AND RV STORAGE ELBERTA LLC,1,0,0,0,0,0,0,0,0,0
AAA HOME BUILDERS LLC,1,1,0,0,0,0,0,0,0,0
ABDULUDHAB FADHEL,1,1,1,1,1,0,0,1,0,1
ABUNDANT LIFE CHRISTIAN CENTER INC,1,1,1,0,0,0,0,1,0,1
AC CREEKSIDE COMMONS LLC,1,1,1,0,1,0,0,0,1,0
ACE SERVICE LLC,1,0,0,0,0,0,0,0,0,0
ADARE DEVELOPMENT GROUP LLC,1,0,0,0,0,0,0,0,0,0
ADEPT CONCEPTS LLC,1,0,0,0,0,0,0,0,0,0
ADROIT ENTERPRISES LLC,1,1,1,0,0,0,1,1,1,0
AG HUNTSVILLE RE HOLDINGS LLC,1,1,1,0,0,0,0,1,0,1
AH ALABASTER LLC,1,1,1,1,1,0,1,1,0,1
AL AUB HOLDINGS LLC,1,1,0,0,0,0,0,0,1,0
AL RV GBREEZE GULF SHORES LLC,1,1,1,0,0,0,0,1,0,1
ALABAMA AIR POWER INC,1,1,1,0,0,0,1,1,0,1
ALABAMA CHILDHOOD FOOD SOLUTIONS,1,1,1,0,0,0,0,1,0,1
ALABAMA LAND HOLDINGS LLC,1,0,0,0,0,0,0,0,0,0
ALABAMA RV AND STORAGE LLC,1,0,0,0,0,0,0,0,0,0
ALAY INVESTMENT LLC,1,1,1,0,0,0,0,1,0,1
ALFORD PROPERTIES 1 LLC,1,0,0,0,0,0,0,0,0,0
ALLEN DAVIS,1,1,0,0,0,0,0,0,1,0
ALMS EKKLESIA INC,1,0,0,0,0,0,0,0,0,0
AMERICAN LAND HOLDINGS LLC,1,0,0,0,0,0,0,0,0,0
AMERICAN PET RESORT LLC,1,1,1,0,0,0,0,1,0,1
AMS 2024 BTS LOXLEY AL LLC,1,1,1,0,0,0,0,1,0,1
ANDREW MCGREER,1,0,0,0,0,0,0,0,0,0
ANOINTED PROPERTIES LLC,1,1,1,1,0,0,1,1,1,0
ANTHONY HAMBY,1,0,0,0,0,0,0,0,0,0
AP III LLC,1,1,1,0,0,0,1,1,0,1
ARCO BUILDERS INC,1,1,0,0,0,0,0,0,0,0
ARK STORAGE LLC,1,0,0,0,0,0,0,0,0,0
ARLINGTON CONSTRUCTION SERVICES LLC,1,1,0,0,0,0,0,0,1,0
ASIMPA LLC,1,1,0,0,0,0,0,0,0,0
ASKENZ DEJESUS,1,0,0,0,0,0,0,0,0,0
AUTO CUSTOM CARPETS INC,1,0,0,0,0,0,0,0,0,0
AVIAGEN NORTH AMERICA INC,1,0,0,0,0,0,0,0,0,0
B C PROPERTY INVESTMENTS LLC,1,1,1,1,0,0,0,1,0,1
BAMA CONCRETE PRODUCTS,1,0,0,0,0,0,0,0,0,0
BARBARA FULLER,1,0,0,0,0,0,0,0,0,0
BBJL DEVELOPMENT LLC,1,0,0,0,0,0,0,0,0,0
BCM PROPERTIES LLC,1,1,0,0,0,0,0,0,0,0
BEASLEY TIMBER COMPANY INC,1,0,0,0,0,0,0,0,0,0
BEEHIVE DISTRIBUTION LLC,1,0,0,0,0,0,0,0,0,0
BESSEMER HFT DEVELOPMENT LLC,1,1,1,0,0,0,0,1,0,1
BH INVESTMENTS LLC,1,1,1,0,0,0,1,1,0,1
BIG FIELD CONSTRUCTION LLC,1,1,1,1,0,0,0,1,0,1
BIG TUNA EXPRESS CAR WASH SNOW LLC,1,1,0,0,0,0,0,0,1,0
BILLY SCOTT WITHEROW,1,0,0,0,0,0,0,0,0,0
BLAKE BOTTOM ROAD PROPERTIES LLC,1,0,0,0,0,0,0,0,0,0
BLUE RIVER DEVELOPMENT ACQUISITIONS LLC,1,0,0,0,0,0,0,0,0,0
BOBBY MOORE,1,0,0,0,0,0,0,0,0,0
BOESCHEN HEATING AND COOLING LLC,1,1,1,0,0,0,0,1,0,1
BPC INVESTMENTS LLC,1,1,0,0,0,0,0,0,0,0
BRANT HAYNIE,1,0,0,0,0,0,0,0,0,0
BREAKSTONE CAPITAL INC,1,0,0,0,0,0,0,0,0,0
BREWINGTON POINTE NEW APARTMENTS LTD,1,0,0,0,0,0,0,0,0,0
BRIAN LACOSTE,1,1,0,0,0,0,0,0,0,0
BROADWAY GROUP THE LLC,1,1,1,0,0,0,0,1,0,1
BROCKS GAP TRAINING CENTER INC,1,1,1,0,1,0,1,1,1,0
BW2 LLC,1,1,1,1,1,1,0,1,0,1
C A A M REAL ESTATE LLC,1,0,0,0,0,0,0,0,0,0
C AND S PROPERTIES LLC,1,1,1,1,0,0,0,1,1,0
CAHABA STATION LLC,1,0,0,0,0,0,0,0,0,0
CALHOUN COUNTY WATER AND FIRE PRO AUTH,1,0,0,0,0,0,0,0,0,0
CALIBER 1 CONSTRUCTION,1,1,0,0,0,0,0,0,0,0
CALIBER COLLISON CENTERS MOBILE,1,1,0,0,0,0,0,0,0,0
CAMBRIDGE CAPITAL LLC,1,1,0,0,0,0,0,0,0,0
CAMBRIE CELESTE LLC,1,0,0,0,0,0,0,0,0,0
CAMDEN CITY OF,1,0,0,0,0,0,0,0,0,0
CAMERON WOODS,1,0,0,0,0,0,0,0,0,0
CAMPBELL AND MANCE RESOURCE LLC,1,0,0,0,0,0,0,0,0,0
CANE BREW LLC,1,1,1,0,0,0,0,1,0,1
CAPITAL TRACTOR INC,1,1,0,0,0,0,0,0,0,0
CARY CROSSING STORAGE LLC,1,1,0,0,0,0,0,0,1,0
CAST PRODUCTS INC,1,1,0,0,0,0,0,0,0,0
CEDAR GROVE PARK MHP LLC,1,1,1,0,0,0,0,1,0,1
CENTRAL SERVICES LLC,1,1,1,0,0,0,0,1,1,0
CENTRAL STATES BUS SALES INC,1,0,0,0,0,0,0,0,0,0
CENTRE CITY OF,1,1,1,0,0,0,0,1,0,1
CGKJR LLC,1,1,1,0,0,0,1,1,1,0
CHALKVILLE NEW DAY LLC,1,1,1,0,0,0,0,1,0,1
CHAPPLE HILL LAND DEVELOPMENT LLC,1,0,0,0,0,0,0,0,0,0
CHEBM USA INC,1,1,1,0,0,0,0,1,0,1
CHESTER STEFAN,1,0,0,0,0,0,0,0,0,0
CHILDERSBURG HALL NEW APARTMENTS LTD,1,0,0,0,0,0,0,0,0,0
CHILTON COUNTY HEALTH CARE AUTHORITY,1,1,1,0,0,0,0,1,0,1
CHOATE CONSTRUCTION COMPANY INC,1,1,1,0,0,0,0,1,0,1
CHRIS D PRESTON,1,1,0,0,0,0,0,0,0,0
CHRIST HARBOR CHURCH,1,0,0,0,0,0,0,0,0,0
CHRISTOPHER P BROWN,1,0,0,0,0,0,0,0,0,0
CHURCH OF THE HIGHLANDS INC,1,1,1,1,1,0,1,1,1,0
CIRCLE S CONTRACTING LLC,1,1,0,0,0,0,0,0,0,0
CLEMENTS DEAN BUILDING COMPANY,1,1,1,0,0,0,0,1,0,1
CLEMONS MARINE AND LAND LLC,1,1,1,0,0,0,0,1,1,0
CLEVELAND DEVELOPMENT LLC,1,1,0,0,0,0,0,0,0,0
COASTAL SPORTS ACADEMY LLC,1,1,1,0,0,0,0,1,0,1
COLBY STEWART,1,1,1,0,0,0,0,1,0,1
COLE PROPERTIES LLC,1,1,1,0,0,0,0,1,0,1
COMMUNITY ACTION PARTNERSHIP OF NORTH ALABAMA,1,1,1,0,0,0,0,1,1,0
COMMUNITY FOOD BANK OF CENTRAL ALABAMA,1,0,0,0,0,0,0,0,0,0
CONECUH COUNTY BOARD OF EDUCATION,1,0,0,0,0,0,0,0,0,0
CONTRACT LUMBER INC,1,1,1,0,0,0,0,1,0,1
CONTRACTOR SERVICE AND FABRICATION INC,1,1,1,0,0,0,0,1,0,1
CORINTH CONSTRUCTION LLC,1,1,1,0,0,0,0,1,0,1
CORNERSTONE HOMEBUILDERS OF ATMORE LLC,1,1,1,0,0,0,0,1,0,1
CORNERSTONE STORAGE LLC,1,0,0,0,0,0,0,0,0,0
COTTAGES AT SARALAND LLC,1,0,0,0,0,0,0,0,0,0
COTTONWOOD GOLF VILLAGE LLC,1,0,0,0,0,0,0,0,0,0
COWAN CREEK PROPERTIES LLC,1,0,0,0,0,0,0,0,0,0
CRAFTED MILESTONE LLC,1,0,0,0,0,0,0,0,0,0
CRANE HILL CONSTRUCTION,1,1,1,0,0,0,0,1,0,1
CRITICAL PATH LLC,1,1,1,0,0,0,0,1,0,1
CROSSING AT WOODSTOCK VILLAGE LLC,1,1,1,1,0,0,1,1,1,0
CSJ PROPERTIES LLC,1,1,1,0,0,0,1,0,0,1
CUBA TOWN OF WATER AND SEWER BOARD,1,0,0,0,0,0,0,0,0,0
CULLMAN COUNTY COMMISSION ON EDUCATION,1,0,0,0,0,0,0,0,0,0
CYPRESS REAL ESTATE COMPANY V LLC,1,1,1,0,0,0,1,1,0,1
D AND R HOMES INC,1,1,1,0,0,0,1,1,0,1
DAC PROPERTIES INC,1,1,0,0,0,0,0,0,1,0
DAEWON AMERICA INC,1,0,0,0,0,0,0,0,0,0
DAPHNE VIP STORAGE LLC,1,1,0,0,0,0,0,0,0,0
DAVID ADAMS REALTY LLC,1,0,0,0,0,0,0,0,0,0
DAVID MORRIS,1,0,0,0,0,0,0,0,0,0
DAVID WHITTEN,1,1,1,0,0,0,0,1,0,1
DEERWOOD POINT LLC,1,0,0,0,0,0,0,0,0,0
DEFENSE MUNITIONS PROVING GROUND LLC,1,0,0,0,0,0,0,0,0,0
DELANEY PROPERTY GROUP LLC,1,1,0,0,0,0,0,0,0,0
DELTA INVESTMENTS AND DEVELOPMENT LLC,1,0,0,0,0,0,0,0,0,0
DELTA UTILITY SERVICES INC,1,1,1,1,0,0,1,0,1,0
DENNIS TOW,1,0,0,0,0,0,0,0,0,0
DOTHAN CITY OF INDUSTRIAL DEVELOP BOARD,1,0,0,0,0,0,0,0,0,0
DOTIER LLC,1,0,0,0,0,0,0,0,0,0
DOUBLE H REAL PROPERTY,1,0,0,0,0,0,0,0,0,0
DOUBLE MP DEVELOPMENTS LLC,1,0,0,0,0,0,0,0,0,0
DOUG GATTMAN,1,1,0,0,0,0,0,0,0,0
DOUGLAS MANUFACTURING CO INC,1,0,0,0,0,0,0,0,0,0
DR HORTON INC BRIMINGHAM,1,0,0,0,0,0,0,0,0,0
DREW DELANEY,1,0,0,0,0,0,0,0,0,0
DRY BONES PROPERTIES LLC,1,1,1,0,0,0,0,1,0,1
DUBOSE CONSTRUCTION CO LLC,1,0,0,0,0,0,0,0,0,0
DUNLOP BLVD CDC LLC,1,1,1,0,0,0,0,1,0,1
DUNN BOAT STORAGE LLC,1,0,0,0,0,0,0,0,0,0
EAC ENTERPRISES LLC,1,0,0,0,0,0,0,0,0,0
EAGLE CREEK INVESTMENTS LLC,1,0,0,0,0,0,0,0,0,0
EARTHCON LLC,1,1,0,0,0,0,0,0,1,0
EAST ALABAMA CLEARING AND GRADING INC,1,0,0,0,0,0,0,0,0,0
EASTABOGA ESTATES LLC,1,0,0,0,0,0,0,0,0,0
EDGR USA INC,1,0,0,0,0,0,0,0,0,0
EIG14T AL HUNTSVILLE WALL TRIANA LLC,1,1,0,0,0,0,0,0,0,0
ELMINGTON CONSTRUCTION LLC,1,1,0,0,0,0,0,0,0,0
EMAD SULEIMAN,1,1,1,0,0,0,1,0,0,1
EMANUEL COOK,1,1,0,0,0,0,0,0,0,0
EMPIRE RENTALS AND WHOLESALE LLC,1,1,0,0,0,0,0,0,1,0
ENCOUNTER DEVELOPMENT LLC,1,1,1,0,0,0,0,1,0,1
ESFELLER CONSTRUCTION CO INC,1,0,0,0,0,0,0,0,0,0
EVA TOWN OF,1,1,1,0,0,0,0,1,0,1
EVERGREEN CONECUH DEVELOPMENT COOPERATIVE,1,1,1,0,0,0,0,1,0,1
EZ ASSETS LLC,1,0,0,0,0,0,0,0,0,0
F AND S INVESTMENT COMPANY INC,1,1,0,0,0,0,0,0,0,0
F5 LLC,1,1,0,0,0,0,0,0,0,0
FACTORY TOWN LLC,1,0,0,0,0,0,0,0,0,0
FAIRFIELD TRIBUTARIES II LLC,1,0,0,0,0,0,0,0,0,0
FAIRHOPE BUILDING COMPANY LLC,1,1,1,0,0,0,0,1,0,1
FALKVILLE WOOD TREATING INC,1,1,1,0,0,0,0,1,0,1
FEDEX FREIGHT,1,0,0,0,0,0,0,0,0,0
FLEX DEVELOPMENT LLC,1,0,0,0,0,0,0,0,0,0
FORD METER BOX CO INC THE,1,0,0,0,0,0,0,0,0,0
FOX RUN PHASE V LLC,1,0,0,0,0,0,0,0,0,0
FRED BOWMAN BEAR,1,0,0,0,0,0,0,0,0,0
FRED JOHNSTON,1,0,0,0,0,0,0,0,0,0
FRED STRAUB,1,1,1,1,0,0,0,1,1,0
FREDERICK THOMPSON,1,1,0,0,0,0,0,0,1,0
FRESH REVELATION CHURCH,1,1,1,0,0,0,0,1,0,1
FRESH WORKS LLC,1,1,1,0,0,0,0,1,0,1
FRONTIER GRATINGS LLC,1,1,0,0,0,0,0,0,0,0
GC CONSTRUCTION GROUP LLC,1,1,1,1,0,0,1,0,1,0
GENCRE LLC,1,1,0,0,0,0,0,0,1,0
GEORGE SPENCER,1,1,1,0,0,0,0,1,1,0
GGDIP LLC,1,0,0,0,0,0,0,0,0,0
GREATER BIRMINGHAM HUMANE SOCIETY INC THE,1,1,1,0,0,0,1,0,0,1
GREENBRIER PRESERVE LLC,1,1,0,0,0,0,0,0,0,0
GRIGSBY BROTHERS PROPERTIES LLC,1,1,0,0,0,0,0,0,1,0
GUGGENHEIM DEVELOPMENT SERVICES LLC,1,1,0,0,0,0,0,0,0,0
H AND B HOLDINGS,1,1,1,0,0,0,0,1,0,1
H AND B HOLDINGS LLC,1,0,0,0,0,0,0,0,0,0
H AND K LAND LLC,1,0,0,0,0,0,0,0,0,0
H AND S HOLDINGS LLC,1,1,0,0,0,0,0,0,1,0
HARDIMAN PLACE LLC,1,0,0,0,0,0,0,0,0,0
HARRELLS FREE DIRT DUMP SITE,1,1,0,0,0,0,0,0,0,0
HARTLEY BROTHERS MANUFACTURING INC,1,0,0,0,0,0,0,0,0,0
HASTINGS FARM LLC,1,0,0,0,0,0,0,0,0,0
HAYES SHIRLEY,1,1,0,0,0,0,0,0,0,0
HAYWOOD FOREST PRODUCTS INC,1,1,0,0,0,0,0,0,1,0
HBA DESIGN BUILD LLC,1,0,0,0,0,0,0,0,0,0
HDRS LLC,1,0,0,0,0,0,0,0,0,0
HEADLAND COMMUNITY CHURCH,1,0,0,0,0,0,0,0,0,0
HEADLAND COTTAGES LLC THE,1,0,0,0,0,0,0,0,0,0
HERITAGE AC LLC,1,1,0,0,0,0,0,0,1,0
HFT PELL CITY LLC,1,1,1,0,0,0,0,1,0,1
HIDDEN MOUNTAIN,1,0,0,0,0,0,0,0,0,0
HIGHLAND PARK SENIOR HOUSING LLC,1,0,0,0,0,0,0,0,0,0
HILL HOUSE LLC,1,0,0,0,0,0,0,0,0,0
HITCHING POST FARMS LLC,1,0,0,0,0,0,0,0,0,0
HOMETOWN PROPERTY MANAGEMENT LLC,1,1,1,0,0,0,0,1,0,1
HORACE ROBERTSON JR,1,0,0,0,0,0,0,0,0,0
HORNE BROTHERS LLC,1,0,0,0,0,0,0,0,0,0
HOSANNA ENTERPRISES LLC,1,0,0,0,0,0,0,0,0,0
HSC DORA LLC,1,1,1,0,0,0,0,1,0,1
HSC DOTHAN LLC,1,0,0,0,0,0,0,0,0,0
HSC FOLEY LLC,1,1,0,0,0,0,0,0,0,0
HSC HANCEVILLE LLC,1,1,1,1,0,0,0,0,1,0
HSC ODENVILLE LLC,1,1,1,0,0,0,0,1,0,1
HTB CONSTRUCTION LLC,1,0,0,0,0,0,0,0,0,0
HUB AT GRANTS MILL LLC THE,1,1,1,0,0,0,1,1,0,1
HUFFMAN LAND LLC,1,1,0,0,0,0,0,0,1,0
HUNTSVILLE CITY OF INDUSTRIAL DEVELOPMENT BOARD,1,1,0,0,0,0,0,0,0,0
HUTTO CONSTRUCTION INC,1,0,0,0,0,0,0,0,0,0
HUXFORD POLE AND TIMBER COMPANY INC,1,1,0,0,0,0,0,0,0,0
HYPONEX CORPORATION,1,0,0,0,0,0,0,0,0,0
IBEX VENTURES LLC,1,1,0,0,0,0,0,0,0,0
IHTW LLC,1,1,1,0,0,0,0,1,1,0
INDUSTRIAL DEVELOPMENT BOARD OF LAWRENCE COUNTY THE,1,1,1,0,0,0,0,1,0,1
INKANA DEVELOPEMENT,1,0,0,0,0,0,0,0,0,0
INTERNATIONAL DRILLING AND SAWING INC,1,1,0,0,0,0,0,0,0,0
IRONDALE MICROFLEX LLC,1,0,0,0,0,0,0,0,0,0
J A STREET AND ASSOCIATES INC,1,1,1,0,0,0,0,1,0,1
J AND L CONTRACTORS INC,1,0,0,0,0,0,0,0,0,0
J E ESTES WOOD CO INC,1,0,0,0,0,0,0,0,0,0
JAMES MITCHELL,1,0,0,0,0,0,0,0,0,0
JAY PROSCH,1,1,0,0,0,0,0,0,0,0
JAY R SMITH MANUFACTURING CO,1,1,0,0,0,0,0,0,0,0
JEFF MANN,1,0,0,0,0,0,0,0,0,0
JEFFREY PAUL HARTLEY,1,1,1,0,0,0,0,1,1,0
JEMISON CITY OF,1,0,0,0,0,0,0,0,0,0
JENNIFER HIDALGO,1,1,1,1,0,0,1,1,1,0
JGS CAMPEN LIFE RV CAMPGROUND LLC,1,1,0,0,0,0,0,0,1,0
JHF MANAGEMENT LLC,1,1,1,0,1,0,0,0,0,1
JMM HOLDING LLC,1,1,0,0,0,0,0,0,1,0
JOHNSTON HAYS LLC,1,1,0,0,0,0,0,0,1,0
JOINER CONSTRUCTION COMPANY INC,1,0,0,0,0,0,0,0,0,0
JONATHAN RAY,1,0,0,0,0,0,0,0,0,0
JONES LANG LASALLE JLL,1,1,1,0,0,0,0,1,0,1
JOSHUA CRAIG LLC THE,1,0,0,0,0,0,0,0,0,0
JP GENERAL CONTRACTORS LLC,1,0,0,0,0,0,0,0,0,0
JUBILEE LANDSCAPE INC,1,0,0,0,0,0,0,0,0,0
JUBILEE SPECIALTY WOOD PRODUCTS LLC,1,1,0,0,0,0,0,0,0,0
JULES J BERTA VINEYARDS LLC,1,1,0,0,0,0,0,0,0,0
KA SERVICE GROUP LLC,1,0,0,0,0,0,0,0,0,0
KALEB JONES,1,1,0,0,0,0,0,0,0,0
KANE BUILDING LLC,1,0,0,0,0,0,0,0,0,0
KASEY HARBIN,1,0,0,0,0,0,0,0,0,0
KENDALL SOUTH LLC CO CONTINENTAL INVESTM,1,0,0,0,0,0,0,0,0,0
KENNEDY LEASE MANAGEMENT LLC,1,1,1,1,0,0,0,1,0,1
KITTRELL DEVELOPMENT LLC,1,1,1,0,0,0,0,1,0,1
KO INVESTMENTS LLC,1,0,0,0,0,0,0,0,0,0
KRUD PARKWAY PROPERTIES LLC,1,1,1,0,0,0,0,1,0,1
KT HOLDINGS,1,1,0,0,0,0,0,0,0,0
KUDZU HILL AT JAX STATE LLC,1,0,0,0,0,0,0,0,0,0
KURT LLOYD,1,0,0,0,0,0,0,0,0,0
KYCHELLE GROUP LLC,1,1,1,0,0,0,0,1,0,1
KYLE WARMACK,1,1,1,0,0,0,0,1,0,1
L AND V INC,1,0,0,0,0,0,0,0,0,0
LAKE MARTIN COMMERCIAL GROUP LLC,1,1,0,0,0,0,0,0,1,0
LANDQUEST PROPERTIES LLC,1,1,1,0,0,0,0,1,0,1
LARRY COAKER,1,1,0,0,0,0,0,0,1,0
LAVENDER PROPERTIES LLC,1,1,1,0,0,0,0,1,0,1
LCG INVESTMENTS LLC,1,1,1,0,0,0,0,1,0,1
LEMONGRASS CUSTOM HOME AND DESIGN INC,1,0,0,0,0,0,0,0,1,0
LENDON COMMERCIAL,1,0,0,0,0,0,0,0,0,0
LEON BARKAN,1,1,1,0,0,0,0,1,0,1
LESTER COMPTON,1,0,0,0,0,0,0,0,0,0
LEWIS GENERAL CONTRACTORS INC,1,0,0,0,0,0,0,0,0,0
LFSW LLC,1,1,1,0,0,0,0,1,0,1
LIBERTY REALTY LLC,1,1,0,0,0,0,0,0,1,0
LIMESTONE COUNTY WATER AND SEWER AUTHORITY,1,0,0,0,0,0,0,0,0,0
LISENBY CONSTRUCTION INC,1,1,1,0,0,0,0,1,0,1
LITTLE LAGOON INVESTMENT GROUP LLC,1,1,1,0,0,0,0,1,0,1
LLOYD CUMMINGS,1,1,0,0,0,0,0,0,0,0
LOCKHEED MARTIN SPACE SYSTEMS CO,1,0,0,0,0,0,0,0,0,0
LOG CONSTRUCTION LLC,1,1,0,0,0,0,0,0,1,0
LYNWOOD SPRINGER,1,0,0,0,0,0,0,0,0,0
MADISON HFT DEVELOPMENT LLC,1,0,0,0,0,0,0,0,0,0
MADISON HOTELS IV LLC,1,1,1,1,0,0,0,1,0,1
MAGNANIMOUS PARTNERS LLC,1,1,0,0,0,0,0,0,0,0
MANSA GTR LLC,1,0,0,0,0,0,0,0,0,0
MARINA MAR FLORENCE INC,1,1,1,0,0,0,1,1,1,0
MARLIN LAND COMPANY LLC,1,1,0,0,0,0,0,0,0,0
MASSEY LAND MANAGEMENT LLC,1,0,0,0,0,0,0,0,0,0
MATHESON TRIGAS INC,1,0,0,0,0,0,0,0,0,0
MATRIX BUILDING MOBILE STORAGE LLC,1,0,0,0,0,0,0,0,0,0
MCCONNELL WHITE TERRY REALTY AND INSURANCE COMPANY INC,1,1,1,0,0,0,0,1,0,1
MCKINLEY SPARKS LLC,1,0,0,0,0,0,0,0,0,0
MENTAL HEALTH CENTER OF NORTH CENTRAL ALABAMA INC,1,1,0,0,0,0,0,0,0,0
MG GLOBAL CAPITAL,1,1,1,1,1,0,1,1,1,0
MICHAEL A LEBATARD,1,1,1,0,0,0,0,1,1,0
MICHAEL BRITTON,1,1,0,0,0,0,0,0,0,0
MICHAEL CHAD SWANSON,1,0,0,0,0,0,0,0,0,0
MICHAEL COCHRAN,1,1,0,0,0,0,0,0,0,0
MICHAEL SHABANI,1,0,0,0,0,0,0,0,0,0
MICHAEL STEWART,1,0,0,0,0,0,0,0,0,0
MICHELIN NORTH AMERICA INC,1,1,1,0,0,0,0,1,0,1
MICROFLEX LLC,1,0,0,0,0,0,0,0,0,0
MIDDLE BAY BOAT AND TRAILER STORAGE LLC,1,0,0,0,0,0,0,0,0,0
MIDSTATES PETROLEUM COMPANY LLC,1,1,0,0,0,0,0,0,1,0
MIDTOWN GULF SHORES LLC,1,0,0,0,0,0,0,0,0,0
MIDWAY PARTNERS LLC,1,0,0,0,0,0,0,0,0,0
MIND AND BODY FAMILY PRACTICE AND BEHAVIORAL HEALTH LLC,1,1,1,0,0,0,0,1,0,1
MONTGOMERY CAMPGROUND LLC,1,0,0,0,0,0,0,0,0,0
MONTGOMERY HABITAT FOR HUMANITY,1,1,0,0,0,0,0,0,0,0
MONTIEL CUSTOM HOMES LLC,1,0,0,0,0,0,0,0,0,0
MOR USA INC,1,0,0,0,0,0,0,0,0,0
MORIN PROCESS EQUIPMENT,1,1,1,1,1,0,1,1,0,1
MORRIS SHEA BRIDGE CO INC,1,1,1,1,0,0,1,0,1,0
MOUNT BAILEY LLC,1,0,0,0,0,0,0,0,0,0
MR DANIEL HEATH GREEN,1,1,1,0,0,0,0,1,0,1
MSE BUILDING COMPANY INC,1,1,0,0,0,0,0,0,1,0
MTN LTD LP,1,1,1,0,0,0,0,1,0,1
N31 LLC,1,1,1,0,0,0,0,1,0,1
NASHCAP WILSON LAKE COTTAGES LLC,1,1,0,0,0,0,0,0,1,0
NATIONAL INVESTORS LLC,1,0,0,0,0,0,0,0,0,0
NEW JERUSALEM CHURCH OF GOD IN CHRIST,1,0,0,0,0,0,0,0,0,0
NEW LIFE METHODIST CHURCH OF PELL CITY INC,1,1,1,0,0,0,0,1,0,1
NEW URBAN DEVELOPMENT LANETT AL LLC,1,1,1,0,0,1,0,0,1,0
NEXT TO LAST LLC,1,1,1,0,0,0,0,1,0,1
NF V ES M MOBILE LLC,1,1,0,0,0,0,0,0,0,0
NICHOLS PROPERTIES INC,1,1,1,0,0,0,0,1,0,1
NOLEN LANE PROPERTIES LLC,1,0,0,0,0,0,0,0,0,0
NOON ATHENS HL LLC,1,1,1,0,0,0,0,1,0,1
NOON ONEONTA MARKETPLACE LLC,1,0,0,0,0,0,0,0,0,0
NOWHERE PROJECT LLC THE,1,1,0,0,0,0,0,0,0,0
OLDE TOWNE INVESTMENTS LLC,1,1,1,0,0,0,0,1,0,1
OM3 LLC,1,1,1,0,0,0,0,1,0,1
OMAR G TOUCHSTONE,1,0,0,0,0,0,0,0,0,0
ONE REAL ESTATE INVESTMENT,1,0,0,0,0,0,0,0,0,0
OPELIKA 26 LLC,1,0,0,0,0,0,0,0,0,0
OPELIKA HOTELS III LLC,1,1,0,0,0,0,0,0,1,0
OXFORD CITY OF WATER WORKS AND SEWER BD,1,1,1,0,0,0,0,1,0,1
OZ INVEST LLC,1,1,1,0,0,0,0,1,0,1
PAL CONSTRUCTION LLC,1,0,0,0,0,0,0,0,0,0
PALM DEVELOPMENT PARTNERS,1,1,1,0,0,0,0,1,0,1
PARKSTONE MEADOWS LLC,1,0,0,0,0,0,0,0,0,0
PARKWAY GOLF DRIVING RANGE LLC,1,1,1,0,0,0,0,1,0,1
PATEL GROUP INC,1,0,0,0,0,0,0,0,0,0
PATRICK BRIGHT,1,1,1,0,0,0,0,1,1,0
PATRIOT FUELING CENTER R AND S LLC,1,0,0,0,0,0,0,0,0,0
PAUL SHOENIGHT,1,0,0,0,0,0,0,0,0,0
PAXONS LLC,1,1,0,0,0,0,0,0,0,0
PEAK RENEWABLES US INC,1,0,0,0,0,0,0,0,0,0
PEARCE CONSTRUCTION COMPANY,1,1,1,0,0,0,0,1,0,1
PEER LESS ROOFING LLC,1,1,1,1,0,0,1,1,0,1
PELL CITY DEVELOPMENT LLC,1,0,0,0,0,0,0,0,0,0
PENCCO INC,1,1,0,0,0,0,0,0,0,0
PENNYEARNED LLC,1,0,0,0,0,0,0,0,0,0
PENTOIR INC,1,0,0,0,0,0,0,0,0,0
PERFORMANCE CONTRACTORS INC,1,0,0,0,0,0,0,0,0,0
PHD TUSCALOOSA LLC,1,0,0,0,0,0,0,0,0,0
PHILIP KENNON,1,1,1,0,0,0,0,1,0,1
PHILLIP RENO,1,1,1,0,0,0,0,1,1,0
PILGRIM PROVIDENCE WATER AUTHORITY,1,0,0,0,0,0,0,0,0,0
PINNACLE MOTORSPORTS LLC,1,0,0,0,0,0,0,0,0,0
PIPKIN INVESTMENTS LLC,1,0,0,0,0,0,0,0,1,0
PIVOTAL LLC,1,1,0,0,0,0,0,0,0,0
PLASMINE TECHNOLOGY INC,1,1,1,0,0,0,0,1,0,1
POJE HOMES LLC,1,0,0,0,0,0,0,0,0,0
R F PRUETT CONSTRUCTION INC,1,1,0,0,0,0,0,0,0,0
RABBIT EXCAVATOR SERVICES LLC,1,0,0,0,0,0,0,0,0,0
RAUGHTON HOLDINGS LLC,1,1,1,0,0,0,1,1,1,0
RAYTHEON COMPANY,1,0,0,0,0,0,0,0,0,0
RB 220 OPELIKA RD LLC,1,0,0,0,0,0,0,0,0,0
REGIONAL ENTERPRISES OF AL LLC,1,1,0,0,0,0,0,0,0,0
REPUBLIC AIRWAYS INC,1,1,1,0,0,0,0,1,0,1
REX LAKE HOSPITALITY LLC,1,0,0,0,0,0,0,0,0,0
RGH STANTON LLC,1,1,0,0,0,0,0,0,1,0
RICHYLE PAYNE,1,1,1,0,0,0,1,1,1,0
RIG AND RAFT RV AND BOAT STORAGE LLC,1,1,0,0,0,0,0,0,0,0
RLK CONSTRUCTION LLC,1,1,1,0,0,0,0,1,0,1
ROBBIE D WOOD INC,1,1,0,0,0,0,0,0,0,0
ROBERT COX,1,0,0,0,0,0,0,0,0,0
ROCK SOLID PROPERTIES LLC,1,0,0,0,0,0,0,0,0,0
ROCKET LODGING,1,1,1,0,0,0,0,1,0,1
RS ALLIANCE GROUP LLC,1,1,0,0,0,0,0,0,0,0
RUSSELL LANDS INVESTMENT PROPERTY LLC,1,0,0,0,0,0,0,0,0,0
RUSTY TAYLOR,1,1,1,0,0,0,0,1,0,1
S AND S LLC BUILDERS,1,0,0,0,0,0,0,0,0,0
SAFE MINI STORAGE AT WINCHESTER LLC,1,1,0,0,0,0,0,0,0,0
SAI ESTATE LLC,1,0,0,0,0,0,0,0,0,0
SALEM MSW LANDFILL,1,0,0,0,0,0,0,0,0,0
SANDEFUR INVESTMENTS LLC,1,1,0,0,0,0,0,0,0,0
SANDRA HOLLINGSWORTH,1,0,0,0,0,0,0,0,0,0
SCC GROUP LLC,1,1,1,0,0,0,0,1,0,1
SCOTT HOWELL KIDD TRUST THE,1,0,0,0,0,0,0,0,0,0
SEA WIRE AND CABLE INC,1,1,1,0,0,0,0,1,0,1
SEAN HALE,1,1,0,0,0,0,0,0,1,0
SHANNON HUMPHREY,1,1,1,1,0,0,1,1,0,1
SHANNON WALTCHACK LLC,1,0,0,0,0,0,0,0,0,0
SHEKINAH INTERNATIONAL WORSHIP CENTER INC,1,0,0,0,0,0,0,0,0,0
SHORT FINAL INC,1,1,0,0,0,0,0,0,1,0
SILVERHILL TOWN OF,1,1,1,0,0,0,0,1,0,1
SITEONE LANDSCAPE SUPPLY LLC,1,0,0,0,0,0,0,0,0,0
SKINNYPOP28 LLC,1,0,0,0,0,0,0,0,0,0
SKIS PROPERTIES LLC,1,1,0,0,0,0,0,0,0,0
SLOCOMB CITY OF,1,0,0,0,0,0,0,0,0,0
SLONE TECHNOLOGIES LLC,1,1,1,0,0,0,0,1,0,1
SOHAM GROUP IV LLC,1,1,1,1,1,0,0,1,0,1
SONS KIA OF MONTGOMERY,1,0,0,0,0,0,0,0,0,0
SOUTH BALDWIN REGIONAL MEDICAL AUXILIARY INC,1,0,0,0,0,0,0,0,0,0
SOUTH CENTRAL ALABAMA MENTAL HEALTH BOARD INC,1,0,0,0,0,0,0,0,0,0
SOUTHERN CLOVER DEVELOPMENT INC,1,0,0,0,0,0,0,0,0,0
SOUTHERN DUSTLESS BLASTING LLC,1,1,1,1,0,0,1,0,0,1
SOUTHERN ROOTS NUT COMPANY LLC,1,0,0,0,0,0,0,0,0,0
SR GROUP CORP,1,0,0,0,0,0,0,0,0,0
SRD HOLDINGS LLC,1,0,0,0,0,0,0,0,0,0
STANDING BOY PROPERTIES LLC,1,1,1,0,1,0,0,0,0,1
STEWARD CONSTRUCTION COMPANY,1,1,0,0,0,0,0,0,1,0
STRUCTCON LLC,1,1,0,0,0,0,0,0,1,0
SUNBELT RENTALS,1,0,0,0,0,0,0,0,0,0
SUNBELT SOLOMON SERVICES LLC,1,0,0,0,0,0,0,0,0,0
SW COMMERCIAL CONTRACTING,1,1,0,0,0,0,0,0,0,0
SW MADISON AL LLC,1,1,0,0,0,0,0,0,1,0
SYLACAUGA CITY OF COMMERCIAL DEVELOPMENT AUTHORITY THE,1,1,1,0,0,0,0,1,0,1
TAX BUSINESS MANAGER INC,1,0,0,0,0,0,0,0,0,0
TAYLOR PIERCE,1,1,1,0,0,0,0,1,0,1
THESE THREE PROPERTIES LLC,1,1,1,1,0,1,1,1,1,0
THISTLE LANE STORAGE LLC,1,0,0,0,0,0,0,0,0,0
THOMAS COLE LATHAM,1,0,0,0,0,0,0,0,0,0
THOMAS PAULK,1,0,0,0,0,0,0,0,0,0
THOMAS WHATLEY,1,1,1,0,0,0,0,1,0,1
THOMASVILLE HALL NEW APARTMENTS LTD,1,0,0,0,0,0,0,0,0,0
TILL PROPERTIES LLC,1,0,0,0,0,0,0,0,0,0
TIM HOWARD,1,1,1,0,0,0,0,1,0,1
TK RENTALS LLC,1,0,0,0,0,0,0,0,0,0
TKC CONSTRUCTION LLC,1,1,1,0,0,0,0,1,1,0
TODD HOLLEY,1,0,0,0,0,0,0,0,0,0
TOMMIE LEE BAUGH III,1,1,1,1,1,0,1,0,1,0
TORQUE GRAND RIVER LLC,1,0,0,0,0,0,0,0,0,0
TOWN AND COUNTRY HOME CONSTRUCTION LLC,1,1,0,0,0,0,0,0,1,0
TRENTON HUGHES,1,1,0,0,0,0,0,0,0,0
TRIAD PROPERTY MANAGEMENT,1,0,0,0,0,0,0,0,0,0
TRISTONE PROPERTIES LLC,1,1,1,1,0,1,1,1,0,1
TRUSSVILLE VANN ROAD LLC,1,1,0,0,0,0,0,0,0,0
TUSKEGEE CITY OF UTILITIES BOARD,1,0,0,0,0,0,0,0,0,0
TVA MUSCLE SHOALS POWER SERVICE CENTER COMPLEX,1,0,0,0,0,0,0,0,0,0
TWO RIVERS LUMBER COMPANY LLC,1,0,0,0,0,0,0,0,0,0
TWOHARBORS PROPERTY PARTNERSHIP LLC,1,0,0,0,0,0,0,0,0,0
TYLER BLACKMON,1,0,0,0,0,0,0,0,0,0
U HAUL CO OF ALABAMA INC,1,0,0,0,0,0,0,0,0,0
U HAUL INTERNATIONAL INC,1,0,0,0,0,0,0,0,0,0
U S SECURITY SYSTEMS INC,1,0,0,0,0,0,0,0,0,0
UAB OFFSITE REPROCESSING CENTER,1,0,0,0,0,0,0,0,0,0
UABRN USA INC,1,1,1,0,0,0,0,1,0,1
UMH AL LAVISTA ESTATES LLC,1,0,0,0,0,0,0,0,0,0
UNIVERSITY BEACH LLC,1,1,1,1,0,0,1,1,1,0
VAH INVESTMENTS LLC,1,1,0,0,0,0,0,0,1,0
VALICOR ENVIRONMENTAL SERVICES LLC,1,1,0,0,0,0,0,0,0,0
VALLEY VILLAGE SQUARE SOUTH LLC,1,0,0,0,0,0,0,0,0,0
VENKAT CHINTAREDDY,1,0,0,0,0,0,0,0,0,0
VEP STONEBRIDGE,1,1,1,0,0,0,1,1,0,1
W H C OF LOUISIANA LLC,1,0,0,0,0,0,0,0,0,0
W J H LLC,1,1,0,0,0,0,0,0,1,0
WALKER FAMILY LLC,1,0,0,0,0,0,0,0,0,0
WASTE AWAY GROUP INC,1,1,1,0,0,0,0,1,0,1
WAYMON D RASCO JR,1,0,0,0,0,0,0,0,0,0
WAYNE GRAVES,1,0,0,0,0,0,0,0,0,0
WENDYS PROPERTIES LLC,1,0,0,0,0,0,0,0,0,0
WESLEY COOK,1,0,0,0,0,0,0,0,0,0
WEST 34TH LLC,1,1,0,0,0,0,0,0,0,0
WEST ALABAMA MECHANICAL INC,1,0,0,0,0,0,0,0,0,0
WEST BLOCTON WATER WORKS,1,0,0,0,0,0,0,0,0,0
WEST HUNTSVILLE LODGING LLC,1,1,1,0,0,0,0,1,0,1
WEST VILLAGE LLC,1,1,1,0,0,0,0,1,1,0
WF PROPERTIES LLC,1,1,1,0,0,0,0,1,0,1
WHARF LANDING LLC THE,1,0,0,0,0,0,0,0,0,0
WHC OF LOUISIANA LLC,1,1,0,0,0,0,0,0,0,0
WHISKY RIDGE PARK INC,1,0,0,0,0,0,0,0,0,0
WHITAKER STATION LLC,1,1,0,0,0,0,0,0,0,0
WHITEWATER PROPERTIES LLC,1,0,0,0,0,0,0,0,0,0
WICKSBURG YOUTH ATHLETIC ASSOCIATION,1,0,0,0,0,0,0,0,0,0
WILLIAM BOUTWELL,1,0,0,0,0,0,0,0,0,0
WILLIAM LANE,1,1,1,0,0,0,0,1,0,1
WILLIAM THOMAS BRITT,1,0,0,0,0,0,0,0,0,0
WOODY ANDERSON FORD,1,1,1,0,0,0,0,1,0,1
WORKOUT ANYTIME FRANCHISING SYSTEMS LLC,1,1,1,0,0,0,0,1,0,1
WT BESSEMER LLC,1,0,0,0,0,0,0,0,0,0
WYNCHASE LLC,1,1,1,0,0,0,0,1,0,1
YELLOW HAMMER LLC,1,1,1,1,0,0,1,0,0,1
ZACH INGRUM,1,1,1,0,0,0,0,1,0,1
ZBAMA LLC,1,0,0,0,0,0,0,0,0,0
158 INVESTMENT GROUP LLC,1,1,0,0,0,0,0,0,0,0
2026 CR764 CLANTON LLC,1,1,1,0,0,0,0,1,0,1
3800 MCFARLAND BOULEVARD LLC,1,0,0,0,0,0,0,0,0,0
4 WAY LAND HOLDINGS LLC,1,1,1,1,0,0,0,1,0,1
4GE LAND HOLDINGS LLC,1,0,0,0,0,0,0,0,0,0
4M INVESTMENT GROUP,1,0,0,0,0,0,0,0,0,0
68V COMMERCIAL PAY DIRT LLC,1,0,0,0,0,0,0,0,0,0
68V SILVER RIDGE 2024 LLC,1,0,0,0,0,0,0,0,0,0
A AND D CONSTRUCTION INC,1,0,0,0,0,0,0,0,0,0
AA TRANSMISSION LLC,1,0,0,0,0,0,0,0,0,0
ABS 1 LLC,1,0,0,0,0,0,0,0,0,0
ACRE DEVELOPMENT LLC,1,1,0,0,0,0,0,0,0,0
AHA LAND CO LLC,1,0,0,0,0,0,0,0,0,0
AIP CONSTRUCTION LLC,1,0,0,0,0,0,0,0,0,0
AIR TIGHT CONSTRUCTION LLC,1,0,0,0,0,0,0,0,0,0
AL RV BAY CODEN LLC,1,0,0,0,0,0,0,0,0,0
ALABAMA FORESTRY COMMISSION,1,0,0,0,0,0,0,0,0,0
ALABAMA INDUSTRIAL DEVELOPMENT BODY LLC,1,1,1,0,0,0,0,1,0,1
ALABAMA PORT AUTHORITY,1,0,0,0,0,0,0,0,0,0
ALABAMA SCHOOL OF HEALTHCARE SCIENCES FOUNDATION,1,0,0,0,0,0,0,0,0,0
ALABAS USA INC,1,0,0,0,0,0,0,0,0,0
ALDI INC ALABAMA,1,1,1,0,0,0,0,1,0,1
ALL DIMENSIONS DEVELOPMENT LLC,1,1,0,0,0,0,0,0,0,0
ALLEN TURNER AUTOMOTIVE HOLDINGS III INC,1,0,0,0,0,0,0,0,0,0
ALLEYWAY PROPERTIES LLC,1,0,0,0,0,0,0,0,0,0
ALLISON LILLA,1,0,0,0,0,0,0,0,0,0
ALPHA WOODWORKS LLC,1,0,0,0,0,0,0,0,0,0
ALPHONSO BRADY,1,1,0,0,0,0,0,0,1,0
ANDREW HUGGINS,1,0,0,0,0,0,0,0,0,0
ANTHONY BROWN CONSTRUCTION CO INC,1,0,0,0,0,0,0,0,0,0
ARRIS INC,1,0,0,0,0,0,0,0,0,0
ASCENT HOLDINGS LLC,1,0,0,0,0,0,0,0,0,0
ASD SPECIALTY HEALTHCARE LLC,1,0,0,0,0,0,0,0,0,0
ATTIC ROOM MINI STORAGE LLC,1,0,0,0,0,0,0,0,0,0
AUTOS PREMIER OF BIRMINGHAM LLC,1,0,0,0,0,0,0,0,0,0
B C REALTY LLC,1,0,0,0,0,0,0,0,0,0
BADGER BUILDING INC,1,1,0,0,0,0,0,0,0,0
BAILEY AUCTION HOUSE LLC,1,0,0,0,0,0,0,0,0,0
BALTIMORE HILL AC LLC,1,1,0,0,0,0,0,0,1,0
BANKPLUS,1,1,0,0,0,0,0,0,0,0
BAYOU LA BATRE CITY OF,1,0,0,0,0,0,0,0,0,0
BEASON ENTERPRISES INC,1,1,0,0,0,0,0,0,0,0
BELLE FOUNTAIN LAND COMPANY LLC,1,0,0,0,0,0,0,0,0,0
BEN STEWART BUILDERS LLC,1,1,1,1,0,0,0,1,1,0
BESSEMER AIRPORT AUTHORITY,1,0,0,0,0,0,0,0,0,0
BEST AUTO AND USED PARTS INC,1,0,0,0,0,0,0,0,0,0
BEST BEVERAGE LLC,1,1,1,0,0,0,1,1,0,1
BIG HEART PET BRANDS INC,1,0,0,0,0,0,0,0,0,0
BIG SKY FARMS LLC,1,0,0,0,0,0,0,0,0,0
BILLIE ANDREWS,1,0,0,0,0,0,0,0,0,0
BIRMINGHAM AUTO ACQUISITIONS INC,1,1,1,0,0,0,0,1,0,1
BIRMINGHAM ELECTRICAL CONTRACTORS INC,1,1,1,0,0,0,0,1,0,1
BLACKSHEEP ENTERPRISES LLC,1,0,0,0,0,0,0,0,0,0
BLU CUT DEV LLC,1,0,0,0,0,0,0,0,0,0
BLUE SKY LLC,1,0,0,0,0,0,0,0,0,0
BLUEWATER EQUESTRIAN AND EVENT CENTER LLC,1,0,0,0,0,0,0,0,0,0
BOBBY DURHAM,1,0,0,0,0,0,0,0,0,0
BOWEN AND GREEN PROPERTIES LLC,1,0,0,0,0,0,0,0,0,0
BRADLEY DAILEY,1,0,0,0,0,0,0,0,0,0
BREAKTHROUGH CHARTER SCHOOL,1,0,0,0,0,0,0,0,0,0
BREG HSV LLC,1,0,0,0,0,0,0,0,0,0
BRENT PINKSTON,1,0,0,0,0,0,0,0,0,0
BURKS BUILDING INC,1,1,0,0,0,0,0,0,0,0
BUTLER COUNTY WATER SUPPLY DISTRICT INC,1,0,0,0,0,0,0,0,0,0
C AND R FARMS LLC,1,1,1,0,0,0,0,1,0,1
CAMELLIA SQUARE LP,1,1,0,0,0,0,0,0,0,0
CAMP HILL TOWN OF,1,0,0,0,0,0,0,0,0,0
CARPENTERS SERVICES INCORPORATED,1,0,0,0,0,0,0,0,0,0
CARVER REAL ESTATE LLC,1,0,0,0,0,0,0,0,0,0
CASSELLA REAL ESTATE LLC,1,0,0,0,0,0,0,0,0,0
CENERGY OIL AND GAS INC,1,0,0,0,0,0,0,0,0,0
CH DAWES LLC,1,0,0,0,0,0,0,0,0,0
CHANDRA PATEL,1,1,1,0,0,0,0,1,0,1
CHANNEL CAT SOLAR LLC,1,0,0,0,0,0,0,0,0,0
CHASE CONSTRUCTION GROUP,1,0,0,0,0,0,0,0,0,0
CHELSEA 280 LLC,1,1,1,1,0,0,1,1,1,0
CHESTER TRAVIS CARTER III,1,0,0,0,0,0,0,0,0,0
CHILDRENS PLACE SERVICES COMPANY THE,1,0,0,0,0,0,0,0,0,0
CHRIS HEAD CONSTRUCTION LLC,1,0,0,0,0,0,0,0,0,0
CHURCH OF THE APOSTLES INC,1,1,1,0,0,0,0,1,0,1
CLANTON CITY OF WATER GAS AND SEWER BOARD,1,1,1,0,0,0,0,1,0,1
CLAY DONALDSON,1,0,0,0,0,0,0,0,0,0
CLINE CONSTRUCTION GROUP LLC,1,1,1,1,0,0,1,0,0,1
CLINICAL UROLOGY ASSOCIATES P C,1,1,1,0,0,0,0,1,0,1
CLUB CHALAKEE CORPORATION,1,0,0,0,0,0,0,0,0,0
CMM INVESTMENT GROUP LLC,1,0,0,0,0,0,0,0,0,0
CONSOLIDATED FENCE COMPANY LLC,1,0,0,0,0,0,0,0,0,0
COOK OUT ALBERTVILLE,1,1,0,0,0,0,0,0,0,0
COOK OUT FOLEY INC,1,1,1,0,0,0,0,1,0,1
COOK OUT MOBILE INC,1,0,0,0,0,0,0,0,0,0
COPIA FACTOREM LLC,1,0,0,0,0,0,0,0,0,0
CORNERSTONE CIVIL CONTRACTORS,1,0,0,0,0,0,0,0,0,0
CORNERSTONE GARDENDALE LLC,1,0,0,0,0,0,0,0,0,0
CORPORATE REALTY DEVELOPMENT LLC,1,1,1,0,0,0,0,1,0,1
COSTCO WHOLESALE CORPORATION,1,0,0,0,0,0,0,0,0,0
COSTORDE LLC,1,0,0,0,0,0,0,0,0,0
COTTAGES AT PRATTVILLE LLC,1,0,0,0,0,0,0,0,0,0
COTY BULLINGTON,1,1,1,0,0,0,0,1,0,1
CP 5 LLC,1,0,0,0,0,0,0,0,0,0
CPT AMERICA LLC,1,1,0,0,0,0,0,0,0,0
CR ENDEAVORS,1,1,1,1,0,0,1,0,0,1
CREEKSIDE CONSTRUCTION LLC,1,0,0,0,0,0,0,0,0,0
CRESTWOOD HEALTHCARE LP,1,0,0,0,0,0,0,0,0,0
CROSBY LAND SERVICE LLC,1,0,0,0,0,0,0,0,0,0
CROSS AND CROWN CONSTRUCTION LLC,1,1,0,0,0,0,0,0,0,0
CROWN LOXLEY E 11 LLC,1,1,1,0,0,0,0,1,0,1
CULLMAN ENVIRONMENTAL WASTE MANAGEMENT CENTER,1,0,0,0,0,0,0,0,0,0
CULVER FRANCHISING SYSTEM LLC,1,1,1,0,0,0,0,1,0,1
CURT CRIDER,1,0,0,0,0,0,0,0,0,0
CYN CLIF SCO DEVELOPMENT CORPORATION,1,1,0,0,0,0,0,0,0,0
D B W BUILDERS LLC,1,0,0,0,0,0,0,0,0,0
D L PORTER CONSTRUCTORS INC,1,0,0,0,0,0,0,0,0,0
DALES LLC,1,1,1,0,0,0,0,1,0,1
DAN KENNEFICK,1,0,0,0,0,0,0,0,0,0
DAPHNE REALTY LLC,1,0,0,0,0,0,0,0,0,0
DARRELL DEAN ALFORD,1,0,0,0,0,0,0,0,0,0
DAUPHIN ISLAND TOWN OF,1,0,0,0,0,0,0,0,0,0
DAUPHIN ISLAND WATER AND SEWER AUTHORITY,1,0,0,0,0,0,0,0,0,0
DAYTON SUPERIOR MANUFACTURING,1,0,0,0,0,0,0,0,0,0
DB CONSTRUCTION LLC,1,1,1,0,0,0,0,1,0,1
DCB MONTGOMERY LLC,1,0,0,0,0,0,0,0,0,0
DCM INVESTMENTS LLC,1,0,0,0,0,0,0,0,0,0
DEC 15 LLC,1,0,0,0,0,0,0,0,0,0
DELUXETON HOMES OF ALABAMA LLC,1,0,0,0,0,0,0,0,0,0
DENNIS HOLLADAY,1,0,0,0,0,0,0,0,0,0
DENNIS MULLINS,1,0,0,0,0,0,0,0,0,0
DEVIN LEMLEY,1,0,0,0,0,0,0,0,0,0
DH HOSPITALITY LLC,1,0,0,0,0,0,0,0,0,0
DOGWOOD PROPERTY DEVELOPMENT LLC,1,0,0,0,0,0,0,0,0,0
DON SPURLIN CONSTRUCTION,1,1,1,1,1,0,1,1,0,1
DORINDA CARGILE,1,1,1,0,0,0,0,1,0,1
DORMINY GROUP INC THE,1,0,0,0,0,0,0,0,0,0
DOSTER PLACE LTD,1,0,0,0,0,0,0,0,0,0
DOTHAN STORAGE PARTNERS LLC,1,0,0,0,0,0,0,0,0,0
DOUGLAS BOYS 2012 LLC,1,0,0,0,0,0,0,0,0,0
DOVER DRIVE LLC,1,0,0,0,0,0,0,0,0,0
DOWNTOWN INVESTMENT PROPERTIES LP,1,0,0,0,0,0,0,0,0,0
DRIFTWOOD CAMPGROUND LLC,1,0,0,0,0,0,0,0,0,0
DRINKARD DEVELOPMENT LLC,1,0,0,0,0,0,0,0,0,0
DUCKETT POINTE LLC,1,1,0,0,0,0,0,0,1,0
DUNCAN AND DEARMAN BUILDING COMPANY LLC,1,0,0,0,0,0,0,0,0,0
EAVES CONSTRUCTION CO INC,1,0,0,0,0,0,0,0,0,0
ECS BOAZ DEVCO LLC,1,1,1,1,0,1,0,1,0,1
EDGES AT BLUE CREEK LP LLC THE,1,0,0,0,0,0,0,0,0,0
ELBERT M CHERRY,1,0,0,0,0,0,0,0,0,0
EMBRIDGE FINE HOMES LLC,1,0,0,0,0,0,0,0,0,0
EMILY YORK,1,0,0,0,0,0,0,0,0,0
ENVISION CONSTRUCTION LLC,1,1,0,0,0,0,0,0,1,0
EQUITY INVEST SERVICES LLC,1,1,0,0,0,0,0,0,0,0
ERIC HEMBERG,1,0,0,0,0,0,0,0,0,0
ESSITY PROFESSIONAL HYGIENE NORTH AMERICA LLC,1,0,0,0,0,0,0,0,0,0
EZ STORAGE LLC,1,0,0,0,0,0,0,0,0,0
FAIRHOPE CHURCH OF CHRIST,1,0,0,0,0,0,0,0,0,0
FAMILY LEGACY RENTAL PROPERTIES LLC,1,0,0,0,0,0,0,0,0,0
FARMED AND DANGEROUS LLC,1,0,0,0,0,0,0,0,0,0
FARMERS TELECOMMUNICATIONS COOPERATIVE LLC,1,0,0,0,0,0,0,0,0,0
FIGURES CONSTRUCTION AND DEVELOPMENT INC,1,1,0,0,0,0,0,0,0,0
FIRST BAPTIST CHURCH OF JACKSONVILLE THE,1,1,0,0,0,0,0,0,0,0
FIRST BAPTIST CHURCH OF WHITE PLAINS,1,0,0,0,0,0,0,0,0,0
FITE CONSTRUCTION COMPANY INC,1,0,0,0,0,0,0,0,0,0
FIVE STAR LIMITED LIABILITY COMPANY,1,0,0,0,0,0,0,0,0,0
FOCUS INVESTMENTS LLC,1,0,0,0,0,0,0,0,0,0
FOLEY PROFESSIONAL PARK LLC,1,1,1,0,0,0,0,1,0,1
FOWL PLAY HOLDINGS LLC,1,0,0,0,0,0,0,0,0,0
FRATCO INC,1,0,0,0,0,0,0,0,0,0
FRED MARSHALL COURT LTD,1,1,0,0,0,0,0,0,0,0
FREDDY TATE,1,1,0,0,0,0,0,0,1,0
FREDERICK SCOTT TEFFNER,1,0,0,0,0,0,0,0,0,0
FREEWAY SELF STORAGE LLC,1,0,0,0,0,0,0,0,0,0
FULCRUM HOMES LLC,1,1,1,0,0,0,0,1,0,1
FULK FAMILY TRUST,1,1,1,1,0,0,0,1,1,0
FYFFE CONSTRUCTION COMPANY INC,1,0,0,0,0,0,0,0,0,0
G C CONSTRUCTION GROUP LLC,1,0,0,0,0,0,0,0,0,0
G3 DEVELOPMENT LLC,1,0,0,0,0,0,0,0,0,0
GARRY ANDREWS,1,0,0,0,0,0,0,0,0,0
GC GROUP HOLDINGS,1,0,0,0,0,0,0,0,0,0
GENPAK LLC,1,0,0,0,0,0,0,0,0,0
GERALD COLLINS,1,0,0,0,0,0,0,0,0,0
GOOD PEOPLE HOLDINGS FORT PAYNE LLC,1,0,0,0,0,0,0,0,0,0
GRAHAM PACKAGING COMPANY LP,1,0,0,0,0,0,0,0,0,0
GRANTS MILL STATION LLC,1,0,0,0,0,0,0,0,0,0
GREATER MOUNT ZION BAPTIST CHURCH,1,0,0,0,0,0,0,0,0,0
GREENHILL WATER AND FPA,1,0,0,0,0,0,0,0,0,0
GREENSTONE LLC,1,0,0,0,0,0,0,0,0,0
GREG VISE,1,1,0,0,0,0,0,0,0,0
GREGG BLACK,1,0,0,0,0,0,0,0,0,0
GROUP OF FIVE LLC,1,0,0,0,0,0,0,0,0,0
GUY INDUSTRIES INC,1,0,0,0,0,0,0,0,0,0
H AND S SERVICES LLC,1,0,0,0,0,0,0,0,0,0
HAMILTON CONSTRUCTION MANAGEMENT LLC,1,0,0,0,0,0,0,0,0,0
HAMPSTEAD LLC,1,0,0,0,0,0,0,0,0,0
HANCEVILLE CITY OF WATER AND SEWER BD,1,0,0,0,0,0,0,0,0,0
HARLAN FAMILY PROPERTIES LLC,1,0,0,0,0,0,0,0,0,0
HARMON ENGINEERING AND CONSTRUCTION CO INC,1,0,0,0,0,0,0,0,0,0
HARMONY HOMES FOR HEALING LLC,1,0,0,0,0,0,0,0,0,0
HARPERSVILLE TOWN OF,1,1,1,1,0,0,1,1,0,1
HARVEST MONROVIA WATER SEWER AND FIRE PROTECTION AUTHORITY,1,0,0,0,0,0,0,0,0,0
HARVEY PROPERTY LLC,1,1,0,0,0,0,0,0,0,0
HEATHER HUFF,1,1,0,0,0,0,0,0,0,0
HEIDI CAWTHORNE,1,0,0,0,0,0,0,0,0,0
HENDRICK AUTOMOTIVE GROUP LLC,1,0,0,0,0,0,0,0,0,0
HERITAGE HALL NEW APARTMENTS LTD,1,0,0,0,0,0,0,0,0,0
HERRING DEVELOPMENT LLC,1,0,0,0,0,0,0,0,0,0
HIGHPOINTE PARTNERS LLC,1,0,0,0,0,0,0,0,0,0
HIGHWAY 80 EAST LLC,1,0,0,0,0,0,0,0,0,0
HILLSBORO LEGACY LLC,1,1,1,0,0,0,0,1,0,1
HISTORIC HOUSE LLC,1,1,1,0,0,0,0,1,0,1
HIVEMIND US LLC,1,0,0,0,0,0,0,0,0,0
HOME DEPOT THE,1,1,1,0,0,0,0,1,0,1
HOMESTEAD DEVELOPMENT LLC,1,0,0,0,0,0,0,0,0,0
HOPE EVERLASTING MINISTRY,1,0,0,0,0,0,0,0,0,0
HOUSING REINVESTMENT CORPORATION OF AMERICA,1,0,0,0,0,0,0,0,0,0
HOWARD WHEELER,1,0,0,0,0,0,0,0,0,0
HSC COLUMBIANA LLC,1,1,1,0,0,0,0,1,0,1
HSC WETUMPKA LLC,1,0,0,0,0,0,0,0,0,0
HSDN LLC,1,0,0,0,0,0,0,0,0,0
HSV LAND 1 LLC,1,0,0,0,0,0,0,0,0,0
HUD ONE PROPERTIES LLC,1,1,0,0,0,0,0,0,1,0
HUGHES COMPANIES INC,1,0,0,0,0,0,0,0,0,0
HUNTER HOME BUILDERS LLC,1,0,0,0,0,0,0,0,0,0
I Q A P INC,1,0,0,0,0,0,0,0,0,0
INGLE DEMOLITION AND SALVAGE,1,0,0,0,0,0,0,0,0,0
INMAN SOLAR LLC,1,0,0,0,0,0,0,0,0,0
IRONWOOD HOMES LLC,1,0,0,0,0,0,0,0,0,0
ISABEL ROSAS,1,0,0,0,0,0,0,0,0,0
ISAIAH KIDD,1,0,0,0,0,0,0,0,0,0
ISRAEL CROCKER,1,1,1,0,0,0,0,1,0,1
IVIN HARDY,1,0,0,0,0,0,0,0,0,0
IVORY BLUFF LLC,1,0,0,0,0,0,0,0,0,0
J A SMITH LLC,1,0,0,0,0,0,0,0,0,0
J F DRAKE STATE TECHNICAL COLLEGE,1,1,1,0,0,0,0,1,0,1
J KEY PROPERTIES LLC,1,1,0,0,0,0,0,0,0,0
J MERRITT PROPERTIES LLC,1,1,0,0,0,0,0,0,1,0
J9 BUILDERS LLC,1,1,0,0,0,0,0,0,0,0
JAMES M WHITE,1,0,0,0,0,0,0,0,0,0
JANET TAYLOR,1,0,0,0,0,0,0,0,0,0
JBW INVESTMENTS LLC,1,0,0,0,0,0,0,0,0,0
JEFF LINDSEY COMMUNITIES,1,0,0,0,0,0,0,0,0,0
JERRY SMITH AND ASSOCIATES INC,1,1,1,0,0,0,0,1,0,1
JH113 PROPERTIES LLC,1,0,0,0,0,0,0,0,0,0
JHH PROPERTIES LLC,1,0,0,0,0,0,0,0,0,0
JIM N NICKS MANAGEMENT LLC,1,0,0,0,0,0,0,0,0,0
JIM TRUCKING INC,1,0,0,0,0,0,0,0,0,0
JJM CONSTRUCTION LLC,1,0,0,0,0,0,0,0,0,0
JL MOBILE 2044 LLC,1,1,0,0,0,0,0,0,0,0
JOHN ORR,1,0,0,0,0,0,0,0,0,0
JOHNSONKREIS CONSTRUCTION COMPANY INC,1,1,1,0,0,0,0,1,0,1
JOSEPH WHITE,1,1,1,0,0,0,0,1,0,1
JOSH TAYLOR,1,0,0,0,0,0,0,0,0,0
JPM DREAM HOMES AND INVESTMENTS LLC,1,0,0,0,0,0,0,0,0,0
JR BUILDERS LLC,1,1,1,1,0,1,0,0,0,1
JS TANT ENTERPRISES LLC,1,0,0,0,0,0,0,0,0,0
JUDE ONWUKA,1,0,0,0,0,0,0,0,0,0
KAREN HILL,1,0,0,0,0,0,0,0,0,0
KAREN WINN,1,0,0,0,0,0,0,0,0,0
KARINA DELAROSA,1,0,0,0,0,0,0,0,0,0
KASHONNA GORDON,1,0,0,0,0,0,0,0,0,0
KEEL HUNTSVILLE LLC,1,0,0,0,0,0,0,0,0,0
KEITH JACKSON,1,1,1,0,0,0,0,1,0,1
KENNETH OWENS,1,0,0,0,0,0,0,0,0,0
KERRY AKINS,1,1,1,0,0,0,0,1,0,1
KERWIN MCCLUNG,1,0,0,0,0,0,0,0,0,0
KETCHAM CONSTRUCTION COMPANY LLC,1,0,0,0,0,0,0,0,0,0
KFMR PARTNERS LLC,1,0,0,0,0,0,0,0,0,0
KINGS WAY LTD,1,0,0,0,0,0,0,0,0,0
KIRBY PROPERTIES LLC,1,0,0,0,0,0,0,0,0,0
KNIGHT INVESTMENT PROPERTIES INC,1,1,0,0,0,0,0,0,0,0
KOLAND LLC,1,0,0,0,0,0,0,0,0,0
L AND E BOAT AND RV STORAGE LLC,1,0,0,0,0,0,0,0,0,0
L AND S PROPERTIES 1 LLC,1,0,0,0,0,0,0,0,0,0
LAMBERT CONTRACTING,1,0,0,0,0,0,0,0,0,0
LAND SOURCE SOLUTIONS LLC,1,0,0,0,0,0,0,0,0,0
LANDSCAPE ASSOCIATES INC,1,0,0,0,0,0,0,0,0,0
LCRE LLC,1,0,0,0,0,0,0,0,0,0
LEE KENNEDY,1,1,1,0,0,0,0,1,0,1
LEGACY HOMES AUBURN LLC,1,1,0,0,0,0,0,0,1,0
LIBERTY PARK LB LLC,1,0,0,0,0,0,0,0,0,0
LIMETDR LLC,1,0,0,0,0,0,0,0,0,0
LIVING STONE GENERAL CONTRACTOR LLC,1,1,1,1,0,0,0,0,0,1
LOT 5 HERITAGE LLC,1,0,0,0,0,0,0,0,0,0
LOT 5A HOLDING LLC,1,0,0,0,0,0,0,0,0,0
LPL SOLAR LLC,1,1,1,0,0,0,0,1,0,1
LUVERNE CITY OF,1,0,0,0,0,0,0,0,0,0
LYEFFION WATER AND FPA INC,1,0,0,0,0,0,0,0,0,0
LYNN AYERS,1,0,0,0,0,0,0,0,0,0
M AND J AUTOMOTIVE LLC,1,1,1,0,0,0,1,1,1,0
M AND M BUILDERS INC,1,1,1,0,0,0,0,1,0,1
MADISON CHURCH OF CHRIST,1,0,0,0,0,0,0,0,0,0
MARION SEAMON,1,0,0,0,0,0,0,0,0,0
MARK AT AUBURN LLC THE,1,0,0,0,0,0,0,0,0,0
MARK KRAMER,1,1,1,0,0,0,0,1,1,0
MARLIN PROPERTY INVESTMENTS LLC,1,0,0,0,0,0,0,0,0,0
MATTHES PARKER LLC,1,1,0,0,0,0,0,0,0,0
MAVERICK CONSTRUCTION LLC,1,0,0,0,0,0,0,0,0,0
MAXUS CONSTRUCTION LLC,1,1,1,0,0,0,1,1,1,0
MC GOFORTH CONSTRUCTION LLC,1,1,1,0,0,0,0,1,0,1
MERTS CONDO LLC,1,0,0,0,0,0,0,0,0,0
MG LAND FUND 3 LLC,1,0,0,0,0,0,0,0,0,0
MICHAEL ALLEN HOMES,1,0,0,0,0,0,0,0,0,0
MICHAEL ALLRED,1,1,1,0,0,0,0,1,0,1
MICHAEL RICH,1,0,0,0,0,0,0,0,0,0
MIDPOND RACEWAY AND EVENTS COMPLEX,1,1,1,1,0,0,1,1,1,0
MILL AND MARINE SUPPLY LLC,1,0,0,0,0,0,0,0,0,0
MILL CREEK CROSSINGS LLC,1,1,1,0,0,0,0,1,1,0
MING COMMERCIAL REAL ESTATE GROUP,1,1,0,0,0,0,0,0,0,0
MOBILE HOUSING BOARD PUBLIC AGENCY,1,0,0,0,0,0,0,0,0,0
MONTEVALLO CITY OF,1,1,1,0,0,0,0,1,0,1
MURDOCK TRANSPORTATION LLC,1,0,0,0,0,0,0,0,0,0
NEEDMORE SOLAR LLC,1,0,0,0,0,0,0,0,0,0
NEWMOR CONSTRUCTION INC,1,0,0,0,0,0,0,0,0,0
NEXT WORLD CONSTRUCTION INC,1,0,0,0,0,0,0,0,0,0
NICHOLS ENVIRONMENTAL CONSULTING LLC,1,0,0,0,0,0,0,0,0,0
NICK HICKS,1,0,0,0,0,0,0,0,0,0
NMP LLC,1,0,0,0,0,0,0,0,0,0
NORTH ALABAMA ELECRIC COOPERATIVE,1,1,1,0,0,0,0,1,0,1
NORTH AMERICAN ISLAMIC TRUST INC THE,1,0,0,0,0,0,0,0,0,0
NORTHEAST ALABAMA WATER SEWER AND FPA,1,1,1,0,0,0,0,1,1,0
NORTHEAST ETOWAH COUNTY WATER COOPERATIVE,1,0,0,0,0,0,0,0,0,0
NORTHSTAR SOCCER MINISTRIES,1,0,0,0,0,0,0,0,0,0
NUMMY BUILDERS LLC,1,0,0,0,0,0,0,0,0,0
NVJV LLC,1,1,1,1,0,0,1,1,1,0
OAK SHORES DEVELOPMENT LLC,1,0,0,0,0,0,0,0,0,0
OAKMONT COMPANY LLC THE,1,0,0,0,0,0,0,0,0,0
OCI ALABAMA LLC,1,0,0,0,0,0,0,0,0,0
OCTOBER INVESTMENTS LLC,1,0,0,0,0,0,0,0,0,0
OLD OVERTON CLUB INC,1,0,0,0,0,0,0,0,0,0
OLEARY PARTNERS LLC,1,1,0,0,0,0,0,0,1,0
OLLIE MAE LLC,1,1,0,0,0,0,0,0,0,0
OMAHA TRACK INC,1,0,0,0,0,0,0,0,0,0
OMSAI JOINT VENTURE LLC,1,0,0,0,0,0,0,0,0,0
ONESUBSEA LLC,1,0,0,0,0,0,0,0,0,0
OPELIKA CUSTARD RE LLC,1,0,0,0,0,0,0,0,0,0
ORIGIN BANK,1,1,0,0,0,0,0,0,0,0
OWENS CORNING ROOFING AND ASPHALT LLC,1,0,0,0,0,0,0,0,0,0
PACE KEYSER LLC,1,1,1,0,0,0,0,1,0,1
PARRISH BUILDING COMPANY LLC,1,0,0,0,0,0,0,0,0,0
PAULA HARE MCANDERSON,1,1,1,0,0,0,0,1,0,1
PERDUE PROPERTIES LLC,1,0,0,0,0,0,0,0,0,0
PERRY COUNTY ASSOCIATES LLC,1,0,0,0,0,0,0,0,0,0
PLANTERS POINTE PARTNERS LLC,1,1,1,0,0,0,0,1,0,1
PLASTIC RECOVERY TECHNOLOGY CORP,1,0,0,0,0,0,0,0,0,0
POBOY911 LLC,1,1,0,0,0,0,0,0,0,0
POINT CLEAR CLUB LAND LLC,1,1,1,0,0,0,0,1,0,1
POS VIRTUAL WORLDS LLC,1,0,0,0,0,0,0,0,0,0
PREMIER REAL ESTATE OF TROY,1,0,0,0,0,0,0,0,0,0
PRISHA PROPERTY LLC,1,1,0,0,0,0,0,0,0,0
PROFESSIONAL RESOURCE DEVELOPMENT INC,1,0,0,0,0,0,0,0,0,0
PROVIDENT REALTY ADVISORS INC,1,0,0,0,0,0,0,0,0,0
PURSUIT DEVELOPMENT LLC,1,1,0,0,0,0,0,0,0,0
PUT IT AWAY STORAGE LLC,1,0,0,0,0,0,0,0,0,0
R AND S LEASING LLC,1,1,0,0,0,0,0,0,0,0
RACHEL NARLOCK,1,0,0,0,0,0,0,0,0,0
RAFFERTY CONSTRUCTION INC GENERAL CORPORATION,1,0,0,0,0,0,0,0,0,0
RAGLAND DEVELOPMENT LLC,1,0,0,0,0,0,0,0,0,0
RALIN CONSTRUCTION,1,0,0,0,0,0,0,0,0,0
RAM OPELIKA HOSPITALITY LLC,1,0,0,0,0,0,0,0,0,0
RAM SPANISH FORT HOSPITALITY LLC,1,1,1,0,0,0,0,1,0,1
RANDALL ALLEN,1,1,0,0,0,0,0,0,0,0
RANDY HINKLE,1,1,1,0,0,0,0,1,0,1
RARE DEVELOPMENT LLC,1,0,0,0,0,0,0,0,0,0
RAUSCH COLEMAN HOMES BIRMINGHAM,1,0,0,0,0,0,0,0,0,0
RBC VEGETATION MANAGEMENT LLC,1,0,0,0,0,0,0,0,0,0
RC JEFF HAMILTON 1 LLC,1,0,0,0,0,0,0,0,1,0
REDEEMING GRACE MINISTRIES NPO,1,0,0,0,0,0,0,0,0,0
REID CONSTRUCTION OF FLORENCE LLC,1,1,1,1,0,0,0,1,1,0
RICKY PICKETT,1,0,0,0,0,0,0,0,0,0
RIGHT BEHIND YOU TRAILERS LLC,1,0,0,0,0,0,0,0,0,0
RJ DEVELOPMENT LLC,1,1,1,0,0,0,0,1,0,1
RL INVESTMENT PROPERTIES LLC,1,0,0,0,0,0,0,0,0,0
ROBBIE KIBBE,1,0,0,0,0,0,0,0,0,0
ROBERT M HARDWICH III,1,0,0,0,0,0,0,0,0,0
ROCKLYN HOMES,1,0,0,0,0,0,0,0,0,0
RONNIE TRAMMELL,1,0,0,0,0,0,0,0,0,0
ROWAN LLC,1,1,1,0,0,0,0,1,0,1
ROZIER CONSTRUCTION,1,1,0,0,0,0,0,0,0,0
RUSKEN PACKAGING INC,1,0,0,0,0,0,0,0,0,0
RYAN FREEMAN INC,1,0,0,0,0,0,0,0,0,0
S AND J PRODUCE FARMS LLC,1,0,0,0,0,0,0,0,0,0
S AND L PROPERTIES CULLMAN LLC,1,0,0,0,0,0,0,0,0,0
S AND L PROPERTIES HUNTSVILLE HWY 231 LLC,1,0,0,0,0,0,0,0,0,0
SABCO INVESTMENTS LLC,1,0,0,0,0,0,0,0,0,0
SAMFORD GROUP LLC,1,0,0,0,0,0,0,0,0,0
SANDEFUR ENTERPRISES LLC,1,1,0,0,0,0,0,0,1,0
SANDERS LEAD COMPANY INC,1,0,0,0,0,0,0,0,0,0
SANDIP PATEL,1,1,1,0,0,0,0,1,1,0
SANDY CREEK BOAT STORAGE,1,0,0,0,0,0,0,0,0,0
SBR TUSCALOOSA LLC,1,0,0,0,0,0,0,0,0,0
SCANNELL PROPERTIES 727 LLC,1,0,0,0,0,0,0,0,0,0
SCOTCH PLYWOOD CO INC,1,0,0,0,0,0,0,0,0,0
SCP MOORESVILLE STATION LLC,1,1,1,0,0,0,0,1,0,1
SEALY CONSTRUCTION COMPANY LLC,1,0,0,0,0,0,0,0,0,0
SEAY CONSTRUCTION INC,1,0,0,0,0,0,0,0,0,0
SECTION TOWN OF WATER WORKS BOARD,1,0,0,0,0,0,0,0,0,0
SHANE PENE,1,0,0,0,0,0,0,0,0,0
SHOAL CREEK COUNTRY CLUB,1,1,1,1,1,0,1,1,1,0
SHOALS CHRISTIAN SCHOOL,1,1,1,0,0,0,1,0,1,0
SHOALS EXTERIORS,1,1,1,0,0,0,0,1,0,1
SHOALS GRADING AND EXCAVATION LLC,1,0,0,0,0,0,0,0,0,0
SHOEMAKER ANDERSON PROPERTIES LLC,1,0,0,0,0,0,0,0,0,0
SHOTTENKIRK HONDA DECATUR,1,1,0,0,0,0,0,0,0,0
SILO HOLDINGS LLC,1,1,0,0,0,0,0,0,1,0
SIMPLE LEASE LLC,1,0,0,0,0,0,0,0,0,0
SIMS BARK CO INC,1,0,0,0,0,0,0,0,0,0
SIX OAK FARMS LLC DBA CELADON EVENT VENUE,1,1,1,0,0,0,0,1,0,1
SKINNYPOP 28 LLC,1,1,0,0,0,0,0,0,1,0
SKY CONTRACTORS INC,1,0,0,0,0,0,0,0,0,0
SKYBOUND DEVELOPMENT LLC,1,0,0,0,0,0,0,0,0,0
SKYLINE PROPERTY COMPANY LLC,1,0,0,0,0,0,0,0,0,0
SLOCOMB TOWN OF WATER WORKS AND SEWER BD,1,0,0,0,0,0,0,0,0,0
SMD STEEL LLC,1,0,0,0,0,0,0,0,0,0
SMITH DAY PROPERTIES LLC,1,0,0,0,0,0,0,0,0,0
SMITHERMAN BROTHERS CONSTRUCTION COMPANY INC,1,0,0,0,0,0,0,0,0,0
SNOOK CHRISTIAN ACADEMY,1,1,1,0,0,0,1,1,1,0
SOUTH ALABAMA PLUMBING AND ELECTRIC LLC,1,0,0,0,0,0,0,0,0,0
SOUTHEAST ALABAMA GAS DISTRICT THE,1,0,0,0,0,0,0,0,0,0
SOUTHEAST ALABAMA MEDICAL CENTER,1,0,0,0,0,0,0,0,0,0
SOUTHEAST ALABAMA RURAL HEALTH ASSOCIATES,1,0,0,0,0,0,0,0,0,0
SOUTHEAST GENERAL CONSTRUCTION INC,1,1,1,0,0,0,0,1,0,1
SOUTHERN EXCAVATING COMPANY LLC,1,1,0,0,0,0,0,0,0,0
SOUTHERN GROUND HOLDINGS AND DEVELOPMENT LLC,1,0,0,0,0,0,0,0,0,0
SOUTHERN PRECISION CONTRACTING LLC,1,0,0,0,0,0,0,0,0,0
SOUTHERN SHORES HOMES LLC,1,0,0,0,0,0,0,0,0,0
SOUTHERN TOOL INC,1,0,0,0,0,0,0,0,0,0
SOUTHLAND RESOURCES INC,1,0,0,0,0,0,0,0,0,0
STAGGS PROPERTIES,1,0,0,0,0,0,0,0,0,0
STANDARD BLUE SPRING VENTURE LP,1,0,0,0,0,0,0,0,0,0
STANLEY GRAHAM CONSTRUCTION LLC,1,0,0,0,0,0,0,0,0,0
STEPAN PROPERTY AND DEVELOPMENT LLC,1,1,1,0,0,0,0,1,0,1
STEVEN SKAGGS,1,0,0,0,0,0,0,0,0,0
STIVERS FORD LINCOLN,1,0,0,0,0,0,0,0,0,0
STOA GROUP,1,0,0,0,0,0,0,0,0,0
STONE BUILDING COMPANY LLC,1,0,0,0,0,0,0,0,0,0
STONY JONES,1,0,0,0,0,0,0,0,0,0
STV INC,1,0,0,0,0,0,0,0,0,0
SUN COAST HOLDINGS LLC,1,1,1,0,0,0,0,1,0,1
SUNSHINE HOMES INC,1,0,0,0,0,0,0,0,0,0
SWEET HOMES LLC,1,0,0,0,0,0,0,0,0,0
T L WALLACE CONSTRUCTION CO INC,1,0,0,0,0,0,0,0,0,0
T R PEED PROPERTIES LLC,1,1,1,0,0,1,0,0,1,0
TAD 526 LLC,1,1,1,1,0,0,0,1,0,1
TALL PINES CONSTRUCTION,1,0,0,0,0,0,0,0,0,0
TALLAPOOSA RIVER CONSTRUCTION,1,1,0,0,0,0,0,0,0,0
TCG STORAGE LLC,1,0,0,0,0,0,0,0,0,0
TCG TRIPLE H RANCH LLC,1,0,0,0,0,0,0,0,0,0
TEAM 8 PROPERTIES LLC,1,0,0,0,0,0,0,0,0,0
TELLUS LILLIAN LLC,1,0,0,0,0,0,0,0,0,0
TENSAW ENGINEERING LLC,1,1,1,0,0,0,0,1,0,1
TERRY WOODS,1,0,0,0,0,0,0,0,0,0
THALLE CONSTRUCTION CO INC,1,0,0,0,0,0,0,0,0,0
THEODORE INDUSTRIAL PORT LLC,1,0,0,0,0,0,0,0,0,0
THOMAS CARROLL LLC,1,1,0,0,0,0,0,0,0,0
THOMAS HARTLEY,1,0,0,0,0,0,0,0,0,0
THOMAS HAYLEY,1,0,0,0,0,0,0,0,0,0
THOMPSON THRIFT DEVELOPMENT INC,1,1,1,0,0,0,0,1,0,1
THREET BUILDERS AND EXCAVATING LLC,1,1,1,0,0,0,0,1,0,1
THREET BUILDERS EXCAVATION AND CONSTRUCTION LLC,1,1,1,0,0,0,0,1,0,1
TIM KILLIAN CONSTRUCTION,1,0,0,0,0,0,0,0,0,0
TIM THOMASON CONSTRUCTION AND LANSCAPING INC,1,0,0,0,0,0,0,0,0,0
TRUSTMARK CONSTRUCTION,1,1,1,0,0,0,0,1,1,0
TWILLEY LAND AND SPEC,1,0,0,0,0,0,0,0,0,0
TYLER ALLEN,1,1,0,0,0,0,0,0,1,0
TYLER PITTS,1,0,0,0,0,0,0,0,0,0
TYLER UNION OXFORD,1,0,0,0,0,0,0,0,0,0
UNCONQUERED HOMES LLC,1,0,0,0,0,0,0,0,0,0
UNION HILL BAPTIST CHURCH INC,1,0,0,0,0,0,0,0,0,0
UNITED HEATING AND AIR CONDITIONING INC,1,0,0,0,0,0,0,0,0,0
US ARMY RESERVE,1,0,0,0,0,0,0,0,0,0
US STEEL,1,0,0,0,0,0,0,0,0,0
US STEEL CORPORATION,1,0,0,0,0,0,0,0,0,0
UTILITY SAFETY AND DESIGN INC,1,0,0,0,0,0,0,0,0,0
VALICOR ENVIRONMENTAL,1,0,0,0,0,0,0,0,0,0
VALLEY PRESBYTERIAN CHURCH,1,1,1,1,0,0,0,1,0,1
VALVOLINE INSTANT OIL CHANGE LLC,1,0,0,0,0,0,0,0,0,0
VERANDA AT GRAYMONT SCHOOL MM LLC,1,0,0,0,0,0,0,0,0,0
VERICON CONSTRUCTION COMPANY LLC,1,0,0,0,0,0,0,0,0,0
VERONICA MIRELES,1,1,0,0,0,0,0,0,1,0
VEXXIL ENERGY PARTNERS LLC,1,0,0,0,0,0,0,0,0,0
VILLAGE AT DOYLE POINTE LTD,1,0,0,0,0,0,0,0,0,0
VILLAGE CREEK DEVELOPMENT,1,0,0,0,0,0,0,0,0,0
VIOLA OWNER LP,1,0,0,0,0,0,0,0,0,0
VIRGINIA DUPUIS,1,0,0,0,0,0,0,0,0,0
VOAK CONSTRUCTION LLC,1,0,0,0,0,0,0,0,0,0
VOLEGO PROPERTIES GROUP LLC,1,0,0,0,0,0,0,0,0,0
VRNG STAR RIDGE LLC,1,0,0,0,0,0,0,0,0,0
VULCAN REALTY GROUP LLC,1,1,1,1,0,0,1,1,1,0
WALKER COUNTY DEVELOPMENT AUTHORITY,1,1,0,0,0,0,0,0,1,0
WALL STREET WATER AUTHORITY,1,0,0,0,0,0,0,0,0,0
WARNER PATTERSON,1,0,0,0,0,0,0,0,0,0
WDG REAL ESTATE PARTNERS LLC,1,1,1,0,0,0,0,1,0,1
WEATHERS CONSTRUCTION INC,1,0,0,0,0,0,0,0,0,0
WEBB CONSTRUCTION GROUP INC,1,0,0,0,0,0,0,0,0,0
WEOB LLC,1,0,0,0,0,0,0,0,0,0
WES GRAMMER,1,0,0,0,0,0,0,0,0,0
WESTERN GROUP LLC THE,1,1,1,0,0,0,1,0,0,1
WHITE OAK DEVELOPMENT LLC,1,1,0,0,0,0,0,0,0,0
WHITE OAK LANDING FOUR LP,1,0,0,0,0,0,0,0,0,0
WILLIAM BLAKENEY BUILDING COMPANY INC,1,0,0,0,0,0,0,0,0,0
WILSON DEVELOPMENT GROUP LLC,1,0,0,0,0,0,0,0,0,0
WILSON LUMBER COMPANY,1,0,0,0,0,0,0,0,0,0
WINDCREEK LAND CO LLC,1,1,1,0,0,0,0,1,1,0
WIREGRASS BARGAINS,1,0,0,0,0,0,0,0,0,0
WJH FLLC CENTURY COMMUNITIES,1,0,0,0,0,0,0,0,0,0
WMG ACQUISITIONS LLC,1,1,1,0,0,0,0,1,0,1
WOODSTOCK TOWN OF,1,0,0,0,0,0,0,0,0,0
WORK STORE LLC,1,1,1,0,0,0,0,1,0,1
WRD 2025 LLC,1,0,0,0,0,0,0,0,0,0
WWW REAL PROPERTIES LLC,1,1,1,0,0,0,0,1,0,1
WYATT GENERAL CONTRACTORS LLC,1,1,0,0,0,0,0,0,0,0
XPRESS SELF STORAGE LLC,1,1,1,1,0,0,1,1,1,0
YAMAHA MOTOR CORP USA,1,0,0,0,0,0,0,0,0,0
YELLOWHAMMER LLC,1,0,0,0,0,0,0,0,0,0
A AND M CONTRACTING SERVICES LLC,1,0,0,0,0,0,0,0,0,0
ALABAMA BRIDGE BUILDERS LLC DBA CHAMP CONCRETE,1,0,0,0,0,0,0,0,0,0
ALBERTA CITY LAND LLC,1,0,0,0,0,0,0,0,0,0
ALPHA BUILDING GROUP LLC,1,0,0,0,0,0,0,0,0,0
AMERICAN BUTCHERY LLC,1,0,0,0,0,0,0,0,0,0
ANDALUSIA CITY SCHOOLS,1,0,0,0,0,0,0,0,0,0
ARCO MURRAY ASSOCIATES LLC,1,0,0,0,0,0,0,0,0,0
ARSENIO TRONE,1,0,0,0,0,0,0,0,0,0
BENNETT GROUP LLC THE,1,0,0,0,0,0,0,0,0,0
BPD LLC,1,1,1,0,0,0,0,1,0,1
BRADFORD DEVELOPMENT PARTNERS LLC,1,0,0,0,0,0,0,0,0,0
BRYAN FRAZIER,1,0,0,0,0,0,0,0,0,0
CANYON FALLS RV PARK LLC,1,0,0,0,0,0,0,0,0,0
CAPSHAW CHURCH OF CHRIST,1,0,0,0,0,0,0,0,0,0
CASA AZUL FAIRHOPE LLC,1,0,0,0,0,0,0,0,0,0
CASA DE ADORACION MINISTERIOS,1,0,0,0,0,0,0,0,0,0
CHALLENGER DEFENSE SOLUTIONS LLC,1,0,0,0,0,0,0,0,0,0
CHURCH OF JESUS CHRIST OF LATTER DAY SAINTS THE,1,0,0,0,0,0,0,0,0,0
CLINT STULTS,1,0,0,0,0,0,0,0,0,0
COALBURG ROAD BIRMINGHAM LLC,1,0,0,0,0,0,0,0,0,0
COBB DEVELOPMENT COMPANY LLC,1,0,0,0,0,0,0,0,0,0
COG DEVELOPMENT LLC,1,0,0,0,0,0,0,0,0,0
CORPORATE CONTRACTORS INC,1,0,0,0,0,0,0,0,0,0
COTTAGES ON WIRE ROAD LLC,1,0,0,0,0,0,0,0,0,0
CRAFT FARM AIP LLC,1,0,0,0,0,0,0,0,0,0
CREEK PROPERTY LLC,1,1,0,0,0,0,0,0,0,0
CREOLA CITY OF,1,0,0,0,0,0,0,0,0,0
CVP MEMORIAL DB LLC,1,0,0,0,0,0,0,0,0,0
DANNY PUTMAN,1,0,0,0,0,0,0,0,0,0
DILLASHAW GROUP LLC,1,0,0,0,0,0,0,0,0,0
DONNA SALTER,1,0,0,0,0,0,0,0,0,0
DONNA TYNER,1,0,0,0,0,0,0,0,0,0
EAGLE COVE MARINA INC,1,0,0,0,0,0,0,0,0,0
ELIESER PARDO HERRERA,1,0,0,0,0,0,0,0,0,0
ENCORE TUSCALOOSA LLC,1,0,0,0,0,0,0,0,0,0
EXIT 205 RV PARK LLC,1,1,1,0,0,0,1,1,1,0
FABARC STEEL SUPPLY INC,1,0,0,0,0,0,0,0,0,0
FAIRVIEW DEVELOPERS LLC,1,1,0,0,0,0,0,0,0,0
FERGUSON ENTERPRISES,1,0,0,0,0,0,0,0,0,0
FLEX OPELIKA LLC,1,0,0,0,0,0,0,0,0,0
FLYING COLORS GROUP LP,1,0,0,0,0,0,0,0,0,0
FORSYTH BUILDING COMPANY,1,0,0,0,0,0,0,0,0,0
FREEMAN FOREST PRODUCTS,1,1,1,1,0,1,1,1,0,1
GAME DAY ATHLETIC SERVICES INC,1,0,0,0,0,0,0,0,0,0
GEP FOX RUN LLC,1,0,0,0,0,0,0,0,0,0
HABITAT FOR HUMANITY OF MORGAN COUNTY,1,1,1,0,0,0,0,1,0,1
HENNESSEE CONSTRUCTION LLC,1,0,0,0,0,0,0,0,0,0
HOLLON AND TAYLOR PROPERTIES LLC,1,0,0,0,0,0,0,0,0,0
HUNTER JONES,1,0,0,0,0,0,0,0,0,0
HYUNDAI SUNGWOO AUTO USA CORP,1,0,0,0,0,0,0,0,0,0
ICAP DEVELOPMENT,1,0,0,0,0,0,0,0,0,0
INMAN SOLAR,1,0,0,0,0,0,0,0,0,0
INZI CONTROLS ALABAMA INC,1,0,0,0,0,0,0,0,0,0
J T HARRISON CONSTRUCTION CO LLC,1,0,0,0,0,0,0,0,0,0
JACK INGRAM MOTORS INC,1,0,0,0,0,0,0,0,0,0
JEFFERY BLANKENSHIP,1,0,0,0,0,0,0,0,0,0
JGRH CONTRACTING LLC,1,0,0,0,0,0,0,0,0,0
JL FAIRHOPE 2166 LLC,1,0,0,0,0,0,0,0,0,0
JO ANN STORES INC DISTRIBUTION,1,0,0,0,0,0,0,0,0,0
JOHN WALLEY,1,1,0,0,0,0,0,0,0,0
JONES GLOBAL SOLUTIONS LLC,1,0,0,0,0,0,0,0,0,0
JOSHUA HERRING,1,1,0,0,0,0,0,0,0,0
JOSHUA WALLACE LLC THE,1,0,0,0,0,0,0,0,0,0
K AND M LEGACY INVESTMENTS LLC,1,0,0,0,0,0,0,0,0,0
KATRINA SCHONEMANN,1,0,0,0,0,0,0,0,0,0
KEITH SUMNER HOMES OF AL,1,0,0,0,0,0,0,0,0,0
KEN LINDSEY CONSTRUCTION CO INC,1,1,1,0,0,0,0,1,0,1
KEYSTONE VILLAGE LLC,1,0,0,0,0,0,0,0,0,0
LATHAN DEVELOPMENT LLC,1,0,0,0,0,0,0,0,0,0
LEALAND CONSTRUCTORS LLC,1,0,0,0,0,0,0,0,0,0
MCCULLOUGH SNAPPY SERVICE OIL COMPANY INC,1,0,0,0,0,0,0,0,0,0
MCDONALDS CORPORATION,1,0,0,0,0,0,0,0,0,0
MELENTE VERONICA,1,0,0,0,0,0,0,0,0,0
MENK INVESTEMNTS LLC,1,0,0,0,0,0,0,0,0,0
MICROFLEX PARTNERS LP,1,1,1,0,0,0,0,1,0,1
MONTGOMERY COUNTRY CLUB AND BEAUVIOR CLUB THE,1,0,0,0,0,0,0,0,0,0
MONTGOMERY HOTEL HOLDINGS LLC,1,0,0,0,0,0,0,0,0,0
MORRIS SHEA BRIDGE COMPANY INC,1,0,0,0,0,0,0,0,0,0
MXR DEVELOPMENT LLC,1,0,0,0,0,0,0,0,0,0
OPELIKA MILL DEVELOPMENT LLC,1,0,0,0,0,0,0,0,0,0
POWER AND RUBBER SUPPLY INC,1,0,0,0,0,0,0,0,0,0
PRESCO PETROLEUM INC,1,1,0,0,0,0,0,0,0,0
PRISMFLEX,1,0,0,0,0,0,0,0,0,0
PRODUCTS SE PIPE LINE CORPORATION PPL,1,0,0,0,0,0,0,0,0,0
RIVER BANK AND TRUST,1,0,0,0,0,0,0,0,0,0
ROB LITTLETON CONSTRUCTION COMPANY LLC,1,1,1,0,0,0,0,1,0,1
ROBERT HACKBARTH,1,0,0,0,0,0,0,0,0,0
ROCK HARDSCAPES LLC,1,0,0,0,0,0,0,0,0,0
ROWE PROPERTIES LLC,1,0,0,0,0,0,0,0,0,0
RUNNING C LLC,1,0,0,0,0,0,0,0,0,0
S H MARINA HOLDINGS LLC,1,0,0,0,0,0,0,0,0,0
SAINT DEVELOPMENT LLC,1,0,0,0,0,0,0,0,0,0
SANDERS CARTER DEVELOPMENT LLC,1,1,1,1,1,0,1,0,0,1
SANDHILL DEVELOPMENT CO LLC,1,0,0,0,0,0,0,0,0,0
SHORES AT SMITH LAKE LLC THE,1,0,0,0,0,0,0,0,0,0
SIGNATURE HOLDINGS CRE LLC,1,0,0,0,0,0,0,0,0,0
SITE MASTERS CONSTRUCTION INC,1,0,0,0,0,0,0,0,0,0
SLAY ENTERPRISES INC,1,0,0,0,0,0,0,0,0,0
SPANISH FORT ALABAMA LLC,1,0,0,0,0,0,0,0,0,0
STERLING AUBURN COTTAGES LLC,1,0,0,0,0,0,0,0,0,0
STEVE YARNELL,1,0,0,0,0,0,0,0,0,0
SUNSET DEVELOPMENT LLC,1,0,0,0,0,0,0,0,0,0
SYKES WEAVER LLC,1,0,0,0,0,0,0,0,0,0
THOMPSON GRADING AND CLEARING INC,1,0,0,0,0,0,0,0,0,0
TRACY SCULLY,1,0,0,0,0,0,0,0,0,0
TRAPP ENTERPRISES II LLC,1,0,0,0,0,0,0,0,0,0
TRIBBLE SPRING LLC,1,0,0,0,0,0,0,0,0,0
TROTMAN DAPHNE LLC,1,0,0,0,0,0,0,0,0,0
TVC CLOVERLEAF CO LLC,1,0,0,0,0,0,0,0,0,0
TWIN PINES DEVELOPMENT LLC,1,0,0,0,0,0,0,0,0,0
VARDAMAN CONSTRUCTION LLC,1,0,0,0,0,0,0,0,0,0
VELOCITY VENTURE LLC,1,0,0,0,0,0,0,0,0,0
VERGES ROME ARCHITECTS A PROFESSIONAL ARCHITECTURAL CORPORATION,1,0,0,0,0,0,0,0,0,0
VILLA NEW PARK LLC,1,0,0,0,0,0,0,0,0,0
VISION OF LOXLEY LLC,1,0,0,0,0,0,0,0,0,0
WATSON AND DOWNS INVESTMENTS II LLC,1,0,0,0,0,0,0,0,0,0
WESTLAKE PROPERTIES LLC,1,0,0,0,0,0,0,0,0,0
WILLIAMS RYAN LLC,1,0,0,0,0,0,0,0,0,0
WOODY HARMON,1,0,0,0,0,0,0,0,0,0
WWW REAL PROPERTIES,1,0,0,0,0,0,0,0,0,0
